hex_id,h3_index,source_county
1,894898c800bffff,Travis
2,894898c800fffff,Travis
3,894898c8013ffff,Travis
4,894898c801bffff,Travis
5,894898c804bffff,Travis
6,894898c804fffff,Travis
7,894898c8063ffff,Travis
8,894898c806bffff,Travis
9,894898c806fffff,Travis
10,894898c8073ffff,Travis
11,894898c8077ffff,Travis
12,894898c807bffff,Travis
13,894898c80c7ffff,Travis
14,894898c80d3ffff,Travis
15,894898c80d7ffff,Travis
16,894898c8203ffff,Travis
17,894898c820fffff,Travis
18,894898c8217ffff,Travis
19,894898c8233ffff,Travis
20,894898c8237ffff,Travis
21,894898c8247ffff,Travis
22,894898c824fffff,Travis
23,894898c8263ffff,Travis
24,894898c8277ffff,Travis
25,894898c827bffff,Travis
26,894898c82a3ffff,Travis
27,894898c82a7ffff,Travis
28,894898c82abffff,Travis
29,894898c82b3ffff,Travis
30,894898c82b7ffff,Travis
31,894898c82bbffff,Travis
32,894898c834bffff,Travis
33,894898c834fffff,Travis
34,894898c83d3ffff,Travis
35,894898c83dbffff,Travis
36,894898c8403ffff,Travis
37,894898c840bffff,Travis
38,894898c8413ffff,Travis
39,894898c841bffff,Travis
40,894898c8447ffff,Travis
41,894898c8457ffff,Travis
42,894898c8463ffff,Travis
43,894898c846bffff,Travis
44,894898c846fffff,Travis
45,894898c847bffff,Travis
46,894898c8483ffff,Travis
47,894898c848bffff,Travis
48,894898c8493ffff,Travis
49,894898c849bffff,Travis
50,894898c84c7ffff,Travis
51,894898c865bffff,Travis
52,894898c9003ffff,Travis
53,894898c9007ffff,Travis
54,894898c900bffff,Travis
55,894898c900fffff,Travis
56,894898c9013ffff,Travis
57,894898c9017ffff,Travis
58,894898c901bffff,Travis
59,894898c9023ffff,Travis
60,894898c9027ffff,Travis
61,894898c902bffff,Travis
62,894898c902fffff,Travis
63,894898c9033ffff,Travis
64,894898c9037ffff,Travis
65,894898c903bffff,Travis
66,894898c9043ffff,Travis
67,894898c9047ffff,Travis
68,894898c904bffff,Travis
69,894898c904fffff,Travis
70,894898c9053ffff,Travis
71,894898c9057ffff,Travis
72,894898c905bffff,Travis
73,894898c9063ffff,Travis
74,894898c9067ffff,Travis
75,894898c906bffff,Travis
76,894898c906fffff,Travis
77,894898c9073ffff,Travis
78,894898c9077ffff,Travis
79,894898c907bffff,Travis
80,894898c9083ffff,Travis
81,894898c9087ffff,Travis
82,894898c908bffff,Travis
83,894898c908fffff,Travis
84,894898c9093ffff,Travis
85,894898c9097ffff,Travis
86,894898c909bffff,Travis
87,894898c90a3ffff,Travis
88,894898c90a7ffff,Travis
89,894898c90abffff,Travis
90,894898c90afffff,Travis
91,894898c90b3ffff,Travis
92,894898c90b7ffff,Travis
93,894898c90bbffff,Travis
94,894898c90c3ffff,Travis
95,894898c90c7ffff,Travis
96,894898c90cbffff,Travis
97,894898c90cfffff,Travis
98,894898c90d3ffff,Travis
99,894898c90d7ffff,Travis
100,894898c90dbffff,Travis
101,894898c911bffff,Travis
102,894898c9143ffff,Travis
103,894898c914bffff,Travis
104,894898c914fffff,Travis
105,894898c9153ffff,Travis
106,894898c9157ffff,Travis
107,894898c915bffff,Travis
108,894898c91b3ffff,Travis
109,894898c91c3ffff,Travis
110,894898c91c7ffff,Travis
111,894898c91cbffff,Travis
112,894898c91cfffff,Travis
113,894898c91d3ffff,Travis
114,894898c91d7ffff,Travis
115,894898c91dbffff,Travis
116,894898c9203ffff,Travis
117,894898c9207ffff,Travis
118,894898c920bffff,Travis
119,894898c920fffff,Travis
120,894898c9213ffff,Travis
121,894898c9217ffff,Travis
122,894898c921bffff,Travis
123,894898c9223ffff,Travis
124,894898c9227ffff,Travis
125,894898c922bffff,Travis
126,894898c922fffff,Travis
127,894898c9233ffff,Travis
128,894898c9237ffff,Travis
129,894898c923bffff,Travis
130,894898c9243ffff,Travis
131,894898c9247ffff,Travis
132,894898c924bffff,Travis
133,894898c924fffff,Travis
134,894898c9253ffff,Travis
135,894898c9257ffff,Travis
136,894898c925bffff,Travis
137,894898c9263ffff,Travis
138,894898c9267ffff,Travis
139,894898c926bffff,Travis
140,894898c926fffff,Travis
141,894898c9273ffff,Travis
142,894898c9277ffff,Travis
143,894898c927bffff,Travis
144,894898c9283ffff,Travis
145,894898c9287ffff,Travis
146,894898c928bffff,Travis
147,894898c928fffff,Travis
148,894898c9293ffff,Travis
149,894898c9297ffff,Travis
150,894898c929bffff,Travis
151,894898c92a3ffff,Travis
152,894898c92a7ffff,Travis
153,894898c92abffff,Travis
154,894898c92afffff,Travis
155,894898c92b3ffff,Travis
156,894898c92b7ffff,Travis
157,894898c92bbffff,Travis
158,894898c92c3ffff,Travis
159,894898c92c7ffff,Travis
160,894898c92cbffff,Travis
161,894898c92cfffff,Travis
162,894898c92d3ffff,Travis
163,894898c92d7ffff,Travis
164,894898c92dbffff,Travis
165,894898c9303ffff,Travis
166,894898c9307ffff,Travis
167,894898c930bffff,Travis
168,894898c930fffff,Travis
169,894898c9313ffff,Travis
170,894898c9317ffff,Travis
171,894898c931bffff,Travis
172,894898c9323ffff,Travis
173,894898c9327ffff,Travis
174,894898c932bffff,Travis
175,894898c932fffff,Travis
176,894898c9333ffff,Travis
177,894898c9337ffff,Travis
178,894898c933bffff,Travis
179,894898c9343ffff,Travis
180,894898c9347ffff,Travis
181,894898c934bffff,Travis
182,894898c934fffff,Travis
183,894898c9353ffff,Travis
184,894898c9357ffff,Travis
185,894898c935bffff,Travis
186,894898c9363ffff,Travis
187,894898c9367ffff,Travis
188,894898c936bffff,Travis
189,894898c936fffff,Travis
190,894898c9373ffff,Travis
191,894898c9377ffff,Travis
192,894898c937bffff,Travis
193,894898c9383ffff,Travis
194,894898c9387ffff,Travis
195,894898c938bffff,Travis
196,894898c938fffff,Travis
197,894898c9393ffff,Travis
198,894898c9397ffff,Travis
199,894898c939bffff,Travis
200,894898c93a3ffff,Travis
201,894898c93a7ffff,Travis
202,894898c93abffff,Travis
203,894898c93afffff,Travis
204,894898c93b3ffff,Travis
205,894898c93bbffff,Travis
206,894898c93c3ffff,Travis
207,894898c93c7ffff,Travis
208,894898c93cbffff,Travis
209,894898c93cfffff,Travis
210,894898c93d3ffff,Travis
211,894898c93d7ffff,Travis
212,894898c93dbffff,Travis
213,894898c9403ffff,Travis
214,894898c9407ffff,Travis
215,894898c940fffff,Travis
216,894898c9413ffff,Travis
217,894898c9417ffff,Travis
218,894898c941bffff,Travis
219,894898c9423ffff,Travis
220,894898c9427ffff,Travis
221,894898c942bffff,Travis
222,894898c942fffff,Travis
223,894898c9433ffff,Travis
224,894898c9437ffff,Travis
225,894898c943bffff,Travis
226,894898c9443ffff,Travis
227,894898c944bffff,Travis
228,894898c944fffff,Travis
229,894898c9453ffff,Travis
230,894898c9457ffff,Travis
231,894898c945bffff,Travis
232,894898c9463ffff,Travis
233,894898c9467ffff,Travis
234,894898c946bffff,Travis
235,894898c946fffff,Travis
236,894898c9477ffff,Travis
237,894898c947bffff,Travis
238,894898c9487ffff,Travis
239,894898c948bffff,Travis
240,894898c948fffff,Travis
241,894898c9497ffff,Travis
242,894898c949bffff,Travis
243,894898c94a3ffff,Travis
244,894898c94a7ffff,Travis
245,894898c94abffff,Travis
246,894898c94afffff,Travis
247,894898c94b3ffff,Travis
248,894898c94b7ffff,Travis
249,894898c94bbffff,Travis
250,894898c94c3ffff,Travis
251,894898c94c7ffff,Travis
252,894898c94cbffff,Travis
253,894898c94cfffff,Travis
254,894898c94d3ffff,Travis
255,894898c94d7ffff,Travis
256,894898c94dbffff,Travis
257,894898c9503ffff,Travis
258,894898c9507ffff,Travis
259,894898c950bffff,Travis
260,894898c950fffff,Travis
261,894898c9513ffff,Travis
262,894898c9517ffff,Travis
263,894898c951bffff,Travis
264,894898c953bffff,Travis
265,894898c9543ffff,Travis
266,894898c9547ffff,Travis
267,894898c954bffff,Travis
268,894898c954fffff,Travis
269,894898c9553ffff,Travis
270,894898c9557ffff,Travis
271,894898c955bffff,Travis
272,894898c9563ffff,Travis
273,894898c9567ffff,Travis
274,894898c956bffff,Travis
275,894898c956fffff,Travis
276,894898c9573ffff,Travis
277,894898c9577ffff,Travis
278,894898c957bffff,Travis
279,894898c9583ffff,Travis
280,894898c9587ffff,Travis
281,894898c958bffff,Travis
282,894898c958fffff,Travis
283,894898c9593ffff,Travis
284,894898c9597ffff,Travis
285,894898c959bffff,Travis
286,894898c95bbffff,Travis
287,894898c95c3ffff,Travis
288,894898c95c7ffff,Travis
289,894898c95cbffff,Travis
290,894898c95cfffff,Travis
291,894898c95d3ffff,Travis
292,894898c95d7ffff,Travis
293,894898c95dbffff,Travis
294,894898c9603ffff,Travis
295,894898c9607ffff,Travis
296,894898c960bffff,Travis
297,894898c960fffff,Travis
298,894898c9617ffff,Travis
299,894898c961bffff,Travis
300,894898c9623ffff,Travis
301,894898c9627ffff,Travis
302,894898c962bffff,Travis
303,894898c962fffff,Travis
304,894898c9633ffff,Travis
305,894898c9637ffff,Travis
306,894898c963bffff,Travis
307,894898c9647ffff,Travis
308,894898c964fffff,Travis
309,894898c9657ffff,Travis
310,894898c9663ffff,Travis
311,894898c9667ffff,Travis
312,894898c966bffff,Travis
313,894898c966fffff,Travis
314,894898c9673ffff,Travis
315,894898c9677ffff,Travis
316,894898c967bffff,Travis
317,894898c9687ffff,Travis
318,894898c9693ffff,Travis
319,894898c96a3ffff,Travis
320,894898c96a7ffff,Travis
321,894898c96abffff,Travis
322,894898c96b3ffff,Travis
323,894898c96b7ffff,Travis
324,894898c96bbffff,Travis
325,894898c96cfffff,Travis
326,894898c9843ffff,Travis
327,894898c984bffff,Travis
328,894898c984fffff,Travis
329,894898c9853ffff,Travis
330,894898c9857ffff,Travis
331,894898c985bffff,Travis
332,894898c9893ffff,Travis
333,894898c98c3ffff,Travis
334,894898c98d3ffff,Travis
335,894898c98dbffff,Travis
336,894898c9a4bffff,Travis
337,894898c9a7bffff,Travis
338,894898c9a87ffff,Travis
339,894898c9a9bffff,Travis
340,894898c9ab3ffff,Travis
341,894898c9abbffff,Travis
342,894898c9ac3ffff,Travis
343,894898c9ad3ffff,Travis
344,894898c9ad7ffff,Travis
345,894898c9adbffff,Travis
346,894898c9c03ffff,Travis
347,894898c9c07ffff,Travis
348,894898c9c0bffff,Travis
349,894898c9c0fffff,Travis
350,894898c9c23ffff,Travis
351,894898c9c27ffff,Travis
352,894898c9c2bffff,Travis
353,894898c9c2fffff,Travis
354,894898c9c33ffff,Travis
355,894898c9c37ffff,Travis
356,894898c9c3bffff,Travis
357,894898c9c47ffff,Travis
358,894898c9c53ffff,Travis
359,894898c9c57ffff,Travis
360,894898c9c63ffff,Travis
361,894898c9c6bffff,Travis
362,894898c9c6fffff,Travis
363,894898c9c73ffff,Travis
364,894898c9c77ffff,Travis
365,894898c9c7bffff,Travis
366,894898c9ca3ffff,Travis
367,894898c9ca7ffff,Travis
368,894898c9cabffff,Travis
369,894898c9cafffff,Travis
370,894898c9cb3ffff,Travis
371,894898c9cb7ffff,Travis
372,894898c9cbbffff,Travis
373,894898c9cdbffff,Travis
374,894898c9dcbffff,Travis
375,894898c9ddbffff,Travis
376,894898c9e03ffff,Travis
377,894898c9e0bffff,Travis
378,894898c9e0fffff,Travis
379,894898c9e13ffff,Travis
380,894898c9e17ffff,Travis
381,894898c9e1bffff,Travis
382,894898c9e37ffff,Travis
383,894898c9e43ffff,Travis
384,894898c9e47ffff,Travis
385,894898c9e4bffff,Travis
386,894898c9e4fffff,Travis
387,894898c9e53ffff,Travis
388,894898c9e57ffff,Travis
389,894898c9e5bffff,Travis
390,894898c9e63ffff,Travis
391,894898c9e6bffff,Travis
392,894898c9e6fffff,Travis
393,894898c9e73ffff,Travis
394,894898c9e77ffff,Travis
395,894898c9e7bffff,Travis
396,894898c9e8bffff,Travis
397,894898c9e8fffff,Travis
398,894898c9ea7ffff,Travis
399,894898c9eabffff,Travis
400,894898c9ec3ffff,Travis
401,894898c9ec7ffff,Travis
402,894898c9ecbffff,Travis
403,894898c9ecfffff,Travis
404,894898c9ed3ffff,Travis
405,894898c9ed7ffff,Travis
406,894898c9edbffff,Travis
407,894898ca203ffff,Travis
408,894898ca207ffff,Travis
409,894898ca20bffff,Travis
410,894898ca20fffff,Travis
411,894898ca213ffff,Travis
412,894898ca21bffff,Travis
413,894898ca223ffff,Travis
414,894898ca22bffff,Travis
415,894898ca22fffff,Travis
416,894898ca233ffff,Travis
417,894898ca237ffff,Travis
418,894898ca23bffff,Travis
419,894898ca243ffff,Travis
420,894898ca247ffff,Travis
421,894898ca24bffff,Travis
422,894898ca24fffff,Travis
423,894898ca253ffff,Travis
424,894898ca257ffff,Travis
425,894898ca25bffff,Travis
426,894898ca273ffff,Travis
427,894898ca287ffff,Travis
428,894898ca28bffff,Travis
429,894898ca28fffff,Travis
430,894898ca2a3ffff,Travis
431,894898ca2abffff,Travis
432,894898ca2afffff,Travis
433,894898ca2b3ffff,Travis
434,894898ca2bbffff,Travis
435,894898ca2c7ffff,Travis
436,894898ca2d7ffff,Travis
437,894898ca3dbffff,Travis
438,894898cb103ffff,Travis
439,894898cb10bffff,Travis
440,894898cb10fffff,Travis
441,894898cb113ffff,Travis
442,894898cb117ffff,Travis
443,894898cb11bffff,Travis
444,894898cb143ffff,Travis
445,894898cb147ffff,Travis
446,894898cb14bffff,Travis
447,894898cb14fffff,Travis
448,894898cb153ffff,Travis
449,894898cb157ffff,Travis
450,894898cb15bffff,Travis
451,894898cb183ffff,Travis
452,894898cb187ffff,Travis
453,894898cb18bffff,Travis
454,894898cb18fffff,Travis
455,894898cb193ffff,Travis
456,894898cb197ffff,Travis
457,894898cb19bffff,Travis
458,894898cb1c3ffff,Travis
459,894898cb1c7ffff,Travis
460,894898cb1cbffff,Travis
461,894898cb1cfffff,Travis
462,894898cb1d3ffff,Travis
463,894898cb1d7ffff,Travis
464,894898cb1dbffff,Travis
465,894898cb20bffff,Travis
466,894898cb243ffff,Travis
467,894898cb247ffff,Travis
468,894898cb24bffff,Travis
469,894898cb24fffff,Travis
470,894898cb253ffff,Travis
471,894898cb257ffff,Travis
472,894898cb25bffff,Travis
473,894898cb263ffff,Travis
474,894898cb267ffff,Travis
475,894898cb26bffff,Travis
476,894898cb26fffff,Travis
477,894898cb273ffff,Travis
478,894898cb27bffff,Travis
479,894898cb2c3ffff,Travis
480,894898cb2cbffff,Travis
481,894898cb2cfffff,Travis
482,894898cb303ffff,Travis
483,894898cb307ffff,Travis
484,894898cb30bffff,Travis
485,894898cb30fffff,Travis
486,894898cb313ffff,Travis
487,894898cb317ffff,Travis
488,894898cb31bffff,Travis
489,894898cb323ffff,Travis
490,894898cb32bffff,Travis
491,894898cb32fffff,Travis
492,894898cb333ffff,Travis
493,894898cb33bffff,Travis
494,894898cb343ffff,Travis
495,894898cb347ffff,Travis
496,894898cb34bffff,Travis
497,894898cb34fffff,Travis
498,894898cb357ffff,Travis
499,894898cb363ffff,Travis
500,894898cb367ffff,Travis
501,894898cb36bffff,Travis
502,894898cb36fffff,Travis
503,894898cb373ffff,Travis
504,894898cb377ffff,Travis
505,894898cb37bffff,Travis
506,894898cb383ffff,Travis
507,894898cb387ffff,Travis
508,894898cb38fffff,Travis
509,894898cb397ffff,Travis
510,894898cb3a3ffff,Travis
511,894898cb3abffff,Travis
512,894898cb3afffff,Travis
513,894898cb3b3ffff,Travis
514,894898cb3b7ffff,Travis
515,894898cb3bbffff,Travis
516,894898cb497ffff,Travis
517,894898cb507ffff,Travis
518,894898cb50fffff,Travis
519,894898cb517ffff,Travis
520,894898cb523ffff,Travis
521,894898cb527ffff,Travis
522,894898cb52bffff,Travis
523,894898cb52fffff,Travis
524,894898cb533ffff,Travis
525,894898cb53bffff,Travis
526,894898cb563ffff,Travis
527,894898cb567ffff,Travis
528,894898cb56fffff,Travis
529,894898cb577ffff,Travis
530,894898cb58fffff,Travis
531,894898cb593ffff,Travis
532,894898cb5abffff,Travis
533,894898cb5bbffff,Travis
534,894898d860bffff,Travis
535,894898d8613ffff,Travis
536,894898d861bffff,Travis
537,894898d868bffff,Travis
538,894898d8693ffff,Travis
539,894898d869bffff,Travis
540,894898d86c3ffff,Travis
541,894898d86c7ffff,Travis
542,894898d86cbffff,Travis
543,894898d86cfffff,Travis
544,894898d86d3ffff,Travis
545,894898d86d7ffff,Travis
546,894898d86dbffff,Travis
547,894898d9003ffff,Travis
548,894898d9007ffff,Travis
549,894898d900bffff,Travis
550,894898d900fffff,Travis
551,894898d9013ffff,Travis
552,894898d9017ffff,Travis
553,894898d901bffff,Travis
554,894898d9023ffff,Travis
555,894898d9027ffff,Travis
556,894898d902bffff,Travis
557,894898d902fffff,Travis
558,894898d9033ffff,Travis
559,894898d9037ffff,Travis
560,894898d903bffff,Travis
561,894898d9043ffff,Travis
562,894898d9047ffff,Travis
563,894898d904bffff,Travis
564,894898d904fffff,Travis
565,894898d9053ffff,Travis
566,894898d9057ffff,Travis
567,894898d905bffff,Travis
568,894898d9063ffff,Travis
569,894898d9067ffff,Travis
570,894898d906bffff,Travis
571,894898d906fffff,Travis
572,894898d9073ffff,Travis
573,894898d9077ffff,Travis
574,894898d907bffff,Travis
575,894898d9083ffff,Travis
576,894898d9087ffff,Travis
577,894898d908bffff,Travis
578,894898d908fffff,Travis
579,894898d9093ffff,Travis
580,894898d9097ffff,Travis
581,894898d909bffff,Travis
582,894898d90a3ffff,Travis
583,894898d90a7ffff,Travis
584,894898d90abffff,Travis
585,894898d90afffff,Travis
586,894898d90b3ffff,Travis
587,894898d90b7ffff,Travis
588,894898d90bbffff,Travis
589,894898d90c3ffff,Travis
590,894898d90c7ffff,Travis
591,894898d90cbffff,Travis
592,894898d90cfffff,Travis
593,894898d90d3ffff,Travis
594,894898d90d7ffff,Travis
595,894898d90dbffff,Travis
596,894898d9103ffff,Travis
597,894898d9107ffff,Travis
598,894898d910bffff,Travis
599,894898d910fffff,Travis
600,894898d9113ffff,Travis
601,894898d9117ffff,Travis
602,894898d911bffff,Travis
603,894898d9123ffff,Travis
604,894898d9127ffff,Travis
605,894898d912bffff,Travis
606,894898d912fffff,Travis
607,894898d9133ffff,Travis
608,894898d9137ffff,Travis
609,894898d913bffff,Travis
610,894898d9143ffff,Travis
611,894898d9147ffff,Travis
612,894898d914bffff,Travis
613,894898d914fffff,Travis
614,894898d9153ffff,Travis
615,894898d9157ffff,Travis
616,894898d915bffff,Travis
617,894898d9163ffff,Travis
618,894898d9167ffff,Travis
619,894898d916bffff,Travis
620,894898d916fffff,Travis
621,894898d9173ffff,Travis
622,894898d9177ffff,Travis
623,894898d917bffff,Travis
624,894898d918bffff,Travis
625,894898d91a3ffff,Travis
626,894898d91a7ffff,Travis
627,894898d91abffff,Travis
628,894898d91afffff,Travis
629,894898d91c3ffff,Travis
630,894898d91c7ffff,Travis
631,894898d91cbffff,Travis
632,894898d91cfffff,Travis
633,894898d91d3ffff,Travis
634,894898d91d7ffff,Travis
635,894898d91dbffff,Travis
636,894898d9203ffff,Travis
637,894898d9207ffff,Travis
638,894898d920bffff,Travis
639,894898d920fffff,Travis
640,894898d9213ffff,Travis
641,894898d9217ffff,Travis
642,894898d921bffff,Travis
643,894898d9223ffff,Travis
644,894898d9227ffff,Travis
645,894898d922bffff,Travis
646,894898d922fffff,Travis
647,894898d9233ffff,Travis
648,894898d9237ffff,Travis
649,894898d923bffff,Travis
650,894898d9243ffff,Travis
651,894898d9247ffff,Travis
652,894898d924bffff,Travis
653,894898d924fffff,Travis
654,894898d9253ffff,Travis
655,894898d9257ffff,Travis
656,894898d925bffff,Travis
657,894898d9263ffff,Travis
658,894898d9267ffff,Travis
659,894898d926bffff,Travis
660,894898d926fffff,Travis
661,894898d9273ffff,Travis
662,894898d9277ffff,Travis
663,894898d927bffff,Travis
664,894898d9283ffff,Travis
665,894898d9287ffff,Travis
666,894898d928bffff,Travis
667,894898d928fffff,Travis
668,894898d9293ffff,Travis
669,894898d9297ffff,Travis
670,894898d929bffff,Travis
671,894898d92a3ffff,Travis
672,894898d92a7ffff,Travis
673,894898d92abffff,Travis
674,894898d92afffff,Travis
675,894898d92b3ffff,Travis
676,894898d92b7ffff,Travis
677,894898d92bbffff,Travis
678,894898d92c3ffff,Travis
679,894898d92c7ffff,Travis
680,894898d92cbffff,Travis
681,894898d92cfffff,Travis
682,894898d92d3ffff,Travis
683,894898d92d7ffff,Travis
684,894898d92dbffff,Travis
685,894898d9303ffff,Travis
686,894898d9307ffff,Travis
687,894898d930bffff,Travis
688,894898d930fffff,Travis
689,894898d9313ffff,Travis
690,894898d9317ffff,Travis
691,894898d931bffff,Travis
692,894898d9323ffff,Travis
693,894898d9327ffff,Travis
694,894898d932bffff,Travis
695,894898d932fffff,Travis
696,894898d9333ffff,Travis
697,894898d9337ffff,Travis
698,894898d933bffff,Travis
699,894898d9343ffff,Travis
700,894898d9347ffff,Travis
701,894898d934bffff,Travis
702,894898d934fffff,Travis
703,894898d9353ffff,Travis
704,894898d9357ffff,Travis
705,894898d935bffff,Travis
706,894898d9363ffff,Travis
707,894898d9367ffff,Travis
708,894898d936bffff,Travis
709,894898d936fffff,Travis
710,894898d9373ffff,Travis
711,894898d9377ffff,Travis
712,894898d937bffff,Travis
713,894898d9383ffff,Travis
714,894898d9387ffff,Travis
715,894898d938bffff,Travis
716,894898d938fffff,Travis
717,894898d9393ffff,Travis
718,894898d9397ffff,Travis
719,894898d939bffff,Travis
720,894898d93a3ffff,Travis
721,894898d93a7ffff,Travis
722,894898d93abffff,Travis
723,894898d93afffff,Travis
724,894898d93b3ffff,Travis
725,894898d93b7ffff,Travis
726,894898d93bbffff,Travis
727,894898d93c3ffff,Travis
728,894898d93c7ffff,Travis
729,894898d93cbffff,Travis
730,894898d93cfffff,Travis
731,894898d93d3ffff,Travis
732,894898d93d7ffff,Travis
733,894898d93dbffff,Travis
734,894898d9403ffff,Travis
735,894898d9407ffff,Travis
736,894898d940bffff,Travis
737,894898d940fffff,Travis
738,894898d9413ffff,Travis
739,894898d9417ffff,Travis
740,894898d941bffff,Travis
741,894898d9423ffff,Travis
742,894898d9427ffff,Travis
743,894898d942bffff,Travis
744,894898d942fffff,Travis
745,894898d9433ffff,Travis
746,894898d9437ffff,Travis
747,894898d943bffff,Travis
748,894898d9443ffff,Travis
749,894898d9447ffff,Travis
750,894898d944bffff,Travis
751,894898d944fffff,Travis
752,894898d9453ffff,Travis
753,894898d9457ffff,Travis
754,894898d945bffff,Travis
755,894898d9463ffff,Travis
756,894898d9467ffff,Travis
757,894898d946bffff,Travis
758,894898d946fffff,Travis
759,894898d9473ffff,Travis
760,894898d9477ffff,Travis
761,894898d947bffff,Travis
762,894898d9483ffff,Travis
763,894898d9487ffff,Travis
764,894898d948bffff,Travis
765,894898d948fffff,Travis
766,894898d9493ffff,Travis
767,894898d9497ffff,Travis
768,894898d949bffff,Travis
769,894898d94a3ffff,Travis
770,894898d94a7ffff,Travis
771,894898d94abffff,Travis
772,894898d94afffff,Travis
773,894898d94b3ffff,Travis
774,894898d94b7ffff,Travis
775,894898d94bbffff,Travis
776,894898d94c3ffff,Travis
777,894898d94c7ffff,Travis
778,894898d94cbffff,Travis
779,894898d94cfffff,Travis
780,894898d94d3ffff,Travis
781,894898d94d7ffff,Travis
782,894898d94dbffff,Travis
783,894898d950bffff,Travis
784,894898d950fffff,Travis
785,894898d9543ffff,Travis
786,894898d9547ffff,Travis
787,894898d954bffff,Travis
788,894898d954fffff,Travis
789,894898d9553ffff,Travis
790,894898d9557ffff,Travis
791,894898d955bffff,Travis
792,894898d9563ffff,Travis
793,894898d956bffff,Travis
794,894898d956fffff,Travis
795,894898d9573ffff,Travis
796,894898d9577ffff,Travis
797,894898d957bffff,Travis
798,894898d9593ffff,Travis
799,894898d95cbffff,Travis
800,894898d95d3ffff,Travis
801,894898d95dbffff,Travis
802,894898d9603ffff,Travis
803,894898d9607ffff,Travis
804,894898d960bffff,Travis
805,894898d960fffff,Travis
806,894898d9613ffff,Travis
807,894898d9617ffff,Travis
808,894898d961bffff,Travis
809,894898d9623ffff,Travis
810,894898d9627ffff,Travis
811,894898d962bffff,Travis
812,894898d962fffff,Travis
813,894898d9633ffff,Travis
814,894898d9637ffff,Travis
815,894898d963bffff,Travis
816,894898d9643ffff,Travis
817,894898d9647ffff,Travis
818,894898d964bffff,Travis
819,894898d964fffff,Travis
820,894898d9653ffff,Travis
821,894898d9657ffff,Travis
822,894898d965bffff,Travis
823,894898d9663ffff,Travis
824,894898d9667ffff,Travis
825,894898d966bffff,Travis
826,894898d966fffff,Travis
827,894898d9673ffff,Travis
828,894898d9677ffff,Travis
829,894898d967bffff,Travis
830,894898d9683ffff,Travis
831,894898d9687ffff,Travis
832,894898d968bffff,Travis
833,894898d968fffff,Travis
834,894898d9693ffff,Travis
835,894898d9697ffff,Travis
836,894898d969bffff,Travis
837,894898d96a3ffff,Travis
838,894898d96a7ffff,Travis
839,894898d96abffff,Travis
840,894898d96afffff,Travis
841,894898d96b3ffff,Travis
842,894898d96b7ffff,Travis
843,894898d96bbffff,Travis
844,894898d96c3ffff,Travis
845,894898d96c7ffff,Travis
846,894898d96cbffff,Travis
847,894898d96cfffff,Travis
848,894898d96d3ffff,Travis
849,894898d96d7ffff,Travis
850,894898d96dbffff,Travis
851,894898d9803ffff,Travis
852,894898d9807ffff,Travis
853,894898d980bffff,Travis
854,894898d980fffff,Travis
855,894898d9813ffff,Travis
856,894898d981bffff,Travis
857,894898d9823ffff,Travis
858,894898d982bffff,Travis
859,894898d982fffff,Travis
860,894898d9833ffff,Travis
861,894898d983bffff,Travis
862,894898d9843ffff,Travis
863,894898d9847ffff,Travis
864,894898d984bffff,Travis
865,894898d984fffff,Travis
866,894898d9853ffff,Travis
867,894898d9857ffff,Travis
868,894898d985bffff,Travis
869,894898d9863ffff,Travis
870,894898d9867ffff,Travis
871,894898d986bffff,Travis
872,894898d986fffff,Travis
873,894898d9873ffff,Travis
874,894898d9877ffff,Travis
875,894898d987bffff,Travis
876,894898d98c3ffff,Travis
877,894898d98c7ffff,Travis
878,894898d98cbffff,Travis
879,894898d98cfffff,Travis
880,894898d98d3ffff,Travis
881,894898d98d7ffff,Travis
882,894898d98dbffff,Travis
883,894898d9a07ffff,Travis
884,894898d9a17ffff,Travis
885,894898d9a23ffff,Travis
886,894898d9a27ffff,Travis
887,894898d9a2bffff,Travis
888,894898d9a2fffff,Travis
889,894898d9a33ffff,Travis
890,894898d9a37ffff,Travis
891,894898d9a83ffff,Travis
892,894898d9a87ffff,Travis
893,894898d9a8fffff,Travis
894,894898d9a93ffff,Travis
895,894898d9a97ffff,Travis
896,894898d9a9bffff,Travis
897,894898d9aa3ffff,Travis
898,894898d9aa7ffff,Travis
899,894898d9aabffff,Travis
900,894898d9aafffff,Travis
901,894898d9ab3ffff,Travis
902,894898d9ab7ffff,Travis
903,894898d9abbffff,Travis
904,894898d9b03ffff,Travis
905,894898d9b07ffff,Travis
906,894898d9b0bffff,Travis
907,894898d9b0fffff,Travis
908,894898d9b13ffff,Travis
909,894898d9b17ffff,Travis
910,894898d9b1bffff,Travis
911,894898d9b2bffff,Travis
912,894898d9b3bffff,Travis
913,894898d9b47ffff,Travis
914,894898d9b5bffff,Travis
915,894898d9b73ffff,Travis
916,894898d9b77ffff,Travis
917,894898d9b83ffff,Travis
918,894898d9b87ffff,Travis
919,894898d9b8bffff,Travis
920,894898d9b8fffff,Travis
921,894898d9b93ffff,Travis
922,894898d9b97ffff,Travis
923,894898d9b9bffff,Travis
924,894898d9bbbffff,Travis
925,894898d9bc3ffff,Travis
926,894898d9bc7ffff,Travis
927,894898d9bcbffff,Travis
928,894898d9bd3ffff,Travis
929,894898d9bd7ffff,Travis
930,894898d9bdbffff,Travis
931,894898d9c07ffff,Travis
932,894898d9c17ffff,Travis
933,894898d9c43ffff,Travis
934,894898d9c47ffff,Travis
935,894898d9c4bffff,Travis
936,894898d9c4fffff,Travis
937,894898d9c53ffff,Travis
938,894898d9c57ffff,Travis
939,894898d9c5bffff,Travis
940,894898d9c63ffff,Travis
941,894898d9c67ffff,Travis
942,894898d9c6bffff,Travis
943,894898d9c6fffff,Travis
944,894898d9c77ffff,Travis
945,894898d9c87ffff,Travis
946,894898d9c8fffff,Travis
947,894898d9ca3ffff,Travis
948,894898d9cb3ffff,Travis
949,894898d9ccbffff,Travis
950,894898d9cd3ffff,Travis
951,894898d9cdbffff,Travis
952,894898d9e03ffff,Travis
953,894898d9e07ffff,Travis
954,894898d9e0bffff,Travis
955,894898d9e0fffff,Travis
956,894898d9e13ffff,Travis
957,894898d9e17ffff,Travis
958,894898d9e1bffff,Travis
959,894898d9e23ffff,Travis
960,894898d9e27ffff,Travis
961,894898d9e2bffff,Travis
962,894898d9e2fffff,Travis
963,894898d9e33ffff,Travis
964,894898d9e37ffff,Travis
965,894898d9e3bffff,Travis
966,894898d9e43ffff,Travis
967,894898d9e47ffff,Travis
968,894898d9e4bffff,Travis
969,894898d9e4fffff,Travis
970,894898d9e53ffff,Travis
971,894898d9e57ffff,Travis
972,894898d9e5bffff,Travis
973,894898d9e67ffff,Travis
974,894898d9e73ffff,Travis
975,894898d9e77ffff,Travis
976,894898d9e83ffff,Travis
977,894898d9e87ffff,Travis
978,894898d9e8bffff,Travis
979,894898d9e8fffff,Travis
980,894898d9e93ffff,Travis
981,894898d9e97ffff,Travis
982,894898d9e9bffff,Travis
983,894898d9ea3ffff,Travis
984,894898d9ea7ffff,Travis
985,894898d9eabffff,Travis
986,894898d9eafffff,Travis
987,894898d9eb3ffff,Travis
988,894898d9eb7ffff,Travis
989,894898d9ebbffff,Travis
990,894898d9ec3ffff,Travis
991,894898d9ec7ffff,Travis
992,894898d9ecbffff,Travis
993,894898d9ecfffff,Travis
994,894898d9ed3ffff,Travis
995,894898d9ed7ffff,Travis
996,894898d9edbffff,Travis
997,894898db017ffff,Hays
998,894898db023ffff,Travis
999,894898db027ffff,Travis
1000,894898db02fffff,Travis
1001,894898db033ffff,Travis
1002,894898db037ffff,Travis
1003,894898db043ffff,Travis
1004,894898db04bffff,Travis
1005,894898db04fffff,Travis
1006,894898db05bffff,Travis
1007,894898db083ffff,Hays
1008,894898db087ffff,Hays
1009,894898db08bffff,Hays
1010,894898db08fffff,Hays
1011,894898db093ffff,Hays
1012,894898db097ffff,Hays
1013,894898db09bffff,Hays
1014,894898db0a3ffff,Hays
1015,894898db0a7ffff,Hays
1016,894898db0abffff,Hays
1017,894898db0afffff,Hays
1018,894898db0b3ffff,Hays
1019,894898db0b7ffff,Hays
1020,894898db0bbffff,Hays
1021,894898db0c7ffff,Hays
1022,894898db0d3ffff,Hays
1023,894898db0d7ffff,Hays
1024,894898db0dbffff,Hays
1025,894898db103ffff,Hays
1026,894898db107ffff,Hays
1027,894898db10bffff,Travis
1028,894898db10fffff,Travis
1029,894898db113ffff,Hays
1030,894898db117ffff,Hays
1031,894898db11bffff,Hays
1032,894898db12bffff,Travis
1033,894898db13bffff,Travis
1034,894898db143ffff,Travis
1035,894898db147ffff,Travis
1036,894898db14bffff,Travis
1037,894898db14fffff,Travis
1038,894898db153ffff,Travis
1039,894898db157ffff,Travis
1040,894898db15bffff,Travis
1041,894898db163ffff,Travis
1042,894898db167ffff,Travis
1043,894898db16bffff,Travis
1044,894898db16fffff,Travis
1045,894898db173ffff,Travis
1046,894898db177ffff,Travis
1047,894898db17bffff,Travis
1048,894898db18fffff,Hays
1049,894898db1c3ffff,Hays
1050,894898db1c7ffff,Hays
1051,894898db1cbffff,Travis
1052,894898db1cfffff,Travis
1053,894898db1d3ffff,Hays
1054,894898db1dbffff,Hays
1055,894898db203ffff,Travis
1056,894898db207ffff,Travis
1057,894898db20bffff,Travis
1058,894898db20fffff,Travis
1059,894898db213ffff,Travis
1060,894898db217ffff,Travis
1061,894898db21bffff,Travis
1062,894898db223ffff,Travis
1063,894898db227ffff,Travis
1064,894898db22bffff,Travis
1065,894898db22fffff,Travis
1066,894898db233ffff,Travis
1067,894898db237ffff,Travis
1068,894898db23bffff,Travis
1069,894898db247ffff,Travis
1070,894898db263ffff,Travis
1071,894898db267ffff,Travis
1072,894898db26bffff,Travis
1073,894898db26fffff,Travis
1074,894898db273ffff,Travis
1075,894898db277ffff,Travis
1076,894898db27bffff,Travis
1077,894898db283ffff,Travis
1078,894898db287ffff,Travis
1079,894898db28bffff,Travis
1080,894898db28fffff,Travis
1081,894898db293ffff,Travis
1082,894898db297ffff,Travis
1083,894898db29bffff,Travis
1084,894898db2a3ffff,Travis
1085,894898db2abffff,Travis
1086,894898db2afffff,Travis
1087,894898db2b3ffff,Travis
1088,894898db2b7ffff,Travis
1089,894898db2bbffff,Travis
1090,894898db2c7ffff,Travis
1091,894898db2d7ffff,Travis
1092,894898db303ffff,Travis
1093,894898db307ffff,Travis
1094,894898db30bffff,Travis
1095,894898db30fffff,Travis
1096,894898db313ffff,Travis
1097,894898db317ffff,Travis
1098,894898db31bffff,Travis
1099,894898db323ffff,Travis
1100,894898db32bffff,Travis
1101,894898db32fffff,Travis
1102,894898db333ffff,Travis
1103,894898db337ffff,Travis
1104,894898db33bffff,Travis
1105,894898db343ffff,Travis
1106,894898db347ffff,Travis
1107,894898db34bffff,Travis
1108,894898db34fffff,Travis
1109,894898db353ffff,Travis
1110,894898db357ffff,Travis
1111,894898db35bffff,Travis
1112,894898db363ffff,Travis
1113,894898db367ffff,Travis
1114,894898db36bffff,Travis
1115,894898db373ffff,Travis
1116,894898db377ffff,Travis
1117,894898db37bffff,Travis
1118,894898db383ffff,Travis
1119,894898db387ffff,Travis
1120,894898db38bffff,Travis
1121,894898db38fffff,Travis
1122,894898db397ffff,Travis
1123,894898db3a3ffff,Travis
1124,894898db3a7ffff,Travis
1125,894898db3abffff,Travis
1126,894898db3afffff,Travis
1127,894898db3b3ffff,Travis
1128,894898db3b7ffff,Travis
1129,894898db3bbffff,Travis
1130,894898db3c3ffff,Travis
1131,894898db3c7ffff,Travis
1132,894898db3cbffff,Travis
1133,894898db3cfffff,Travis
1134,894898db3dbffff,Travis
1135,894898db403ffff,Hays
1136,894898db407ffff,Hays
1137,894898db40bffff,Hays
1138,894898db40fffff,Hays
1139,894898db413ffff,Hays
1140,894898db417ffff,Hays
1141,894898db41bffff,Hays
1142,894898db423ffff,Hays
1143,894898db427ffff,Hays
1144,894898db42bffff,Hays
1145,894898db42fffff,Hays
1146,894898db433ffff,Hays
1147,894898db43bffff,Hays
1148,894898db447ffff,Hays
1149,894898db44fffff,Hays
1150,894898db453ffff,Hays
1151,894898db463ffff,Hays
1152,894898db467ffff,Hays
1153,894898db46bffff,Hays
1154,894898db46fffff,Hays
1155,894898db473ffff,Hays
1156,894898db477ffff,Hays
1157,894898db47bffff,Hays
1158,894898db48bffff,Hays
1159,894898db48fffff,Hays
1160,894898db4c7ffff,Hays
1161,894898db54bffff,Hays
1162,894898db54fffff,Hays
1163,894898db55bffff,Hays
1164,894898db607ffff,Travis
1165,894898db623ffff,Travis
1166,894898db627ffff,Travis
1167,894898db62bffff,Travis
1168,894898db62fffff,Travis
1169,894898db633ffff,Travis
1170,894898db637ffff,Travis
1171,894898db63bffff,Travis
1172,894898db64bffff,Travis
1173,894898db64fffff,Travis
1174,894898db65bffff,Travis
1175,894898db663ffff,Travis
1176,894898db667ffff,Travis
1177,894898db66fffff,Travis
1178,894898db673ffff,Travis
1179,894898db677ffff,Travis
1180,894898db6a7ffff,Hays
1181,894898db6abffff,Hays
1182,894898db6b7ffff,Hays
1183,89489e20003ffff,Travis
1184,89489e20007ffff,Travis
1185,89489e2000bffff,Travis
1186,89489e2000fffff,Travis
1187,89489e20013ffff,Travis
1188,89489e20017ffff,Travis
1189,89489e2001bffff,Travis
1190,89489e20023ffff,Travis
1191,89489e20027ffff,Travis
1192,89489e2002fffff,Travis
1193,89489e20033ffff,Travis
1194,89489e20037ffff,Travis
1195,89489e2003bffff,Travis
1196,89489e20043ffff,Travis
1197,89489e20047ffff,Travis
1198,89489e2004bffff,Travis
1199,89489e2004fffff,Travis
1200,89489e20053ffff,Travis
1201,89489e20057ffff,Travis
1202,89489e2005bffff,Travis
1203,89489e20063ffff,Travis
1204,89489e20067ffff,Travis
1205,89489e2006bffff,Travis
1206,89489e2006fffff,Travis
1207,89489e20073ffff,Travis
1208,89489e20077ffff,Travis
1209,89489e2007bffff,Travis
1210,89489e20083ffff,Travis
1211,89489e20087ffff,Travis
1212,89489e2008bffff,Travis
1213,89489e2008fffff,Travis
1214,89489e20093ffff,Travis
1215,89489e20097ffff,Travis
1216,89489e2009bffff,Travis
1217,89489e200a3ffff,Travis
1218,89489e200a7ffff,Travis
1219,89489e200abffff,Travis
1220,89489e200afffff,Travis
1221,89489e200b7ffff,Travis
1222,89489e200bbffff,Travis
1223,89489e200c3ffff,Travis
1224,89489e200c7ffff,Travis
1225,89489e200cbffff,Travis
1226,89489e200cfffff,Travis
1227,89489e200d3ffff,Travis
1228,89489e200d7ffff,Travis
1229,89489e200dbffff,Travis
1230,89489e20103ffff,Travis
1231,89489e20107ffff,Travis
1232,89489e2010bffff,Travis
1233,89489e2010fffff,Travis
1234,89489e20113ffff,Travis
1235,89489e20117ffff,Travis
1236,89489e2011bffff,Travis
1237,89489e20123ffff,Travis
1238,89489e2012bffff,Travis
1239,89489e2012fffff,Travis
1240,89489e20133ffff,Travis
1241,89489e2013bffff,Travis
1242,89489e20143ffff,Travis
1243,89489e20147ffff,Travis
1244,89489e2014fffff,Travis
1245,89489e20157ffff,Travis
1246,89489e20167ffff,Travis
1247,89489e20173ffff,Travis
1248,89489e20177ffff,Travis
1249,89489e2017bffff,Travis
1250,89489e20187ffff,Travis
1251,89489e2018bffff,Travis
1252,89489e2018fffff,Travis
1253,89489e20193ffff,Travis
1254,89489e2019bffff,Travis
1255,89489e201abffff,Travis
1256,89489e201bbffff,Travis
1257,89489e201c7ffff,Travis
1258,89489e201cbffff,Travis
1259,89489e201d3ffff,Travis
1260,89489e201d7ffff,Travis
1261,89489e201dbffff,Travis
1262,89489e20293ffff,Travis
1263,89489e20297ffff,Travis
1264,89489e202b3ffff,Travis
1265,89489e202b7ffff,Travis
1266,89489e20327ffff,Travis
1267,89489e20403ffff,Travis
1268,89489e20407ffff,Travis
1269,89489e2040bffff,Travis
1270,89489e2040fffff,Travis
1271,89489e20413ffff,Travis
1272,89489e20417ffff,Travis
1273,89489e2041bffff,Travis
1274,89489e20423ffff,Travis
1275,89489e20427ffff,Travis
1276,89489e2042bffff,Travis
1277,89489e2042fffff,Travis
1278,89489e20433ffff,Travis
1279,89489e20437ffff,Travis
1280,89489e2043bffff,Travis
1281,89489e20447ffff,Travis
1282,89489e2044bffff,Travis
1283,89489e2044fffff,Travis
1284,89489e20463ffff,Travis
1285,89489e20467ffff,Travis
1286,89489e2046bffff,Travis
1287,89489e2046fffff,Travis
1288,89489e20473ffff,Travis
1289,89489e20477ffff,Travis
1290,89489e2047bffff,Travis
1291,89489e20483ffff,Travis
1292,89489e20487ffff,Travis
1293,89489e2048bffff,Travis
1294,89489e2048fffff,Travis
1295,89489e20493ffff,Travis
1296,89489e20497ffff,Travis
1297,89489e2049bffff,Travis
1298,89489e204a3ffff,Travis
1299,89489e204a7ffff,Travis
1300,89489e204abffff,Travis
1301,89489e204afffff,Travis
1302,89489e204b3ffff,Travis
1303,89489e204b7ffff,Travis
1304,89489e204bbffff,Travis
1305,89489e204c3ffff,Travis
1306,89489e204c7ffff,Travis
1307,89489e204d3ffff,Travis
1308,89489e204d7ffff,Travis
1309,89489e204dbffff,Travis
1310,89489e2052bffff,Travis
1311,89489e20533ffff,Travis
1312,89489e2053bffff,Travis
1313,89489e2054bffff,Travis
1314,89489e2055bffff,Travis
1315,89489e20563ffff,Travis
1316,89489e20567ffff,Travis
1317,89489e2056bffff,Travis
1318,89489e2056fffff,Travis
1319,89489e20577ffff,Travis
1320,89489e205afffff,Travis
1321,89489e205cbffff,Travis
1322,89489e205dbffff,Travis
1323,89489e20603ffff,Travis
1324,89489e20607ffff,Travis
1325,89489e2060bffff,Travis
1326,89489e2060fffff,Travis
1327,89489e20613ffff,Travis
1328,89489e20617ffff,Travis
1329,89489e2061bffff,Travis
1330,89489e20623ffff,Travis
1331,89489e20627ffff,Travis
1332,89489e2062bffff,Travis
1333,89489e2062fffff,Travis
1334,89489e20633ffff,Travis
1335,89489e20637ffff,Travis
1336,89489e2063bffff,Travis
1337,89489e20647ffff,Travis
1338,89489e20657ffff,Travis
1339,89489e20663ffff,Travis
1340,89489e20667ffff,Travis
1341,89489e20673ffff,Travis
1342,89489e20677ffff,Travis
1343,89489e2067bffff,Travis
1344,89489e20683ffff,Travis
1345,89489e20687ffff,Travis
1346,89489e2068bffff,Travis
1347,89489e2068fffff,Travis
1348,89489e20693ffff,Travis
1349,89489e20697ffff,Travis
1350,89489e2069bffff,Travis
1351,89489e206a3ffff,Travis
1352,89489e206a7ffff,Travis
1353,89489e206abffff,Travis
1354,89489e206afffff,Travis
1355,89489e206b3ffff,Travis
1356,89489e206b7ffff,Travis
1357,89489e206bbffff,Travis
1358,89489e206c7ffff,Travis
1359,89489e206cfffff,Travis
1360,89489e206d7ffff,Travis
1361,89489e2081bffff,Travis
1362,89489e2082bffff,Travis
1363,89489e2084bffff,Travis
1364,89489e2084fffff,Travis
1365,89489e20853ffff,Travis
1366,89489e2085bffff,Travis
1367,89489e2087bffff,Travis
1368,89489e20893ffff,Travis
1369,89489e20897ffff,Travis
1370,89489e2089bffff,Travis
1371,89489e208b3ffff,Travis
1372,89489e208b7ffff,Travis
1373,89489e208c3ffff,Travis
1374,89489e208c7ffff,Travis
1375,89489e208cbffff,Travis
1376,89489e208cfffff,Travis
1377,89489e208d3ffff,Travis
1378,89489e208d7ffff,Travis
1379,89489e20903ffff,Travis
1380,89489e20907ffff,Travis
1381,89489e2090bffff,Travis
1382,89489e2090fffff,Travis
1383,89489e20913ffff,Travis
1384,89489e20917ffff,Travis
1385,89489e2091bffff,Travis
1386,89489e20923ffff,Travis
1387,89489e20927ffff,Travis
1388,89489e2092bffff,Travis
1389,89489e2092fffff,Travis
1390,89489e20933ffff,Travis
1391,89489e20937ffff,Travis
1392,89489e2093bffff,Travis
1393,89489e20943ffff,Travis
1394,89489e20947ffff,Travis
1395,89489e2094bffff,Travis
1396,89489e2094fffff,Travis
1397,89489e20953ffff,Travis
1398,89489e20957ffff,Travis
1399,89489e2095bffff,Travis
1400,89489e2096bffff,Travis
1401,89489e20973ffff,Travis
1402,89489e20977ffff,Travis
1403,89489e2097bffff,Travis
1404,89489e20983ffff,Travis
1405,89489e20987ffff,Travis
1406,89489e2098bffff,Travis
1407,89489e2098fffff,Travis
1408,89489e20993ffff,Travis
1409,89489e20997ffff,Travis
1410,89489e2099bffff,Travis
1411,89489e209a3ffff,Travis
1412,89489e209a7ffff,Travis
1413,89489e209abffff,Travis
1414,89489e209afffff,Travis
1415,89489e209b3ffff,Travis
1416,89489e209b7ffff,Travis
1417,89489e209bbffff,Travis
1418,89489e209c3ffff,Travis
1419,89489e209c7ffff,Travis
1420,89489e209cbffff,Travis
1421,89489e209cfffff,Travis
1422,89489e209d3ffff,Travis
1423,89489e209d7ffff,Travis
1424,89489e20a87ffff,Travis
1425,89489e20aa3ffff,Travis
1426,89489e20aabffff,Travis
1427,89489e20aafffff,Travis
1428,89489e20ab3ffff,Travis
1429,89489e20ab7ffff,Travis
1430,89489e20b93ffff,Travis
1431,89489e20b97ffff,Travis
1432,89489e20b9bffff,Travis
1433,89489e20ba3ffff,Travis
1434,89489e20ba7ffff,Travis
1435,89489e20babffff,Travis
1436,89489e20bb3ffff,Travis
1437,89489e20bb7ffff,Travis
1438,89489e20c03ffff,Travis
1439,89489e20c07ffff,Travis
1440,89489e20c0fffff,Travis
1441,89489e20c13ffff,Travis
1442,89489e20c17ffff,Travis
1443,89489e20c23ffff,Travis
1444,89489e20c27ffff,Travis
1445,89489e20c2bffff,Travis
1446,89489e20c2fffff,Travis
1447,89489e20c33ffff,Travis
1448,89489e20c37ffff,Travis
1449,89489e20c3bffff,Travis
1450,89489e20c43ffff,Travis
1451,89489e20c4bffff,Travis
1452,89489e20c63ffff,Travis
1453,89489e20c67ffff,Travis
1454,89489e20c6bffff,Travis
1455,89489e20c6fffff,Travis
1456,89489e20c77ffff,Travis
1457,89489e20c87ffff,Travis
1458,89489e20c8fffff,Travis
1459,89489e20c97ffff,Travis
1460,89489e20ca3ffff,Travis
1461,89489e20ca7ffff,Travis
1462,89489e20cabffff,Travis
1463,89489e20cafffff,Travis
1464,89489e20cb3ffff,Travis
1465,89489e20cb7ffff,Travis
1466,89489e20cbbffff,Travis
1467,89489e20cc3ffff,Travis
1468,89489e20cd3ffff,Travis
1469,89489e20cd7ffff,Travis
1470,89489e20d03ffff,Travis
1471,89489e20d07ffff,Travis
1472,89489e20d0bffff,Travis
1473,89489e20d0fffff,Travis
1474,89489e20d13ffff,Travis
1475,89489e20d17ffff,Travis
1476,89489e20d1bffff,Travis
1477,89489e20d23ffff,Travis
1478,89489e20d27ffff,Travis
1479,89489e20d2bffff,Travis
1480,89489e20d2fffff,Travis
1481,89489e20d33ffff,Travis
1482,89489e20d37ffff,Travis
1483,89489e20d3bffff,Travis
1484,89489e20d43ffff,Travis
1485,89489e20d47ffff,Travis
1486,89489e20d4bffff,Travis
1487,89489e20d4fffff,Travis
1488,89489e20d53ffff,Travis
1489,89489e20d57ffff,Travis
1490,89489e20d5bffff,Travis
1491,89489e20d63ffff,Travis
1492,89489e20d67ffff,Travis
1493,89489e20d6bffff,Travis
1494,89489e20d6fffff,Travis
1495,89489e20d73ffff,Travis
1496,89489e20d77ffff,Travis
1497,89489e20d7bffff,Travis
1498,89489e20d83ffff,Travis
1499,89489e20d87ffff,Travis
1500,89489e20d8bffff,Travis
1501,89489e20d8fffff,Travis
1502,89489e20d93ffff,Travis
1503,89489e20d97ffff,Travis
1504,89489e20d9bffff,Travis
1505,89489e20da3ffff,Travis
1506,89489e20da7ffff,Travis
1507,89489e20dabffff,Travis
1508,89489e20dafffff,Travis
1509,89489e20db3ffff,Travis
1510,89489e20db7ffff,Travis
1511,89489e20dbbffff,Travis
1512,89489e20dc3ffff,Travis
1513,89489e20dc7ffff,Travis
1514,89489e20dcbffff,Travis
1515,89489e20dcfffff,Travis
1516,89489e20dd3ffff,Travis
1517,89489e20dd7ffff,Travis
1518,89489e20ddbffff,Travis
1519,89489e20e03ffff,Travis
1520,89489e20e0bffff,Travis
1521,89489e20e0fffff,Travis
1522,89489e20e13ffff,Travis
1523,89489e20e17ffff,Travis
1524,89489e20e1bffff,Travis
1525,89489e20e27ffff,Travis
1526,89489e20e37ffff,Travis
1527,89489e20e43ffff,Travis
1528,89489e20e47ffff,Travis
1529,89489e20e53ffff,Travis
1530,89489e20e57ffff,Travis
1531,89489e20e5bffff,Travis
1532,89489e20e73ffff,Travis
1533,89489e20e83ffff,Travis
1534,89489e20e87ffff,Travis
1535,89489e20e8bffff,Travis
1536,89489e20e8fffff,Travis
1537,89489e20e93ffff,Travis
1538,89489e20e97ffff,Travis
1539,89489e20e9bffff,Travis
1540,89489e20eb3ffff,Travis
1541,89489e20ebbffff,Travis
1542,89489e20ec7ffff,Travis
1543,89489e20ecbffff,Travis
1544,89489e20ecfffff,Travis
1545,89489e20ed7ffff,Travis
1546,89489e21d97ffff,Travis
1547,89489e22007ffff,Travis
1548,89489e22013ffff,Travis
1549,89489e22017ffff,Travis
1550,89489e22027ffff,Travis
1551,89489e2202bffff,Travis
1552,89489e2202fffff,Travis
1553,89489e2204bffff,Travis
1554,89489e2204fffff,Travis
1555,89489e22063ffff,Travis
1556,89489e2206bffff,Travis
1557,89489e2206fffff,Travis
1558,89489e22073ffff,Travis
1559,89489e2207bffff,Travis
1560,89489e22087ffff,Travis
1561,89489e22093ffff,Travis
1562,89489e22097ffff,Travis
1563,89489e220b3ffff,Travis
1564,89489e220b7ffff,Travis
1565,89489e220bbffff,Travis
1566,89489e22103ffff,Travis
1567,89489e22107ffff,Travis
1568,89489e2210bffff,Travis
1569,89489e2210fffff,Travis
1570,89489e22113ffff,Travis
1571,89489e22117ffff,Travis
1572,89489e2211bffff,Travis
1573,89489e22123ffff,Travis
1574,89489e22127ffff,Travis
1575,89489e2212bffff,Travis
1576,89489e2212fffff,Travis
1577,89489e22133ffff,Travis
1578,89489e22137ffff,Travis
1579,89489e2213bffff,Travis
1580,89489e22143ffff,Travis
1581,89489e22147ffff,Travis
1582,89489e2214bffff,Travis
1583,89489e2214fffff,Travis
1584,89489e22153ffff,Travis
1585,89489e22157ffff,Travis
1586,89489e2215bffff,Travis
1587,89489e22163ffff,Travis
1588,89489e22167ffff,Travis
1589,89489e2216bffff,Travis
1590,89489e22173ffff,Travis
1591,89489e22177ffff,Travis
1592,89489e2217bffff,Travis
1593,89489e22183ffff,Travis
1594,89489e22187ffff,Travis
1595,89489e2218bffff,Travis
1596,89489e2218fffff,Travis
1597,89489e22193ffff,Travis
1598,89489e22197ffff,Travis
1599,89489e2219bffff,Travis
1600,89489e221a3ffff,Travis
1601,89489e221a7ffff,Travis
1602,89489e221abffff,Travis
1603,89489e221afffff,Travis
1604,89489e221b3ffff,Travis
1605,89489e221b7ffff,Travis
1606,89489e221bbffff,Travis
1607,89489e221c3ffff,Travis
1608,89489e221c7ffff,Travis
1609,89489e221cbffff,Travis
1610,89489e221cfffff,Travis
1611,89489e221d3ffff,Travis
1612,89489e221d7ffff,Travis
1613,89489e22203ffff,Travis
1614,89489e22207ffff,Travis
1615,89489e2220bffff,Travis
1616,89489e2220fffff,Travis
1617,89489e22213ffff,Travis
1618,89489e22217ffff,Travis
1619,89489e2221bffff,Travis
1620,89489e22223ffff,Travis
1621,89489e22227ffff,Travis
1622,89489e2222bffff,Travis
1623,89489e2222fffff,Travis
1624,89489e22233ffff,Travis
1625,89489e22237ffff,Travis
1626,89489e2223bffff,Travis
1627,89489e22243ffff,Travis
1628,89489e22247ffff,Travis
1629,89489e2224bffff,Travis
1630,89489e2224fffff,Travis
1631,89489e22257ffff,Travis
1632,89489e22263ffff,Travis
1633,89489e22267ffff,Travis
1634,89489e2226bffff,Travis
1635,89489e2226fffff,Travis
1636,89489e22273ffff,Travis
1637,89489e22277ffff,Travis
1638,89489e2227bffff,Travis
1639,89489e22283ffff,Travis
1640,89489e22287ffff,Travis
1641,89489e2228bffff,Travis
1642,89489e2228fffff,Travis
1643,89489e22293ffff,Travis
1644,89489e22297ffff,Travis
1645,89489e2229bffff,Travis
1646,89489e222a3ffff,Travis
1647,89489e222a7ffff,Travis
1648,89489e222abffff,Travis
1649,89489e222afffff,Travis
1650,89489e222b3ffff,Travis
1651,89489e222b7ffff,Travis
1652,89489e222bbffff,Travis
1653,89489e222c7ffff,Travis
1654,89489e222d7ffff,Travis
1655,89489e22303ffff,Travis
1656,89489e2230bffff,Travis
1657,89489e22313ffff,Travis
1658,89489e22317ffff,Travis
1659,89489e2231bffff,Travis
1660,89489e22327ffff,Travis
1661,89489e22343ffff,Travis
1662,89489e22347ffff,Travis
1663,89489e2234bffff,Travis
1664,89489e2234fffff,Travis
1665,89489e22353ffff,Travis
1666,89489e22357ffff,Travis
1667,89489e2235bffff,Travis
1668,89489e2236bffff,Travis
1669,89489e22373ffff,Travis
1670,89489e2237bffff,Travis
1671,89489e22383ffff,Travis
1672,89489e22387ffff,Travis
1673,89489e2238bffff,Travis
1674,89489e2238fffff,Travis
1675,89489e22393ffff,Travis
1676,89489e22397ffff,Travis
1677,89489e2239bffff,Travis
1678,89489e223a3ffff,Travis
1679,89489e223abffff,Travis
1680,89489e223afffff,Travis
1681,89489e223b3ffff,Travis
1682,89489e223b7ffff,Travis
1683,89489e223bbffff,Travis
1684,89489e223c3ffff,Travis
1685,89489e223c7ffff,Travis
1686,89489e223cbffff,Travis
1687,89489e223cfffff,Travis
1688,89489e223d3ffff,Travis
1689,89489e223d7ffff,Travis
1690,89489e223dbffff,Travis
1691,89489e22423ffff,Travis
1692,89489e22427ffff,Travis
1693,89489e2242bffff,Travis
1694,89489e2242fffff,Travis
1695,89489e22433ffff,Travis
1696,89489e22437ffff,Travis
1697,89489e2243bffff,Travis
1698,89489e224a3ffff,Travis
1699,89489e224a7ffff,Travis
1700,89489e224abffff,Travis
1701,89489e224afffff,Travis
1702,89489e224b7ffff,Travis
1703,89489e224bbffff,Travis
1704,89489e224c7ffff,Travis
1705,89489e224d7ffff,Travis
1706,89489e22503ffff,Travis
1707,89489e22507ffff,Travis
1708,89489e2250bffff,Travis
1709,89489e2250fffff,Travis
1710,89489e22513ffff,Travis
1711,89489e22517ffff,Travis
1712,89489e2251bffff,Travis
1713,89489e22523ffff,Travis
1714,89489e22527ffff,Travis
1715,89489e2252bffff,Travis
1716,89489e2252fffff,Travis
1717,89489e22533ffff,Travis
1718,89489e22537ffff,Travis
1719,89489e2253bffff,Travis
1720,89489e22543ffff,Travis
1721,89489e22547ffff,Travis
1722,89489e2254bffff,Travis
1723,89489e2254fffff,Travis
1724,89489e22553ffff,Travis
1725,89489e22557ffff,Travis
1726,89489e2255bffff,Travis
1727,89489e22563ffff,Travis
1728,89489e22567ffff,Travis
1729,89489e2256bffff,Travis
1730,89489e2256fffff,Travis
1731,89489e22573ffff,Travis
1732,89489e22577ffff,Travis
1733,89489e2257bffff,Travis
1734,89489e22583ffff,Travis
1735,89489e22587ffff,Travis
1736,89489e2258bffff,Travis
1737,89489e2258fffff,Travis
1738,89489e22597ffff,Travis
1739,89489e2259bffff,Travis
1740,89489e225a3ffff,Travis
1741,89489e225a7ffff,Travis
1742,89489e225abffff,Travis
1743,89489e225afffff,Travis
1744,89489e225b3ffff,Travis
1745,89489e225b7ffff,Travis
1746,89489e225bbffff,Travis
1747,89489e225c3ffff,Travis
1748,89489e225c7ffff,Travis
1749,89489e225cbffff,Travis
1750,89489e225cfffff,Travis
1751,89489e225d7ffff,Travis
1752,89489e225dbffff,Travis
1753,89489e2260bffff,Travis
1754,89489e2260fffff,Travis
1755,89489e2262bffff,Travis
1756,89489e22663ffff,Travis
1757,89489e22667ffff,Travis
1758,89489e2266bffff,Travis
1759,89489e2266fffff,Travis
1760,89489e22673ffff,Travis
1761,89489e2267bffff,Travis
1762,89489e22803ffff,Travis
1763,89489e22807ffff,Travis
1764,89489e2280bffff,Travis
1765,89489e2280fffff,Travis
1766,89489e22813ffff,Travis
1767,89489e22817ffff,Travis
1768,89489e2281bffff,Travis
1769,89489e22823ffff,Travis
1770,89489e22827ffff,Travis
1771,89489e22833ffff,Travis
1772,89489e22837ffff,Travis
1773,89489e2283bffff,Travis
1774,89489e22847ffff,Travis
1775,89489e22857ffff,Travis
1776,89489e22873ffff,Travis
1777,89489e22877ffff,Travis
1778,89489e22887ffff,Travis
1779,89489e2288bffff,Travis
1780,89489e2288fffff,Travis
1781,89489e22897ffff,Travis
1782,89489e228a3ffff,Travis
1783,89489e228a7ffff,Travis
1784,89489e228abffff,Travis
1785,89489e228afffff,Travis
1786,89489e228b3ffff,Travis
1787,89489e228b7ffff,Travis
1788,89489e228bbffff,Travis
1789,89489e228c3ffff,Travis
1790,89489e228c7ffff,Travis
1791,89489e228cbffff,Travis
1792,89489e228cfffff,Travis
1793,89489e228d3ffff,Travis
1794,89489e228dbffff,Travis
1795,89489e22903ffff,Travis
1796,89489e22907ffff,Travis
1797,89489e2290bffff,Travis
1798,89489e2290fffff,Travis
1799,89489e22913ffff,Travis
1800,89489e22917ffff,Travis
1801,89489e2291bffff,Travis
1802,89489e22923ffff,Travis
1803,89489e22927ffff,Travis
1804,89489e2292bffff,Travis
1805,89489e2292fffff,Travis
1806,89489e22933ffff,Travis
1807,89489e22937ffff,Travis
1808,89489e2293bffff,Travis
1809,89489e22943ffff,Travis
1810,89489e22947ffff,Travis
1811,89489e2294bffff,Travis
1812,89489e2294fffff,Travis
1813,89489e22953ffff,Travis
1814,89489e22957ffff,Travis
1815,89489e2295bffff,Travis
1816,89489e22963ffff,Travis
1817,89489e22967ffff,Travis
1818,89489e2296bffff,Travis
1819,89489e2296fffff,Travis
1820,89489e22973ffff,Travis
1821,89489e22977ffff,Travis
1822,89489e2297bffff,Travis
1823,89489e22983ffff,Travis
1824,89489e22987ffff,Travis
1825,89489e2298bffff,Travis
1826,89489e2298fffff,Travis
1827,89489e22993ffff,Travis
1828,89489e22997ffff,Travis
1829,89489e2299bffff,Travis
1830,89489e229a3ffff,Travis
1831,89489e229a7ffff,Travis
1832,89489e229abffff,Travis
1833,89489e229afffff,Travis
1834,89489e229b3ffff,Travis
1835,89489e229b7ffff,Travis
1836,89489e229bbffff,Travis
1837,89489e229c3ffff,Travis
1838,89489e229c7ffff,Travis
1839,89489e229cbffff,Travis
1840,89489e229cfffff,Travis
1841,89489e229d3ffff,Travis
1842,89489e229d7ffff,Travis
1843,89489e229dbffff,Travis
1844,89489e22a67ffff,Travis
1845,89489e22a6bffff,Travis
1846,89489e22a6fffff,Travis
1847,89489e22b03ffff,Travis
1848,89489e22b07ffff,Travis
1849,89489e22b0bffff,Travis
1850,89489e22b0fffff,Travis
1851,89489e22b13ffff,Travis
1852,89489e22b17ffff,Travis
1853,89489e22b1bffff,Travis
1854,89489e22b23ffff,Travis
1855,89489e22b27ffff,Travis
1856,89489e22b2bffff,Travis
1857,89489e22b2fffff,Travis
1858,89489e22b33ffff,Travis
1859,89489e22b37ffff,Travis
1860,89489e22b3bffff,Travis
1861,89489e22b43ffff,Travis
1862,89489e22b47ffff,Travis
1863,89489e22b4bffff,Travis
1864,89489e22b4fffff,Travis
1865,89489e22b53ffff,Travis
1866,89489e22b57ffff,Travis
1867,89489e22b5bffff,Travis
1868,89489e22b63ffff,Travis
1869,89489e22b67ffff,Travis
1870,89489e22b6bffff,Travis
1871,89489e22b6fffff,Travis
1872,89489e22b73ffff,Travis
1873,89489e22b77ffff,Travis
1874,89489e22b7bffff,Travis
1875,89489e22b8fffff,Travis
1876,89489e22ba3ffff,Travis
1877,89489e22ba7ffff,Travis
1878,89489e22babffff,Travis
1879,89489e22bafffff,Travis
1880,89489e22bb3ffff,Travis
1881,89489e22bb7ffff,Travis
1882,89489e22bbbffff,Travis
1883,89489e22bc7ffff,Travis
1884,89489e22c03ffff,Travis
1885,89489e22c07ffff,Travis
1886,89489e22c0bffff,Travis
1887,89489e22c0fffff,Travis
1888,89489e22c13ffff,Travis
1889,89489e22c17ffff,Travis
1890,89489e22c1bffff,Travis
1891,89489e22c23ffff,Travis
1892,89489e22c27ffff,Travis
1893,89489e22c2bffff,Travis
1894,89489e22c2fffff,Travis
1895,89489e22c33ffff,Travis
1896,89489e22c37ffff,Travis
1897,89489e22c3bffff,Travis
1898,89489e22c43ffff,Travis
1899,89489e22c47ffff,Travis
1900,89489e22c4bffff,Travis
1901,89489e22c4fffff,Travis
1902,89489e22c53ffff,Travis
1903,89489e22c57ffff,Travis
1904,89489e22c5bffff,Travis
1905,89489e22c6bffff,Travis
1906,89489e22c73ffff,Travis
1907,89489e22c77ffff,Travis
1908,89489e22c7bffff,Travis
1909,89489e22c83ffff,Travis
1910,89489e22c87ffff,Travis
1911,89489e22c8bffff,Travis
1912,89489e22c8fffff,Travis
1913,89489e22c93ffff,Travis
1914,89489e22c97ffff,Travis
1915,89489e22c9bffff,Travis
1916,89489e22ca3ffff,Travis
1917,89489e22ca7ffff,Travis
1918,89489e22cabffff,Travis
1919,89489e22cafffff,Travis
1920,89489e22cb3ffff,Travis
1921,89489e22cb7ffff,Travis
1922,89489e22cbbffff,Travis
1923,89489e22cc3ffff,Travis
1924,89489e22cc7ffff,Travis
1925,89489e22ccbffff,Travis
1926,89489e22ccfffff,Travis
1927,89489e22cd3ffff,Travis
1928,89489e22cd7ffff,Travis
1929,89489e22cdbffff,Travis
1930,89489e22d03ffff,Travis
1931,89489e22d07ffff,Travis
1932,89489e22d0bffff,Travis
1933,89489e22d0fffff,Travis
1934,89489e22d13ffff,Travis
1935,89489e22d17ffff,Travis
1936,89489e22d1bffff,Travis
1937,89489e22d23ffff,Travis
1938,89489e22d27ffff,Travis
1939,89489e22d2bffff,Travis
1940,89489e22d2fffff,Travis
1941,89489e22d33ffff,Travis
1942,89489e22d37ffff,Travis
1943,89489e22d3bffff,Travis
1944,89489e22d43ffff,Travis
1945,89489e22d47ffff,Travis
1946,89489e22d4bffff,Travis
1947,89489e22d4fffff,Travis
1948,89489e22d53ffff,Travis
1949,89489e22d57ffff,Travis
1950,89489e22d5bffff,Travis
1951,89489e22d63ffff,Travis
1952,89489e22d67ffff,Travis
1953,89489e22d6bffff,Travis
1954,89489e22d6fffff,Travis
1955,89489e22d73ffff,Travis
1956,89489e22d77ffff,Travis
1957,89489e22d7bffff,Travis
1958,89489e22d83ffff,Travis
1959,89489e22d87ffff,Travis
1960,89489e22d8bffff,Travis
1961,89489e22d8fffff,Travis
1962,89489e22d93ffff,Travis
1963,89489e22d97ffff,Travis
1964,89489e22d9bffff,Travis
1965,89489e22da3ffff,Travis
1966,89489e22da7ffff,Travis
1967,89489e22dabffff,Travis
1968,89489e22dafffff,Travis
1969,89489e22db3ffff,Travis
1970,89489e22db7ffff,Travis
1971,89489e22dbbffff,Travis
1972,89489e22dc3ffff,Travis
1973,89489e22dc7ffff,Travis
1974,89489e22dcbffff,Travis
1975,89489e22dcfffff,Travis
1976,89489e22dd3ffff,Travis
1977,89489e22dd7ffff,Travis
1978,89489e22ddbffff,Travis
1979,89489e22e03ffff,Travis
1980,89489e22e07ffff,Travis
1981,89489e22e0bffff,Travis
1982,89489e22e0fffff,Travis
1983,89489e22e13ffff,Travis
1984,89489e22e17ffff,Travis
1985,89489e22e1bffff,Travis
1986,89489e22e27ffff,Travis
1987,89489e22e2bffff,Travis
1988,89489e22e37ffff,Travis
1989,89489e22e47ffff,Travis
1990,89489e22e4fffff,Travis
1991,89489e22e53ffff,Travis
1992,89489e22e57ffff,Travis
1993,89489e22e67ffff,Travis
1994,89489e22e6fffff,Travis
1995,89489e22e73ffff,Travis
1996,89489e22e7bffff,Travis
1997,89489e22e83ffff,Travis
1998,89489e22e87ffff,Travis
1999,89489e22e8bffff,Travis
2000,89489e22e8fffff,Travis
2001,89489e22e93ffff,Travis
2002,89489e22e97ffff,Travis
2003,89489e22e9bffff,Travis
2004,89489e22ea3ffff,Travis
2005,89489e22ea7ffff,Travis
2006,89489e22eabffff,Travis
2007,89489e22eb3ffff,Travis
2008,89489e22eb7ffff,Travis
2009,89489e22ebbffff,Travis
2010,89489e22ec3ffff,Travis
2011,89489e22ec7ffff,Travis
2012,89489e22ecbffff,Travis
2013,89489e22ecfffff,Travis
2014,89489e22edbffff,Travis
2015,89489e23003ffff,Travis
2016,89489e23007ffff,Travis
2017,89489e2300bffff,Travis
2018,89489e2300fffff,Travis
2019,89489e23013ffff,Travis
2020,89489e23017ffff,Travis
2021,89489e2301bffff,Travis
2022,89489e23023ffff,Travis
2023,89489e23027ffff,Travis
2024,89489e2302bffff,Travis
2025,89489e2302fffff,Travis
2026,89489e23033ffff,Travis
2027,89489e23037ffff,Travis
2028,89489e2303bffff,Travis
2029,89489e23043ffff,Travis
2030,89489e23047ffff,Travis
2031,89489e2304bffff,Travis
2032,89489e23053ffff,Travis
2033,89489e23057ffff,Travis
2034,89489e2305bffff,Travis
2035,89489e23063ffff,Travis
2036,89489e23067ffff,Travis
2037,89489e2306fffff,Travis
2038,89489e23077ffff,Travis
2039,89489e23083ffff,Travis
2040,89489e23087ffff,Travis
2041,89489e2308bffff,Travis
2042,89489e2308fffff,Travis
2043,89489e23093ffff,Travis
2044,89489e2309bffff,Travis
2045,89489e230a3ffff,Travis
2046,89489e230abffff,Travis
2047,89489e230afffff,Travis
2048,89489e230b3ffff,Travis
2049,89489e230b7ffff,Travis
2050,89489e230bbffff,Travis
2051,89489e230c3ffff,Travis
2052,89489e230c7ffff,Travis
2053,89489e230cbffff,Travis
2054,89489e230cfffff,Travis
2055,89489e230d3ffff,Travis
2056,89489e230d7ffff,Travis
2057,89489e23103ffff,Travis
2058,89489e23107ffff,Travis
2059,89489e23117ffff,Travis
2060,89489e23123ffff,Travis
2061,89489e2312bffff,Travis
2062,89489e2312fffff,Travis
2063,89489e23133ffff,Travis
2064,89489e23137ffff,Travis
2065,89489e2313bffff,Travis
2066,89489e23143ffff,Travis
2067,89489e2314bffff,Travis
2068,89489e2314fffff,Travis
2069,89489e23153ffff,Travis
2070,89489e23157ffff,Travis
2071,89489e2315bffff,Travis
2072,89489e23167ffff,Travis
2073,89489e23183ffff,Travis
2074,89489e23187ffff,Travis
2075,89489e2318fffff,Travis
2076,89489e23197ffff,Travis
2077,89489e231a3ffff,Travis
2078,89489e231a7ffff,Travis
2079,89489e231abffff,Travis
2080,89489e231afffff,Travis
2081,89489e231b3ffff,Travis
2082,89489e231b7ffff,Travis
2083,89489e231bbffff,Travis
2084,89489e231cbffff,Travis
2085,89489e231dbffff,Travis
2086,89489e23293ffff,Travis
2087,89489e23297ffff,Travis
2088,89489e23383ffff,Travis
2089,89489e23387ffff,Travis
2090,89489e23393ffff,Travis
2091,89489e23397ffff,Travis
2092,89489e2339bffff,Travis
2093,89489e23463ffff,Travis
2094,89489e23467ffff,Travis
2095,89489e2346bffff,Travis
2096,89489e2346fffff,Travis
2097,89489e23473ffff,Travis
2098,89489e2354fffff,Travis
2099,89489e23623ffff,Travis
2100,89489e23627ffff,Travis
2101,89489e2362bffff,Travis
2102,89489e2362fffff,Travis
2103,89489e23667ffff,Travis
2104,89489e24003ffff,Travis
2105,89489e24007ffff,Travis
2106,89489e2400bffff,Travis
2107,89489e2400fffff,Travis
2108,89489e24013ffff,Travis
2109,89489e24017ffff,Travis
2110,89489e2401bffff,Travis
2111,89489e2402bffff,Travis
2112,89489e2402fffff,Williamson
2113,89489e24043ffff,Travis
2114,89489e24047ffff,Travis
2115,89489e2404bffff,Travis
2116,89489e2404fffff,Travis
2117,89489e24053ffff,Travis
2118,89489e24057ffff,Travis
2119,89489e2405bffff,Travis
2120,89489e24067ffff,Williamson
2121,89489e2406fffff,Williamson
2122,89489e24073ffff,Travis
2123,89489e24077ffff,Travis
2124,89489e24083ffff,Travis
2125,89489e24087ffff,Travis
2126,89489e2408bffff,Travis
2127,89489e2408fffff,Travis
2128,89489e24093ffff,Travis
2129,89489e24097ffff,Travis
2130,89489e2409bffff,Travis
2131,89489e240a3ffff,Travis
2132,89489e240a7ffff,Williamson
2133,89489e240abffff,Travis
2134,89489e240afffff,Travis
2135,89489e240b3ffff,Travis
2136,89489e240b7ffff,Williamson
2137,89489e240bbffff,Travis
2138,89489e240c3ffff,Travis
2139,89489e240c7ffff,Travis
2140,89489e240cbffff,Travis
2141,89489e240cfffff,Travis
2142,89489e240d3ffff,Travis
2143,89489e240d7ffff,Travis
2144,89489e240dbffff,Travis
2145,89489e24107ffff,Williamson
2146,89489e24113ffff,Williamson
2147,89489e24117ffff,Williamson
2148,89489e24123ffff,Williamson
2149,89489e24127ffff,Williamson
2150,89489e2412fffff,Williamson
2151,89489e24133ffff,Williamson
2152,89489e24137ffff,Williamson
2153,89489e2413bffff,Williamson
2154,89489e2414bffff,Williamson
2155,89489e2414fffff,Williamson
2156,89489e2415bffff,Williamson
2157,89489e2416bffff,Williamson
2158,89489e2416fffff,Williamson
2159,89489e24183ffff,Williamson
2160,89489e24187ffff,Williamson
2161,89489e2418bffff,Williamson
2162,89489e2418fffff,Williamson
2163,89489e24193ffff,Williamson
2164,89489e24197ffff,Williamson
2165,89489e2419bffff,Williamson
2166,89489e241a3ffff,Williamson
2167,89489e241abffff,Williamson
2168,89489e241afffff,Williamson
2169,89489e241b3ffff,Williamson
2170,89489e241b7ffff,Williamson
2171,89489e241bbffff,Williamson
2172,89489e24203ffff,Travis
2173,89489e24207ffff,Travis
2174,89489e2420bffff,Travis
2175,89489e2420fffff,Travis
2176,89489e24213ffff,Travis
2177,89489e24217ffff,Travis
2178,89489e2421bffff,Travis
2179,89489e24223ffff,Williamson
2180,89489e24227ffff,Williamson
2181,89489e2422bffff,Travis
2182,89489e2422fffff,Williamson
2183,89489e24233ffff,Travis
2184,89489e24237ffff,Williamson
2185,89489e2423bffff,Travis
2186,89489e24243ffff,Travis
2187,89489e24247ffff,Travis
2188,89489e2424bffff,Travis
2189,89489e2424fffff,Travis
2190,89489e24253ffff,Travis
2191,89489e24257ffff,Travis
2192,89489e2425bffff,Travis
2193,89489e24263ffff,Travis
2194,89489e24267ffff,Travis
2195,89489e2426bffff,Travis
2196,89489e2426fffff,Williamson
2197,89489e24273ffff,Travis
2198,89489e24277ffff,Travis
2199,89489e2427bffff,Travis
2200,89489e24283ffff,Travis
2201,89489e24287ffff,Travis
2202,89489e2428bffff,Travis
2203,89489e2428fffff,Travis
2204,89489e24293ffff,Travis
2205,89489e24297ffff,Travis
2206,89489e2429bffff,Travis
2207,89489e242a3ffff,Travis
2208,89489e242abffff,Travis
2209,89489e242afffff,Travis
2210,89489e242b3ffff,Travis
2211,89489e242bbffff,Travis
2212,89489e242c3ffff,Travis
2213,89489e242c7ffff,Travis
2214,89489e242cbffff,Travis
2215,89489e242cfffff,Travis
2216,89489e242d3ffff,Travis
2217,89489e242d7ffff,Travis
2218,89489e242dbffff,Travis
2219,89489e24303ffff,Williamson
2220,89489e24307ffff,Williamson
2221,89489e2430bffff,Williamson
2222,89489e2430fffff,Williamson
2223,89489e24313ffff,Williamson
2224,89489e24317ffff,Williamson
2225,89489e2431bffff,Williamson
2226,89489e24323ffff,Williamson
2227,89489e24327ffff,Williamson
2228,89489e2432bffff,Williamson
2229,89489e2432fffff,Williamson
2230,89489e24333ffff,Williamson
2231,89489e24337ffff,Williamson
2232,89489e2433bffff,Williamson
2233,89489e24343ffff,Williamson
2234,89489e24347ffff,Williamson
2235,89489e2434bffff,Williamson
2236,89489e2434fffff,Williamson
2237,89489e24353ffff,Williamson
2238,89489e24357ffff,Williamson
2239,89489e2435bffff,Williamson
2240,89489e24363ffff,Williamson
2241,89489e24367ffff,Williamson
2242,89489e2436bffff,Williamson
2243,89489e2436fffff,Williamson
2244,89489e24373ffff,Williamson
2245,89489e24377ffff,Williamson
2246,89489e2437bffff,Williamson
2247,89489e24383ffff,Williamson
2248,89489e24387ffff,Williamson
2249,89489e2438bffff,Williamson
2250,89489e2438fffff,Williamson
2251,89489e24393ffff,Williamson
2252,89489e24397ffff,Williamson
2253,89489e2439bffff,Williamson
2254,89489e243a3ffff,Williamson
2255,89489e243a7ffff,Williamson
2256,89489e243abffff,Williamson
2257,89489e243afffff,Williamson
2258,89489e243b3ffff,Williamson
2259,89489e243b7ffff,Williamson
2260,89489e243bbffff,Williamson
2261,89489e243c3ffff,Williamson
2262,89489e243c7ffff,Williamson
2263,89489e243cbffff,Williamson
2264,89489e243cfffff,Williamson
2265,89489e243d3ffff,Williamson
2266,89489e243d7ffff,Williamson
2267,89489e243dbffff,Williamson
2268,89489e24403ffff,Travis
2269,89489e24407ffff,Travis
2270,89489e2440bffff,Travis
2271,89489e2440fffff,Travis
2272,89489e24413ffff,Travis
2273,89489e24417ffff,Travis
2274,89489e2441bffff,Travis
2275,89489e24423ffff,Travis
2276,89489e24427ffff,Travis
2277,89489e2442bffff,Travis
2278,89489e2442fffff,Travis
2279,89489e24433ffff,Travis
2280,89489e24437ffff,Travis
2281,89489e2443bffff,Travis
2282,89489e24443ffff,Travis
2283,89489e24447ffff,Travis
2284,89489e2444bffff,Travis
2285,89489e2444fffff,Travis
2286,89489e24453ffff,Travis
2287,89489e24457ffff,Travis
2288,89489e2445bffff,Travis
2289,89489e24463ffff,Travis
2290,89489e24467ffff,Travis
2291,89489e2446bffff,Travis
2292,89489e2446fffff,Travis
2293,89489e24473ffff,Travis
2294,89489e24477ffff,Travis
2295,89489e2447bffff,Travis
2296,89489e24483ffff,Travis
2297,89489e24487ffff,Travis
2298,89489e2448bffff,Travis
2299,89489e2448fffff,Travis
2300,89489e24493ffff,Travis
2301,89489e24497ffff,Travis
2302,89489e2449bffff,Travis
2303,89489e244a3ffff,Travis
2304,89489e244a7ffff,Travis
2305,89489e244abffff,Travis
2306,89489e244afffff,Travis
2307,89489e244b3ffff,Travis
2308,89489e244b7ffff,Travis
2309,89489e244bbffff,Travis
2310,89489e244c3ffff,Travis
2311,89489e244c7ffff,Travis
2312,89489e244cbffff,Travis
2313,89489e244cfffff,Travis
2314,89489e244d3ffff,Travis
2315,89489e244d7ffff,Travis
2316,89489e244dbffff,Travis
2317,89489e24503ffff,Travis
2318,89489e24507ffff,Williamson
2319,89489e2450bffff,Travis
2320,89489e2450fffff,Williamson
2321,89489e24513ffff,Travis
2322,89489e24517ffff,Travis
2323,89489e2451bffff,Travis
2324,89489e24523ffff,Williamson
2325,89489e24527ffff,Williamson
2326,89489e2452bffff,Williamson
2327,89489e2452fffff,Williamson
2328,89489e24533ffff,Williamson
2329,89489e24537ffff,Williamson
2330,89489e2453bffff,Williamson
2331,89489e24543ffff,Travis
2332,89489e24547ffff,Williamson
2333,89489e2454bffff,Travis
2334,89489e2454fffff,Williamson
2335,89489e24553ffff,Travis
2336,89489e24557ffff,Travis
2337,89489e2455bffff,Travis
2338,89489e24563ffff,Williamson
2339,89489e24567ffff,Williamson
2340,89489e2456bffff,Williamson
2341,89489e24573ffff,Williamson
2342,89489e24577ffff,Williamson
2343,89489e2457bffff,Williamson
2344,89489e24583ffff,Travis
2345,89489e24587ffff,Travis
2346,89489e2458bffff,Travis
2347,89489e2458fffff,Travis
2348,89489e24593ffff,Travis
2349,89489e24597ffff,Travis
2350,89489e2459bffff,Travis
2351,89489e245a3ffff,Williamson
2352,89489e245a7ffff,Travis
2353,89489e245abffff,Williamson
2354,89489e245afffff,Williamson
2355,89489e245b3ffff,Travis
2356,89489e245b7ffff,Travis
2357,89489e245bbffff,Travis
2358,89489e245c3ffff,Travis
2359,89489e245c7ffff,Travis
2360,89489e245cbffff,Travis
2361,89489e245cfffff,Travis
2362,89489e245d3ffff,Travis
2363,89489e245d7ffff,Travis
2364,89489e245dbffff,Travis
2365,89489e24603ffff,Travis
2366,89489e24607ffff,Travis
2367,89489e2460bffff,Travis
2368,89489e2460fffff,Travis
2369,89489e24613ffff,Travis
2370,89489e24617ffff,Travis
2371,89489e2461bffff,Travis
2372,89489e24623ffff,Travis
2373,89489e24627ffff,Travis
2374,89489e2462bffff,Travis
2375,89489e2462fffff,Travis
2376,89489e24633ffff,Travis
2377,89489e24637ffff,Travis
2378,89489e2463bffff,Travis
2379,89489e24643ffff,Travis
2380,89489e24647ffff,Travis
2381,89489e2464bffff,Travis
2382,89489e2464fffff,Travis
2383,89489e24653ffff,Travis
2384,89489e24657ffff,Travis
2385,89489e2465bffff,Travis
2386,89489e24663ffff,Travis
2387,89489e24667ffff,Travis
2388,89489e2466bffff,Travis
2389,89489e2466fffff,Travis
2390,89489e24673ffff,Travis
2391,89489e24677ffff,Travis
2392,89489e2467bffff,Travis
2393,89489e24683ffff,Travis
2394,89489e24687ffff,Travis
2395,89489e2468bffff,Travis
2396,89489e2468fffff,Travis
2397,89489e24693ffff,Travis
2398,89489e24697ffff,Travis
2399,89489e2469bffff,Travis
2400,89489e246a3ffff,Travis
2401,89489e246a7ffff,Travis
2402,89489e246abffff,Travis
2403,89489e246afffff,Travis
2404,89489e246b3ffff,Travis
2405,89489e246b7ffff,Travis
2406,89489e246bbffff,Travis
2407,89489e246c3ffff,Travis
2408,89489e246c7ffff,Travis
2409,89489e246cbffff,Travis
2410,89489e246cfffff,Travis
2411,89489e246d3ffff,Travis
2412,89489e246d7ffff,Travis
2413,89489e246dbffff,Travis
2414,89489e24803ffff,Williamson
2415,89489e24807ffff,Williamson
2416,89489e2480bffff,Williamson
2417,89489e2480fffff,Williamson
2418,89489e24813ffff,Williamson
2419,89489e24817ffff,Williamson
2420,89489e2481bffff,Williamson
2421,89489e24823ffff,Williamson
2422,89489e24827ffff,Williamson
2423,89489e2482bffff,Williamson
2424,89489e2482fffff,Williamson
2425,89489e24833ffff,Williamson
2426,89489e24837ffff,Williamson
2427,89489e2483bffff,Williamson
2428,89489e24843ffff,Williamson
2429,89489e24847ffff,Williamson
2430,89489e2484bffff,Williamson
2431,89489e2484fffff,Williamson
2432,89489e24853ffff,Williamson
2433,89489e24857ffff,Williamson
2434,89489e2485bffff,Williamson
2435,89489e24863ffff,Williamson
2436,89489e24867ffff,Williamson
2437,89489e2486bffff,Williamson
2438,89489e2486fffff,Williamson
2439,89489e24873ffff,Williamson
2440,89489e24877ffff,Williamson
2441,89489e2487bffff,Williamson
2442,89489e24883ffff,Williamson
2443,89489e24887ffff,Williamson
2444,89489e2488bffff,Williamson
2445,89489e2488fffff,Williamson
2446,89489e24893ffff,Williamson
2447,89489e24897ffff,Williamson
2448,89489e2489bffff,Williamson
2449,89489e248a3ffff,Williamson
2450,89489e248a7ffff,Williamson
2451,89489e248abffff,Williamson
2452,89489e248afffff,Williamson
2453,89489e248b3ffff,Williamson
2454,89489e248b7ffff,Williamson
2455,89489e248bbffff,Williamson
2456,89489e248c3ffff,Williamson
2457,89489e248c7ffff,Williamson
2458,89489e248cbffff,Williamson
2459,89489e248cfffff,Williamson
2460,89489e248d3ffff,Williamson
2461,89489e248d7ffff,Williamson
2462,89489e248dbffff,Williamson
2463,89489e24953ffff,Williamson
2464,89489e2495bffff,Williamson
2465,89489e249c3ffff,Williamson
2466,89489e249cbffff,Williamson
2467,89489e249d3ffff,Williamson
2468,89489e249dbffff,Williamson
2469,89489e24a03ffff,Williamson
2470,89489e24a07ffff,Williamson
2471,89489e24a0bffff,Williamson
2472,89489e24a0fffff,Williamson
2473,89489e24a13ffff,Williamson
2474,89489e24a17ffff,Williamson
2475,89489e24a1bffff,Williamson
2476,89489e24a33ffff,Williamson
2477,89489e24a37ffff,Williamson
2478,89489e24a3bffff,Williamson
2479,89489e24a43ffff,Williamson
2480,89489e24a47ffff,Williamson
2481,89489e24a63ffff,Williamson
2482,89489e24a67ffff,Williamson
2483,89489e24a6bffff,Williamson
2484,89489e24a6fffff,Williamson
2485,89489e24a73ffff,Williamson
2486,89489e24a77ffff,Williamson
2487,89489e24a7bffff,Williamson
2488,89489e24a83ffff,Williamson
2489,89489e24a87ffff,Williamson
2490,89489e24a8bffff,Williamson
2491,89489e24a8fffff,Williamson
2492,89489e24a93ffff,Williamson
2493,89489e24a97ffff,Williamson
2494,89489e24a9bffff,Williamson
2495,89489e24aa3ffff,Williamson
2496,89489e24aa7ffff,Williamson
2497,89489e24aabffff,Williamson
2498,89489e24aafffff,Williamson
2499,89489e24ab3ffff,Williamson
2500,89489e24ab7ffff,Williamson
2501,89489e24abbffff,Williamson
2502,89489e24ad7ffff,Williamson
2503,89489e24c03ffff,Williamson
2504,89489e24c07ffff,Williamson
2505,89489e24c0bffff,Williamson
2506,89489e24c0fffff,Williamson
2507,89489e24c13ffff,Williamson
2508,89489e24c17ffff,Williamson
2509,89489e24c23ffff,Williamson
2510,89489e24c27ffff,Williamson
2511,89489e24c2bffff,Williamson
2512,89489e24c2fffff,Williamson
2513,89489e24c33ffff,Williamson
2514,89489e24c37ffff,Williamson
2515,89489e24c3bffff,Williamson
2516,89489e24c63ffff,Williamson
2517,89489e24c67ffff,Williamson
2518,89489e24c6bffff,Williamson
2519,89489e24c6fffff,Williamson
2520,89489e24c73ffff,Williamson
2521,89489e24c77ffff,Williamson
2522,89489e24c7bffff,Williamson
2523,89489e24c83ffff,Williamson
2524,89489e24c87ffff,Williamson
2525,89489e24c8bffff,Williamson
2526,89489e24c8fffff,Williamson
2527,89489e24c93ffff,Williamson
2528,89489e24c97ffff,Williamson
2529,89489e24ca3ffff,Williamson
2530,89489e24ca7ffff,Williamson
2531,89489e24cabffff,Williamson
2532,89489e24cafffff,Williamson
2533,89489e24cb3ffff,Williamson
2534,89489e24cb7ffff,Williamson
2535,89489e24cbbffff,Williamson
2536,89489e24cdbffff,Williamson
2537,89489e24d03ffff,Williamson
2538,89489e24d0bffff,Williamson
2539,89489e24d0fffff,Williamson
2540,89489e24d1bffff,Williamson
2541,89489e24d43ffff,Williamson
2542,89489e24d47ffff,Williamson
2543,89489e24d4bffff,Williamson
2544,89489e24d4fffff,Williamson
2545,89489e24d53ffff,Williamson
2546,89489e24d57ffff,Williamson
2547,89489e24d5bffff,Williamson
2548,89489e24d63ffff,Williamson
2549,89489e24d67ffff,Williamson
2550,89489e24d6bffff,Williamson
2551,89489e24d6fffff,Williamson
2552,89489e24d73ffff,Williamson
2553,89489e24d77ffff,Williamson
2554,89489e24d7bffff,Williamson
2555,89489e24d83ffff,Williamson
2556,89489e24d8bffff,Williamson
2557,89489e24d93ffff,Williamson
2558,89489e24d97ffff,Williamson
2559,89489e24d9bffff,Williamson
2560,89489e24dc3ffff,Williamson
2561,89489e24dc7ffff,Williamson
2562,89489e24dcbffff,Williamson
2563,89489e24dcfffff,Williamson
2564,89489e24dd3ffff,Williamson
2565,89489e24dd7ffff,Williamson
2566,89489e24ddbffff,Williamson
2567,89489e24e03ffff,Williamson
2568,89489e24e0bffff,Williamson
2569,89489e24e13ffff,Williamson
2570,89489e24e17ffff,Williamson
2571,89489e24e1bffff,Williamson
2572,89489e24e23ffff,Williamson
2573,89489e24e27ffff,Williamson
2574,89489e24e2bffff,Williamson
2575,89489e24e2fffff,Williamson
2576,89489e24e33ffff,Williamson
2577,89489e24e37ffff,Williamson
2578,89489e24e3bffff,Williamson
2579,89489e24e43ffff,Williamson
2580,89489e24e47ffff,Williamson
2581,89489e24e4bffff,Williamson
2582,89489e24e4fffff,Williamson
2583,89489e24e53ffff,Williamson
2584,89489e24e57ffff,Williamson
2585,89489e24e5bffff,Williamson
2586,89489e24e63ffff,Williamson
2587,89489e24e67ffff,Williamson
2588,89489e24e6bffff,Williamson
2589,89489e24e6fffff,Williamson
2590,89489e24e77ffff,Williamson
2591,89489e24e8bffff,Williamson
2592,89489e24ea3ffff,Williamson
2593,89489e24ea7ffff,Williamson
2594,89489e24eabffff,Williamson
2595,89489e24eafffff,Williamson
2596,89489e24eb7ffff,Williamson
2597,89489e24ebbffff,Williamson
2598,89489e24ec3ffff,Williamson
2599,89489e24ec7ffff,Williamson
2600,89489e24ecbffff,Williamson
2601,89489e24ecfffff,Williamson
2602,89489e24ed3ffff,Williamson
2603,89489e24ed7ffff,Williamson
2604,89489e24edbffff,Williamson
2605,89489e2500bffff,Travis
2606,89489e2501bffff,Travis
2607,89489e25053ffff,Travis
2608,89489e25057ffff,Travis
2609,89489e25073ffff,Travis
2610,89489e2507bffff,Travis
2611,89489e250c3ffff,Travis
2612,89489e250c7ffff,Travis
2613,89489e250cbffff,Travis
2614,89489e250cfffff,Travis
2615,89489e250d3ffff,Travis
2616,89489e250d7ffff,Travis
2617,89489e25127ffff,Williamson
2618,89489e2512fffff,Williamson
2619,89489e25133ffff,Williamson
2620,89489e25137ffff,Williamson
2621,89489e25183ffff,Travis
2622,89489e2518fffff,Travis
2623,89489e25193ffff,Travis
2624,89489e25197ffff,Travis
2625,89489e251a3ffff,Travis
2626,89489e251a7ffff,Williamson
2627,89489e251abffff,Travis
2628,89489e251afffff,Williamson
2629,89489e251b3ffff,Travis
2630,89489e251b7ffff,Travis
2631,89489e251bbffff,Travis
2632,89489e25307ffff,Travis
2633,89489e25313ffff,Travis
2634,89489e25333ffff,Travis
2635,89489e2538bffff,Travis
2636,89489e2538fffff,Travis
2637,89489e2539bffff,Travis
2638,89489e253abffff,Travis
2639,89489e253bbffff,Travis
2640,89489e25403ffff,Travis
2641,89489e25407ffff,Travis
2642,89489e2540bffff,Travis
2643,89489e2540fffff,Travis
2644,89489e25413ffff,Travis
2645,89489e25417ffff,Travis
2646,89489e2541bffff,Travis
2647,89489e25423ffff,Travis
2648,89489e25427ffff,Travis
2649,89489e25433ffff,Travis
2650,89489e25437ffff,Travis
2651,89489e2543bffff,Travis
2652,89489e25443ffff,Travis
2653,89489e25447ffff,Travis
2654,89489e2544fffff,Travis
2655,89489e25453ffff,Travis
2656,89489e25457ffff,Travis
2657,89489e2545bffff,Travis
2658,89489e25463ffff,Travis
2659,89489e2546fffff,Travis
2660,89489e25473ffff,Travis
2661,89489e25483ffff,Travis
2662,89489e25487ffff,Travis
2663,89489e2548bffff,Travis
2664,89489e2548fffff,Travis
2665,89489e25493ffff,Travis
2666,89489e25497ffff,Travis
2667,89489e2549bffff,Travis
2668,89489e254a3ffff,Travis
2669,89489e254a7ffff,Travis
2670,89489e254abffff,Travis
2671,89489e254afffff,Travis
2672,89489e254b3ffff,Travis
2673,89489e254b7ffff,Travis
2674,89489e254bbffff,Travis
2675,89489e254c3ffff,Travis
2676,89489e254c7ffff,Travis
2677,89489e254cbffff,Travis
2678,89489e254cfffff,Travis
2679,89489e254d3ffff,Travis
2680,89489e254d7ffff,Travis
2681,89489e254dbffff,Travis
2682,89489e25503ffff,Travis
2683,89489e25507ffff,Travis
2684,89489e2550bffff,Travis
2685,89489e2550fffff,Travis
2686,89489e25513ffff,Travis
2687,89489e25517ffff,Travis
2688,89489e2551bffff,Travis
2689,89489e25523ffff,Travis
2690,89489e25527ffff,Travis
2691,89489e2552fffff,Travis
2692,89489e25533ffff,Travis
2693,89489e25537ffff,Travis
2694,89489e2553bffff,Travis
2695,89489e25543ffff,Travis
2696,89489e25553ffff,Travis
2697,89489e25557ffff,Travis
2698,89489e25583ffff,Travis
2699,89489e25587ffff,Travis
2700,89489e2558bffff,Travis
2701,89489e2558fffff,Travis
2702,89489e25593ffff,Travis
2703,89489e25597ffff,Travis
2704,89489e2559bffff,Travis
2705,89489e255a3ffff,Travis
2706,89489e255a7ffff,Travis
2707,89489e255abffff,Travis
2708,89489e255afffff,Travis
2709,89489e255b3ffff,Travis
2710,89489e255b7ffff,Travis
2711,89489e255bbffff,Travis
2712,89489e255c3ffff,Travis
2713,89489e255c7ffff,Travis
2714,89489e255cbffff,Travis
2715,89489e255cfffff,Travis
2716,89489e255d3ffff,Travis
2717,89489e255d7ffff,Travis
2718,89489e255dbffff,Travis
2719,89489e25607ffff,Travis
2720,89489e25623ffff,Travis
2721,89489e25627ffff,Travis
2722,89489e25633ffff,Travis
2723,89489e25637ffff,Travis
2724,89489e256b7ffff,Travis
2725,89489e256d3ffff,Travis
2726,89489e25817ffff,Williamson
2727,89489e25827ffff,Williamson
2728,89489e25833ffff,Williamson
2729,89489e25837ffff,Williamson
2730,89489e25883ffff,Williamson
2731,89489e25887ffff,Williamson
2732,89489e2588bffff,Williamson
2733,89489e2588fffff,Williamson
2734,89489e25893ffff,Williamson
2735,89489e25897ffff,Williamson
2736,89489e2589bffff,Williamson
2737,89489e258a3ffff,Williamson
2738,89489e258a7ffff,Williamson
2739,89489e258abffff,Williamson
2740,89489e258afffff,Williamson
2741,89489e258b3ffff,Williamson
2742,89489e258bbffff,Williamson
2743,89489e25c03ffff,Williamson
2744,89489e25c07ffff,Williamson
2745,89489e25c0bffff,Williamson
2746,89489e25c0fffff,Williamson
2747,89489e25c13ffff,Williamson
2748,89489e25c17ffff,Williamson
2749,89489e25c1bffff,Williamson
2750,89489e25c23ffff,Williamson
2751,89489e25c2bffff,Williamson
2752,89489e25c2fffff,Williamson
2753,89489e25c33ffff,Williamson
2754,89489e25c3bffff,Williamson
2755,89489e25c43ffff,Williamson
2756,89489e25c47ffff,Williamson
2757,89489e25c4bffff,Williamson
2758,89489e25c4fffff,Williamson
2759,89489e25c53ffff,Williamson
2760,89489e25c57ffff,Williamson
2761,89489e25c5bffff,Williamson
2762,89489e25c63ffff,Williamson
2763,89489e25c67ffff,Williamson
2764,89489e25c6fffff,Williamson
2765,89489e25c73ffff,Williamson
2766,89489e25c77ffff,Williamson
2767,89489e25c7bffff,Williamson
2768,89489e25c83ffff,Williamson
2769,89489e25c87ffff,Williamson
2770,89489e25c8bffff,Williamson
2771,89489e25c8fffff,Williamson
2772,89489e25c93ffff,Williamson
2773,89489e25c97ffff,Williamson
2774,89489e25c9bffff,Williamson
2775,89489e25ca3ffff,Williamson
2776,89489e25ca7ffff,Williamson
2777,89489e25cabffff,Williamson
2778,89489e25cb3ffff,Williamson
2779,89489e25cb7ffff,Williamson
2780,89489e25cbbffff,Williamson
2781,89489e25cc3ffff,Williamson
2782,89489e25cc7ffff,Williamson
2783,89489e25ccbffff,Williamson
2784,89489e25ccfffff,Williamson
2785,89489e25cd3ffff,Williamson
2786,89489e25cd7ffff,Williamson
2787,89489e25cdbffff,Williamson
2788,89489e25d13ffff,Williamson
2789,89489e25d5bffff,Williamson
2790,89489e25d83ffff,Williamson
2791,89489e25d87ffff,Williamson
2792,89489e25d8bffff,Williamson
2793,89489e25d8fffff,Williamson
2794,89489e25d93ffff,Williamson
2795,89489e25d97ffff,Williamson
2796,89489e25d9bffff,Williamson
2797,89489e25db3ffff,Williamson
2798,89489e25dbbffff,Williamson
2799,89489e25dc3ffff,Williamson
2800,89489e25dd3ffff,Williamson
2801,89489e25dd7ffff,Williamson
2802,89489e25e83ffff,Williamson
2803,89489e25e87ffff,Williamson
2804,89489e25e97ffff,Williamson
2805,89489e25eb3ffff,Williamson
2806,89489e25eb7ffff,Williamson
2807,89489e25ebbffff,Williamson
2808,89489e26003ffff,Travis
2809,89489e26007ffff,Travis
2810,89489e2600bffff,Travis
2811,89489e2600fffff,Travis
2812,89489e26013ffff,Travis
2813,89489e26017ffff,Travis
2814,89489e2601bffff,Travis
2815,89489e26027ffff,Travis
2816,89489e2602bffff,Travis
2817,89489e2602fffff,Travis
2818,89489e26033ffff,Travis
2819,89489e26037ffff,Travis
2820,89489e26043ffff,Travis
2821,89489e26047ffff,Travis
2822,89489e2604bffff,Travis
2823,89489e2604fffff,Travis
2824,89489e26053ffff,Travis
2825,89489e26057ffff,Travis
2826,89489e2605bffff,Travis
2827,89489e26063ffff,Travis
2828,89489e26067ffff,Travis
2829,89489e2606bffff,Travis
2830,89489e2606fffff,Travis
2831,89489e26073ffff,Travis
2832,89489e26077ffff,Travis
2833,89489e2607bffff,Travis
2834,89489e26083ffff,Travis
2835,89489e26087ffff,Travis
2836,89489e2608bffff,Travis
2837,89489e2608fffff,Travis
2838,89489e26093ffff,Travis
2839,89489e26097ffff,Travis
2840,89489e2609bffff,Travis
2841,89489e260a3ffff,Travis
2842,89489e260a7ffff,Travis
2843,89489e260abffff,Travis
2844,89489e260afffff,Travis
2845,89489e260b3ffff,Travis
2846,89489e260b7ffff,Travis
2847,89489e260bbffff,Travis
2848,89489e260c3ffff,Travis
2849,89489e260c7ffff,Travis
2850,89489e260cbffff,Travis
2851,89489e260cfffff,Travis
2852,89489e260d3ffff,Travis
2853,89489e260d7ffff,Travis
2854,89489e260dbffff,Travis
2855,89489e2610fffff,Travis
2856,89489e26113ffff,Travis
2857,89489e26117ffff,Travis
2858,89489e2614bffff,Travis
2859,89489e26153ffff,Travis
2860,89489e2615bffff,Travis
2861,89489e26163ffff,Travis
2862,89489e2616bffff,Travis
2863,89489e2616fffff,Travis
2864,89489e26173ffff,Travis
2865,89489e26177ffff,Travis
2866,89489e26183ffff,Travis
2867,89489e26187ffff,Travis
2868,89489e2618bffff,Travis
2869,89489e2618fffff,Travis
2870,89489e26193ffff,Travis
2871,89489e26197ffff,Travis
2872,89489e2619bffff,Travis
2873,89489e261a3ffff,Travis
2874,89489e261a7ffff,Travis
2875,89489e261b3ffff,Travis
2876,89489e261b7ffff,Travis
2877,89489e261bbffff,Travis
2878,89489e261c3ffff,Travis
2879,89489e261c7ffff,Travis
2880,89489e261cbffff,Travis
2881,89489e261cfffff,Travis
2882,89489e261d3ffff,Travis
2883,89489e261d7ffff,Travis
2884,89489e261dbffff,Travis
2885,89489e26203ffff,Travis
2886,89489e26207ffff,Travis
2887,89489e2620bffff,Travis
2888,89489e2620fffff,Travis
2889,89489e26213ffff,Travis
2890,89489e26217ffff,Travis
2891,89489e2621bffff,Travis
2892,89489e26223ffff,Travis
2893,89489e26227ffff,Travis
2894,89489e2622bffff,Travis
2895,89489e2622fffff,Travis
2896,89489e26233ffff,Travis
2897,89489e26237ffff,Travis
2898,89489e2623bffff,Travis
2899,89489e26243ffff,Travis
2900,89489e26247ffff,Travis
2901,89489e2624bffff,Travis
2902,89489e2624fffff,Travis
2903,89489e26253ffff,Travis
2904,89489e26257ffff,Travis
2905,89489e2625bffff,Travis
2906,89489e26263ffff,Travis
2907,89489e26267ffff,Travis
2908,89489e2626bffff,Travis
2909,89489e2626fffff,Travis
2910,89489e26273ffff,Travis
2911,89489e26277ffff,Travis
2912,89489e2627bffff,Travis
2913,89489e26283ffff,Travis
2914,89489e26287ffff,Travis
2915,89489e2628bffff,Travis
2916,89489e2628fffff,Travis
2917,89489e26293ffff,Travis
2918,89489e26297ffff,Travis
2919,89489e2629bffff,Travis
2920,89489e262a3ffff,Travis
2921,89489e262a7ffff,Travis
2922,89489e262abffff,Travis
2923,89489e262afffff,Travis
2924,89489e262b3ffff,Travis
2925,89489e262b7ffff,Travis
2926,89489e262bbffff,Travis
2927,89489e262c3ffff,Travis
2928,89489e262c7ffff,Travis
2929,89489e262cbffff,Travis
2930,89489e262cfffff,Travis
2931,89489e262d3ffff,Travis
2932,89489e262d7ffff,Travis
2933,89489e262dbffff,Travis
2934,89489e26303ffff,Travis
2935,89489e26307ffff,Travis
2936,89489e2630bffff,Travis
2937,89489e2630fffff,Travis
2938,89489e26313ffff,Travis
2939,89489e26317ffff,Travis
2940,89489e2631bffff,Travis
2941,89489e26323ffff,Travis
2942,89489e26327ffff,Travis
2943,89489e2632bffff,Travis
2944,89489e2632fffff,Travis
2945,89489e26333ffff,Travis
2946,89489e26337ffff,Travis
2947,89489e2633bffff,Travis
2948,89489e26343ffff,Travis
2949,89489e26347ffff,Travis
2950,89489e2634bffff,Travis
2951,89489e2634fffff,Travis
2952,89489e26353ffff,Travis
2953,89489e26357ffff,Travis
2954,89489e2635bffff,Travis
2955,89489e26363ffff,Travis
2956,89489e26367ffff,Travis
2957,89489e2636bffff,Travis
2958,89489e2636fffff,Travis
2959,89489e26373ffff,Travis
2960,89489e26377ffff,Travis
2961,89489e2637bffff,Travis
2962,89489e26383ffff,Travis
2963,89489e26387ffff,Travis
2964,89489e2638bffff,Travis
2965,89489e2638fffff,Travis
2966,89489e26393ffff,Travis
2967,89489e2639bffff,Travis
2968,89489e263a3ffff,Travis
2969,89489e263a7ffff,Travis
2970,89489e263abffff,Travis
2971,89489e263afffff,Travis
2972,89489e263b3ffff,Travis
2973,89489e263b7ffff,Travis
2974,89489e263bbffff,Travis
2975,89489e263c3ffff,Travis
2976,89489e263c7ffff,Travis
2977,89489e263cbffff,Travis
2978,89489e263cfffff,Travis
2979,89489e263d3ffff,Travis
2980,89489e263d7ffff,Travis
2981,89489e263dbffff,Travis
2982,89489e26403ffff,Travis
2983,89489e26407ffff,Travis
2984,89489e2640bffff,Travis
2985,89489e2640fffff,Travis
2986,89489e26413ffff,Travis
2987,89489e26417ffff,Travis
2988,89489e2641bffff,Travis
2989,89489e26423ffff,Travis
2990,89489e26427ffff,Travis
2991,89489e2642bffff,Travis
2992,89489e2642fffff,Travis
2993,89489e26433ffff,Travis
2994,89489e26437ffff,Travis
2995,89489e2643bffff,Travis
2996,89489e26443ffff,Travis
2997,89489e26447ffff,Travis
2998,89489e2644bffff,Travis
2999,89489e2644fffff,Travis
3000,89489e26453ffff,Travis
3001,89489e26457ffff,Travis
3002,89489e2645bffff,Travis
3003,89489e26463ffff,Travis
3004,89489e26467ffff,Travis
3005,89489e2646bffff,Travis
3006,89489e2646fffff,Travis
3007,89489e26473ffff,Travis
3008,89489e26477ffff,Travis
3009,89489e2647bffff,Travis
3010,89489e26483ffff,Travis
3011,89489e26487ffff,Travis
3012,89489e2648bffff,Travis
3013,89489e2648fffff,Travis
3014,89489e26493ffff,Travis
3015,89489e26497ffff,Travis
3016,89489e2649bffff,Travis
3017,89489e264a3ffff,Travis
3018,89489e264a7ffff,Travis
3019,89489e264abffff,Travis
3020,89489e264afffff,Travis
3021,89489e264b3ffff,Travis
3022,89489e264b7ffff,Travis
3023,89489e264bbffff,Travis
3024,89489e264c3ffff,Travis
3025,89489e264c7ffff,Travis
3026,89489e264cbffff,Travis
3027,89489e264cfffff,Travis
3028,89489e264d3ffff,Travis
3029,89489e264d7ffff,Travis
3030,89489e264dbffff,Travis
3031,89489e26503ffff,Travis
3032,89489e26507ffff,Travis
3033,89489e2650bffff,Travis
3034,89489e2650fffff,Travis
3035,89489e26513ffff,Travis
3036,89489e26517ffff,Travis
3037,89489e2651bffff,Travis
3038,89489e26523ffff,Travis
3039,89489e26527ffff,Travis
3040,89489e2652bffff,Travis
3041,89489e2652fffff,Travis
3042,89489e26533ffff,Travis
3043,89489e26537ffff,Travis
3044,89489e2653bffff,Travis
3045,89489e26543ffff,Travis
3046,89489e26547ffff,Travis
3047,89489e2654bffff,Travis
3048,89489e2654fffff,Travis
3049,89489e26553ffff,Travis
3050,89489e26557ffff,Travis
3051,89489e2655bffff,Travis
3052,89489e26563ffff,Travis
3053,89489e26567ffff,Travis
3054,89489e2656bffff,Travis
3055,89489e2656fffff,Travis
3056,89489e26573ffff,Travis
3057,89489e26577ffff,Travis
3058,89489e2657bffff,Travis
3059,89489e26583ffff,Travis
3060,89489e26587ffff,Travis
3061,89489e2658bffff,Travis
3062,89489e2658fffff,Travis
3063,89489e2659bffff,Travis
3064,89489e265a3ffff,Travis
3065,89489e265a7ffff,Travis
3066,89489e265abffff,Travis
3067,89489e265afffff,Travis
3068,89489e265b3ffff,Travis
3069,89489e265b7ffff,Travis
3070,89489e265c3ffff,Travis
3071,89489e265c7ffff,Travis
3072,89489e265cbffff,Travis
3073,89489e265cfffff,Travis
3074,89489e265d3ffff,Travis
3075,89489e265d7ffff,Travis
3076,89489e265dbffff,Travis
3077,89489e26603ffff,Travis
3078,89489e26607ffff,Travis
3079,89489e2660bffff,Travis
3080,89489e2660fffff,Travis
3081,89489e26613ffff,Travis
3082,89489e26617ffff,Travis
3083,89489e2661bffff,Travis
3084,89489e26623ffff,Travis
3085,89489e26627ffff,Travis
3086,89489e2662bffff,Travis
3087,89489e2662fffff,Travis
3088,89489e26633ffff,Travis
3089,89489e26637ffff,Travis
3090,89489e2663bffff,Travis
3091,89489e26643ffff,Travis
3092,89489e26647ffff,Travis
3093,89489e2664bffff,Travis
3094,89489e2664fffff,Travis
3095,89489e26653ffff,Travis
3096,89489e26657ffff,Travis
3097,89489e2665bffff,Travis
3098,89489e26663ffff,Travis
3099,89489e26667ffff,Travis
3100,89489e2666bffff,Travis
3101,89489e2666fffff,Travis
3102,89489e26673ffff,Travis
3103,89489e26677ffff,Travis
3104,89489e2667bffff,Travis
3105,89489e26683ffff,Travis
3106,89489e26687ffff,Travis
3107,89489e2668bffff,Travis
3108,89489e2668fffff,Travis
3109,89489e26693ffff,Travis
3110,89489e26697ffff,Travis
3111,89489e2669bffff,Travis
3112,89489e266a3ffff,Travis
3113,89489e266a7ffff,Travis
3114,89489e266abffff,Travis
3115,89489e266afffff,Travis
3116,89489e266b3ffff,Travis
3117,89489e266b7ffff,Travis
3118,89489e266bbffff,Travis
3119,89489e266c3ffff,Travis
3120,89489e266c7ffff,Travis
3121,89489e266cbffff,Travis
3122,89489e266cfffff,Travis
3123,89489e266d3ffff,Travis
3124,89489e266d7ffff,Travis
3125,89489e266dbffff,Travis
3126,89489e26803ffff,Travis
3127,89489e26807ffff,Travis
3128,89489e2680bffff,Travis
3129,89489e2680fffff,Travis
3130,89489e26813ffff,Travis
3131,89489e26817ffff,Travis
3132,89489e2681bffff,Travis
3133,89489e26823ffff,Travis
3134,89489e26827ffff,Travis
3135,89489e2682bffff,Travis
3136,89489e2682fffff,Travis
3137,89489e26833ffff,Travis
3138,89489e26837ffff,Travis
3139,89489e2683bffff,Travis
3140,89489e26843ffff,Travis
3141,89489e26847ffff,Travis
3142,89489e2684bffff,Travis
3143,89489e2684fffff,Travis
3144,89489e26853ffff,Travis
3145,89489e26857ffff,Travis
3146,89489e2685bffff,Travis
3147,89489e26863ffff,Travis
3148,89489e26867ffff,Williamson
3149,89489e2686bffff,Travis
3150,89489e2686fffff,Williamson
3151,89489e26873ffff,Travis
3152,89489e26877ffff,Travis
3153,89489e2687bffff,Travis
3154,89489e26883ffff,Travis
3155,89489e26887ffff,Travis
3156,89489e2688bffff,Travis
3157,89489e2688fffff,Travis
3158,89489e26893ffff,Travis
3159,89489e26897ffff,Travis
3160,89489e2689bffff,Travis
3161,89489e268a3ffff,Travis
3162,89489e268a7ffff,Travis
3163,89489e268abffff,Travis
3164,89489e268afffff,Travis
3165,89489e268b3ffff,Travis
3166,89489e268b7ffff,Travis
3167,89489e268bbffff,Travis
3168,89489e268c3ffff,Travis
3169,89489e268c7ffff,Travis
3170,89489e268cbffff,Travis
3171,89489e268cfffff,Travis
3172,89489e268d3ffff,Travis
3173,89489e268d7ffff,Travis
3174,89489e268dbffff,Travis
3175,89489e26903ffff,Travis
3176,89489e26917ffff,Travis
3177,89489e26923ffff,Travis
3178,89489e26933ffff,Travis
3179,89489e26937ffff,Travis
3180,89489e26943ffff,Travis
3181,89489e26947ffff,Travis
3182,89489e2694bffff,Williamson
3183,89489e2694fffff,Williamson
3184,89489e2695bffff,Travis
3185,89489e26983ffff,Travis
3186,89489e26987ffff,Travis
3187,89489e2698bffff,Travis
3188,89489e26997ffff,Travis
3189,89489e269abffff,Travis
3190,89489e269afffff,Travis
3191,89489e269b3ffff,Travis
3192,89489e269c7ffff,Travis
3193,89489e269d3ffff,Travis
3194,89489e269d7ffff,Travis
3195,89489e269dbffff,Travis
3196,89489e26a03ffff,Williamson
3197,89489e26a07ffff,Williamson
3198,89489e26a0bffff,Williamson
3199,89489e26a0fffff,Williamson
3200,89489e26a13ffff,Travis
3201,89489e26a17ffff,Williamson
3202,89489e26a1bffff,Williamson
3203,89489e26a23ffff,Williamson
3204,89489e26a27ffff,Williamson
3205,89489e26a2bffff,Williamson
3206,89489e26a2fffff,Williamson
3207,89489e26a33ffff,Williamson
3208,89489e26a37ffff,Williamson
3209,89489e26a3bffff,Williamson
3210,89489e26a43ffff,Williamson
3211,89489e26a47ffff,Williamson
3212,89489e26a4bffff,Williamson
3213,89489e26a4fffff,Williamson
3214,89489e26a53ffff,Williamson
3215,89489e26a57ffff,Williamson
3216,89489e26a5bffff,Williamson
3217,89489e26a73ffff,Williamson
3218,89489e26a77ffff,Williamson
3219,89489e26a7bffff,Williamson
3220,89489e26a83ffff,Travis
3221,89489e26a87ffff,Travis
3222,89489e26a8bffff,Travis
3223,89489e26a8fffff,Travis
3224,89489e26a93ffff,Travis
3225,89489e26a97ffff,Travis
3226,89489e26a9bffff,Travis
3227,89489e26aa3ffff,Travis
3228,89489e26aa7ffff,Williamson
3229,89489e26aabffff,Williamson
3230,89489e26aafffff,Williamson
3231,89489e26ab3ffff,Travis
3232,89489e26ab7ffff,Travis
3233,89489e26abbffff,Travis
3234,89489e26ac3ffff,Travis
3235,89489e26ac7ffff,Travis
3236,89489e26acbffff,Williamson
3237,89489e26acfffff,Williamson
3238,89489e26ad3ffff,Travis
3239,89489e26ad7ffff,Travis
3240,89489e26adbffff,Travis
3241,89489e26b03ffff,Williamson
3242,89489e26b07ffff,Williamson
3243,89489e26b0bffff,Williamson
3244,89489e26b0fffff,Williamson
3245,89489e26b13ffff,Williamson
3246,89489e26b17ffff,Williamson
3247,89489e26b1bffff,Williamson
3248,89489e26b2bffff,Williamson
3249,89489e26b43ffff,Williamson
3250,89489e26b47ffff,Williamson
3251,89489e26b4bffff,Williamson
3252,89489e26b4fffff,Williamson
3253,89489e26b53ffff,Williamson
3254,89489e26b57ffff,Williamson
3255,89489e26b5bffff,Williamson
3256,89489e26b63ffff,Williamson
3257,89489e26b67ffff,Williamson
3258,89489e26b6bffff,Williamson
3259,89489e26b6fffff,Williamson
3260,89489e26b73ffff,Williamson
3261,89489e26b77ffff,Williamson
3262,89489e26b7bffff,Williamson
3263,89489e26b83ffff,Williamson
3264,89489e26b87ffff,Williamson
3265,89489e26b8bffff,Williamson
3266,89489e26b8fffff,Williamson
3267,89489e26b93ffff,Williamson
3268,89489e26b97ffff,Williamson
3269,89489e26b9bffff,Williamson
3270,89489e26ba3ffff,Williamson
3271,89489e26babffff,Williamson
3272,89489e26bb3ffff,Williamson
3273,89489e26bbbffff,Williamson
3274,89489e26bc3ffff,Williamson
3275,89489e26bc7ffff,Williamson
3276,89489e26bcbffff,Williamson
3277,89489e26bcfffff,Williamson
3278,89489e26bd3ffff,Williamson
3279,89489e26bd7ffff,Williamson
3280,89489e26bdbffff,Williamson
3281,89489e26c03ffff,Travis
3282,89489e26c07ffff,Travis
3283,89489e26c0bffff,Travis
3284,89489e26c0fffff,Travis
3285,89489e26c13ffff,Travis
3286,89489e26c17ffff,Travis
3287,89489e26c23ffff,Travis
3288,89489e26c27ffff,Travis
3289,89489e26c2bffff,Travis
3290,89489e26c2fffff,Travis
3291,89489e26c33ffff,Travis
3292,89489e26c37ffff,Travis
3293,89489e26c3bffff,Travis
3294,89489e26c47ffff,Travis
3295,89489e26c63ffff,Travis
3296,89489e26c67ffff,Travis
3297,89489e26c6bffff,Travis
3298,89489e26c6fffff,Travis
3299,89489e26c73ffff,Travis
3300,89489e26c77ffff,Travis
3301,89489e26c83ffff,Travis
3302,89489e26c87ffff,Travis
3303,89489e26c8bffff,Travis
3304,89489e26c8fffff,Travis
3305,89489e26c93ffff,Travis
3306,89489e26c97ffff,Travis
3307,89489e26c9bffff,Travis
3308,89489e26ca3ffff,Travis
3309,89489e26ca7ffff,Travis
3310,89489e26cabffff,Travis
3311,89489e26cafffff,Travis
3312,89489e26cb3ffff,Travis
3313,89489e26cb7ffff,Travis
3314,89489e26cbbffff,Travis
3315,89489e26cc3ffff,Travis
3316,89489e26cd3ffff,Travis
3317,89489e26cd7ffff,Travis
3318,89489e26d03ffff,Travis
3319,89489e26d07ffff,Travis
3320,89489e26d0bffff,Travis
3321,89489e26d0fffff,Travis
3322,89489e26d13ffff,Travis
3323,89489e26d17ffff,Travis
3324,89489e26d1bffff,Travis
3325,89489e26d2bffff,Travis
3326,89489e26d33ffff,Travis
3327,89489e26d37ffff,Travis
3328,89489e26d3bffff,Travis
3329,89489e26d43ffff,Travis
3330,89489e26d47ffff,Travis
3331,89489e26d4bffff,Travis
3332,89489e26d4fffff,Travis
3333,89489e26d53ffff,Travis
3334,89489e26d57ffff,Travis
3335,89489e26d5bffff,Travis
3336,89489e26d63ffff,Travis
3337,89489e26d67ffff,Travis
3338,89489e26d6bffff,Travis
3339,89489e26d6fffff,Travis
3340,89489e26d73ffff,Travis
3341,89489e26d77ffff,Travis
3342,89489e26d7bffff,Travis
3343,89489e26d83ffff,Travis
3344,89489e26d87ffff,Travis
3345,89489e26d8bffff,Travis
3346,89489e26d8fffff,Travis
3347,89489e26d93ffff,Travis
3348,89489e26d97ffff,Travis
3349,89489e26d9bffff,Travis
3350,89489e26da3ffff,Travis
3351,89489e26da7ffff,Travis
3352,89489e26dabffff,Travis
3353,89489e26dafffff,Travis
3354,89489e26db3ffff,Travis
3355,89489e26db7ffff,Travis
3356,89489e26dbbffff,Travis
3357,89489e26dc3ffff,Travis
3358,89489e26dc7ffff,Travis
3359,89489e26dcbffff,Travis
3360,89489e26dcfffff,Travis
3361,89489e26dd3ffff,Travis
3362,89489e26dd7ffff,Travis
3363,89489e26ddbffff,Travis
3364,89489e26e03ffff,Travis
3365,89489e26e07ffff,Travis
3366,89489e26e0bffff,Travis
3367,89489e26e0fffff,Travis
3368,89489e26e13ffff,Travis
3369,89489e26e17ffff,Travis
3370,89489e26e1bffff,Travis
3371,89489e26e23ffff,Travis
3372,89489e26e27ffff,Travis
3373,89489e26e2bffff,Travis
3374,89489e26e2fffff,Travis
3375,89489e26e33ffff,Travis
3376,89489e26e37ffff,Travis
3377,89489e26e3bffff,Travis
3378,89489e26e43ffff,Travis
3379,89489e26e47ffff,Travis
3380,89489e26e4bffff,Travis
3381,89489e26e4fffff,Travis
3382,89489e26e53ffff,Travis
3383,89489e26e57ffff,Travis
3384,89489e26e5bffff,Travis
3385,89489e26e63ffff,Travis
3386,89489e26e67ffff,Travis
3387,89489e26e6bffff,Travis
3388,89489e26e6fffff,Travis
3389,89489e26e73ffff,Travis
3390,89489e26e77ffff,Travis
3391,89489e26e7bffff,Travis
3392,89489e26e8bffff,Travis
3393,89489e26ea3ffff,Travis
3394,89489e26ea7ffff,Travis
3395,89489e26eabffff,Travis
3396,89489e26eafffff,Travis
3397,89489e26eb7ffff,Travis
3398,89489e26ec3ffff,Travis
3399,89489e26ec7ffff,Travis
3400,89489e26ecbffff,Travis
3401,89489e26ecfffff,Travis
3402,89489e26ed3ffff,Travis
3403,89489e26ed7ffff,Travis
3404,89489e26edbffff,Travis
3405,89489e27003ffff,Travis
3406,89489e27007ffff,Travis
3407,89489e2700bffff,Travis
3408,89489e2700fffff,Travis
3409,89489e27013ffff,Travis
3410,89489e27017ffff,Travis
3411,89489e2701bffff,Travis
3412,89489e27023ffff,Travis
3413,89489e27027ffff,Travis
3414,89489e2702bffff,Travis
3415,89489e2702fffff,Travis
3416,89489e27033ffff,Travis
3417,89489e27037ffff,Travis
3418,89489e2703bffff,Travis
3419,89489e27043ffff,Travis
3420,89489e27047ffff,Travis
3421,89489e2704bffff,Travis
3422,89489e2704fffff,Travis
3423,89489e27053ffff,Travis
3424,89489e27057ffff,Travis
3425,89489e2705bffff,Travis
3426,89489e27063ffff,Travis
3427,89489e27067ffff,Travis
3428,89489e2706bffff,Travis
3429,89489e2706fffff,Travis
3430,89489e27073ffff,Travis
3431,89489e27077ffff,Travis
3432,89489e2707bffff,Travis
3433,89489e27083ffff,Travis
3434,89489e27087ffff,Travis
3435,89489e2708bffff,Travis
3436,89489e2708fffff,Travis
3437,89489e27093ffff,Travis
3438,89489e27097ffff,Travis
3439,89489e2709bffff,Travis
3440,89489e270a3ffff,Travis
3441,89489e270a7ffff,Travis
3442,89489e270abffff,Travis
3443,89489e270afffff,Travis
3444,89489e270b3ffff,Travis
3445,89489e270b7ffff,Travis
3446,89489e270bbffff,Travis
3447,89489e270c3ffff,Travis
3448,89489e270c7ffff,Travis
3449,89489e270cbffff,Travis
3450,89489e270cfffff,Travis
3451,89489e270d3ffff,Travis
3452,89489e270d7ffff,Travis
3453,89489e270dbffff,Travis
3454,89489e27103ffff,Travis
3455,89489e27107ffff,Travis
3456,89489e2710bffff,Travis
3457,89489e2710fffff,Travis
3458,89489e27113ffff,Travis
3459,89489e27117ffff,Travis
3460,89489e2711bffff,Travis
3461,89489e27123ffff,Travis
3462,89489e27127ffff,Travis
3463,89489e2712bffff,Travis
3464,89489e2712fffff,Travis
3465,89489e27133ffff,Travis
3466,89489e27137ffff,Travis
3467,89489e2713bffff,Travis
3468,89489e27143ffff,Travis
3469,89489e27147ffff,Travis
3470,89489e2714bffff,Travis
3471,89489e2714fffff,Travis
3472,89489e27153ffff,Travis
3473,89489e27157ffff,Travis
3474,89489e2715bffff,Travis
3475,89489e27163ffff,Travis
3476,89489e27167ffff,Travis
3477,89489e2716bffff,Travis
3478,89489e2716fffff,Travis
3479,89489e27173ffff,Travis
3480,89489e27177ffff,Travis
3481,89489e2717bffff,Travis
3482,89489e27183ffff,Travis
3483,89489e27187ffff,Travis
3484,89489e2718bffff,Travis
3485,89489e2718fffff,Travis
3486,89489e27193ffff,Travis
3487,89489e27197ffff,Travis
3488,89489e2719bffff,Travis
3489,89489e271a3ffff,Travis
3490,89489e271a7ffff,Travis
3491,89489e271abffff,Travis
3492,89489e271afffff,Travis
3493,89489e271b3ffff,Travis
3494,89489e271b7ffff,Travis
3495,89489e271bbffff,Travis
3496,89489e271c3ffff,Travis
3497,89489e271c7ffff,Travis
3498,89489e271cbffff,Travis
3499,89489e271cfffff,Travis
3500,89489e271d3ffff,Travis
3501,89489e271d7ffff,Travis
3502,89489e271dbffff,Travis
3503,89489e27203ffff,Travis
3504,89489e27207ffff,Travis
3505,89489e2720bffff,Travis
3506,89489e2720fffff,Travis
3507,89489e27213ffff,Travis
3508,89489e27217ffff,Travis
3509,89489e2721bffff,Travis
3510,89489e27223ffff,Travis
3511,89489e27227ffff,Travis
3512,89489e2722bffff,Travis
3513,89489e2722fffff,Travis
3514,89489e27233ffff,Travis
3515,89489e27237ffff,Travis
3516,89489e2723bffff,Travis
3517,89489e27243ffff,Travis
3518,89489e27247ffff,Travis
3519,89489e2724bffff,Travis
3520,89489e2724fffff,Travis
3521,89489e27253ffff,Travis
3522,89489e27257ffff,Travis
3523,89489e2725bffff,Travis
3524,89489e27263ffff,Travis
3525,89489e27267ffff,Travis
3526,89489e2726bffff,Travis
3527,89489e2726fffff,Travis
3528,89489e27273ffff,Travis
3529,89489e27277ffff,Travis
3530,89489e2727bffff,Travis
3531,89489e27283ffff,Travis
3532,89489e27287ffff,Travis
3533,89489e2728bffff,Travis
3534,89489e2728fffff,Travis
3535,89489e27293ffff,Travis
3536,89489e27297ffff,Travis
3537,89489e2729bffff,Travis
3538,89489e272a3ffff,Travis
3539,89489e272a7ffff,Travis
3540,89489e272abffff,Travis
3541,89489e272afffff,Travis
3542,89489e272b3ffff,Travis
3543,89489e272b7ffff,Travis
3544,89489e272bbffff,Travis
3545,89489e272c3ffff,Travis
3546,89489e272c7ffff,Travis
3547,89489e272cbffff,Travis
3548,89489e272cfffff,Travis
3549,89489e272d3ffff,Travis
3550,89489e272d7ffff,Travis
3551,89489e272dbffff,Travis
3552,89489e27303ffff,Travis
3553,89489e27307ffff,Travis
3554,89489e2730bffff,Travis
3555,89489e2730fffff,Travis
3556,89489e27313ffff,Travis
3557,89489e27317ffff,Travis
3558,89489e2731bffff,Travis
3559,89489e27323ffff,Travis
3560,89489e27327ffff,Travis
3561,89489e2732bffff,Travis
3562,89489e2732fffff,Travis
3563,89489e27333ffff,Travis
3564,89489e27337ffff,Travis
3565,89489e2733bffff,Travis
3566,89489e27343ffff,Travis
3567,89489e27347ffff,Travis
3568,89489e2734bffff,Travis
3569,89489e2734fffff,Travis
3570,89489e27353ffff,Travis
3571,89489e27357ffff,Travis
3572,89489e2735bffff,Travis
3573,89489e27363ffff,Travis
3574,89489e27367ffff,Travis
3575,89489e2736bffff,Travis
3576,89489e2736fffff,Travis
3577,89489e27373ffff,Travis
3578,89489e27377ffff,Travis
3579,89489e2737bffff,Travis
3580,89489e27383ffff,Travis
3581,89489e27387ffff,Travis
3582,89489e2738bffff,Travis
3583,89489e2738fffff,Travis
3584,89489e27393ffff,Travis
3585,89489e27397ffff,Travis
3586,89489e2739bffff,Travis
3587,89489e273a3ffff,Travis
3588,89489e273a7ffff,Travis
3589,89489e273abffff,Travis
3590,89489e273afffff,Travis
3591,89489e273b3ffff,Travis
3592,89489e273b7ffff,Travis
3593,89489e273bbffff,Travis
3594,89489e273c3ffff,Travis
3595,89489e273c7ffff,Travis
3596,89489e273cbffff,Travis
3597,89489e273cfffff,Travis
3598,89489e273d3ffff,Travis
3599,89489e273d7ffff,Travis
3600,89489e273dbffff,Travis
3601,89489e27403ffff,Travis
3602,89489e27407ffff,Travis
3603,89489e2740bffff,Travis
3604,89489e2740fffff,Travis
3605,89489e27413ffff,Travis
3606,89489e27417ffff,Travis
3607,89489e2741bffff,Travis
3608,89489e27423ffff,Travis
3609,89489e27427ffff,Travis
3610,89489e2742bffff,Travis
3611,89489e2742fffff,Travis
3612,89489e27433ffff,Travis
3613,89489e27437ffff,Travis
3614,89489e2743bffff,Travis
3615,89489e27443ffff,Travis
3616,89489e27447ffff,Travis
3617,89489e2744bffff,Travis
3618,89489e2744fffff,Travis
3619,89489e27453ffff,Travis
3620,89489e27457ffff,Travis
3621,89489e2745bffff,Travis
3622,89489e27463ffff,Travis
3623,89489e27467ffff,Travis
3624,89489e2746bffff,Travis
3625,89489e2746fffff,Travis
3626,89489e27473ffff,Travis
3627,89489e27477ffff,Travis
3628,89489e2747bffff,Travis
3629,89489e27483ffff,Travis
3630,89489e27487ffff,Travis
3631,89489e2748bffff,Travis
3632,89489e2748fffff,Travis
3633,89489e27493ffff,Travis
3634,89489e27497ffff,Travis
3635,89489e2749bffff,Travis
3636,89489e274a3ffff,Travis
3637,89489e274a7ffff,Travis
3638,89489e274abffff,Travis
3639,89489e274afffff,Travis
3640,89489e274b3ffff,Travis
3641,89489e274b7ffff,Travis
3642,89489e274bbffff,Travis
3643,89489e274c3ffff,Travis
3644,89489e274c7ffff,Travis
3645,89489e274cbffff,Travis
3646,89489e274cfffff,Travis
3647,89489e274d3ffff,Travis
3648,89489e274d7ffff,Travis
3649,89489e274dbffff,Travis
3650,89489e27503ffff,Travis
3651,89489e27507ffff,Travis
3652,89489e2750bffff,Travis
3653,89489e2750fffff,Travis
3654,89489e27513ffff,Travis
3655,89489e27517ffff,Travis
3656,89489e2751bffff,Travis
3657,89489e27523ffff,Travis
3658,89489e27527ffff,Travis
3659,89489e2752bffff,Travis
3660,89489e2752fffff,Travis
3661,89489e27533ffff,Travis
3662,89489e27537ffff,Travis
3663,89489e2753bffff,Travis
3664,89489e27543ffff,Travis
3665,89489e27547ffff,Travis
3666,89489e2754bffff,Travis
3667,89489e2754fffff,Travis
3668,89489e27553ffff,Travis
3669,89489e27557ffff,Travis
3670,89489e2755bffff,Travis
3671,89489e27563ffff,Travis
3672,89489e27567ffff,Travis
3673,89489e2756bffff,Travis
3674,89489e2756fffff,Travis
3675,89489e27573ffff,Travis
3676,89489e27577ffff,Travis
3677,89489e2757bffff,Travis
3678,89489e27583ffff,Travis
3679,89489e27587ffff,Travis
3680,89489e2758bffff,Travis
3681,89489e2758fffff,Travis
3682,89489e27593ffff,Travis
3683,89489e27597ffff,Travis
3684,89489e2759bffff,Travis
3685,89489e275a3ffff,Travis
3686,89489e275a7ffff,Travis
3687,89489e275abffff,Travis
3688,89489e275afffff,Travis
3689,89489e275b3ffff,Travis
3690,89489e275b7ffff,Travis
3691,89489e275bbffff,Travis
3692,89489e275c3ffff,Travis
3693,89489e275c7ffff,Travis
3694,89489e275cbffff,Travis
3695,89489e275cfffff,Travis
3696,89489e275d3ffff,Travis
3697,89489e275d7ffff,Travis
3698,89489e275dbffff,Travis
3699,89489e27603ffff,Travis
3700,89489e27607ffff,Travis
3701,89489e2760bffff,Travis
3702,89489e2760fffff,Travis
3703,89489e27613ffff,Travis
3704,89489e27617ffff,Travis
3705,89489e2761bffff,Travis
3706,89489e27623ffff,Travis
3707,89489e27627ffff,Travis
3708,89489e2762bffff,Travis
3709,89489e2762fffff,Travis
3710,89489e27633ffff,Travis
3711,89489e27637ffff,Travis
3712,89489e2763bffff,Travis
3713,89489e27643ffff,Travis
3714,89489e27647ffff,Travis
3715,89489e2764bffff,Travis
3716,89489e2764fffff,Travis
3717,89489e27653ffff,Travis
3718,89489e27657ffff,Travis
3719,89489e2765bffff,Travis
3720,89489e27663ffff,Travis
3721,89489e27667ffff,Travis
3722,89489e2766bffff,Travis
3723,89489e2766fffff,Travis
3724,89489e27673ffff,Travis
3725,89489e27677ffff,Travis
3726,89489e2767bffff,Travis
3727,89489e27683ffff,Travis
3728,89489e27687ffff,Travis
3729,89489e2768bffff,Travis
3730,89489e2768fffff,Travis
3731,89489e27693ffff,Travis
3732,89489e27697ffff,Travis
3733,89489e2769bffff,Travis
3734,89489e276a3ffff,Travis
3735,89489e276a7ffff,Travis
3736,89489e276abffff,Travis
3737,89489e276afffff,Travis
3738,89489e276b3ffff,Travis
3739,89489e276b7ffff,Travis
3740,89489e276bbffff,Travis
3741,89489e276c3ffff,Travis
3742,89489e276c7ffff,Travis
3743,89489e276cbffff,Travis
3744,89489e276cfffff,Travis
3745,89489e276d3ffff,Travis
3746,89489e276d7ffff,Travis
3747,89489e276dbffff,Travis
3748,89489e30003ffff,Travis
3749,89489e30007ffff,Travis
3750,89489e3000bffff,Travis
3751,89489e3000fffff,Travis
3752,89489e30013ffff,Travis
3753,89489e30017ffff,Travis
3754,89489e3001bffff,Travis
3755,89489e30023ffff,Travis
3756,89489e30033ffff,Travis
3757,89489e30037ffff,Travis
3758,89489e3003bffff,Travis
3759,89489e30057ffff,Travis
3760,89489e30083ffff,Travis
3761,89489e30087ffff,Travis
3762,89489e3008bffff,Travis
3763,89489e3008fffff,Travis
3764,89489e30093ffff,Travis
3765,89489e3009bffff,Travis
3766,89489e300a3ffff,Travis
3767,89489e300a7ffff,Travis
3768,89489e300abffff,Travis
3769,89489e300afffff,Travis
3770,89489e300b3ffff,Travis
3771,89489e300bbffff,Travis
3772,89489e300c7ffff,Travis
3773,89489e300cfffff,Travis
3774,89489e300d3ffff,Travis
3775,89489e300d7ffff,Travis
3776,89489e30103ffff,Travis
3777,89489e30107ffff,Travis
3778,89489e3010bffff,Travis
3779,89489e3010fffff,Travis
3780,89489e30117ffff,Travis
3781,89489e30123ffff,Travis
3782,89489e3012bffff,Travis
3783,89489e30133ffff,Travis
3784,89489e30137ffff,Travis
3785,89489e3013bffff,Travis
3786,89489e3014fffff,Travis
3787,89489e30163ffff,Travis
3788,89489e30167ffff,Travis
3789,89489e3016bffff,Travis
3790,89489e3016fffff,Travis
3791,89489e30173ffff,Travis
3792,89489e30177ffff,Travis
3793,89489e3017bffff,Travis
3794,89489e30187ffff,Travis
3795,89489e301a3ffff,Travis
3796,89489e301a7ffff,Travis
3797,89489e301abffff,Travis
3798,89489e301afffff,Travis
3799,89489e301b3ffff,Travis
3800,89489e301b7ffff,Travis
3801,89489e301bbffff,Travis
3802,89489e301d7ffff,Travis
3803,89489e301dbffff,Travis
3804,89489e30223ffff,Travis
3805,89489e30227ffff,Travis
3806,89489e3022fffff,Travis
3807,89489e30237ffff,Travis
3808,89489e30303ffff,Travis
3809,89489e30307ffff,Travis
3810,89489e3030fffff,Travis
3811,89489e30313ffff,Travis
3812,89489e30317ffff,Travis
3813,89489e30323ffff,Travis
3814,89489e30327ffff,Travis
3815,89489e3032bffff,Travis
3816,89489e3032fffff,Travis
3817,89489e30333ffff,Travis
3818,89489e30337ffff,Travis
3819,89489e3033bffff,Travis
3820,89489e30347ffff,Travis
3821,89489e3034bffff,Travis
3822,89489e3034fffff,Travis
3823,89489e30353ffff,Travis
3824,89489e3035bffff,Travis
3825,89489e30363ffff,Travis
3826,89489e30367ffff,Travis
3827,89489e3036bffff,Travis
3828,89489e3036fffff,Travis
3829,89489e30373ffff,Travis
3830,89489e30377ffff,Travis
3831,89489e3037bffff,Travis
3832,89489e3038fffff,Travis
3833,89489e303a3ffff,Travis
3834,89489e303a7ffff,Travis
3835,89489e303abffff,Travis
3836,89489e303afffff,Travis
3837,89489e303b7ffff,Travis
3838,89489e303bbffff,Travis
3839,89489e30403ffff,Travis
3840,89489e30407ffff,Travis
3841,89489e30413ffff,Travis
3842,89489e30417ffff,Travis
3843,89489e3041bffff,Travis
3844,89489e30423ffff,Travis
3845,89489e30433ffff,Travis
3846,89489e30437ffff,Travis
3847,89489e30443ffff,Travis
3848,89489e30447ffff,Travis
3849,89489e3044fffff,Travis
3850,89489e3046bffff,Travis
3851,89489e3046fffff,Travis
3852,89489e3047bffff,Travis
3853,89489e30483ffff,Travis
3854,89489e30493ffff,Travis
3855,89489e30497ffff,Travis
3856,89489e3049bffff,Travis
3857,89489e304a3ffff,Travis
3858,89489e304abffff,Travis
3859,89489e304afffff,Travis
3860,89489e304c7ffff,Travis
3861,89489e304cfffff,Travis
3862,89489e30513ffff,Travis
3863,89489e30527ffff,Travis
3864,89489e3054bffff,Travis
3865,89489e3054fffff,Travis
3866,89489e30557ffff,Travis
3867,89489e3056fffff,Travis
3868,89489e30583ffff,Travis
3869,89489e30587ffff,Travis
3870,89489e3058bffff,Travis
3871,89489e30593ffff,Travis
3872,89489e30597ffff,Travis
3873,89489e3059bffff,Travis
3874,89489e305b3ffff,Travis
3875,89489e305b7ffff,Travis
3876,89489e305c3ffff,Travis
3877,89489e305c7ffff,Travis
3878,89489e305cbffff,Travis
3879,89489e305cfffff,Travis
3880,89489e305d7ffff,Travis
3881,89489e30603ffff,Travis
3882,89489e3060bffff,Travis
3883,89489e3060fffff,Travis
3884,89489e3061bffff,Travis
3885,89489e30643ffff,Travis
3886,89489e30647ffff,Travis
3887,89489e3064bffff,Travis
3888,89489e3064fffff,Travis
3889,89489e30653ffff,Travis
3890,89489e30657ffff,Travis
3891,89489e3065bffff,Travis
3892,89489e306a3ffff,Travis
3893,89489e306a7ffff,Travis
3894,89489e306b7ffff,Travis
3895,89489e306c3ffff,Travis
3896,89489e306c7ffff,Travis
3897,89489e306cbffff,Travis
3898,89489e306cfffff,Travis
3899,89489e306d3ffff,Travis
3900,89489e306d7ffff,Travis
3901,89489e3080fffff,Travis
3902,89489e30813ffff,Travis
3903,89489e30817ffff,Travis
3904,89489e30863ffff,Travis
3905,89489e3086bffff,Travis
3906,89489e30883ffff,Travis
3907,89489e30887ffff,Travis
3908,89489e3088bffff,Travis
3909,89489e3088fffff,Travis
3910,89489e30893ffff,Travis
3911,89489e30897ffff,Travis
3912,89489e3089bffff,Travis
3913,89489e308a3ffff,Travis
3914,89489e308a7ffff,Travis
3915,89489e308b3ffff,Travis
3916,89489e308b7ffff,Travis
3917,89489e308bbffff,Travis
3918,89489e308d3ffff,Travis
3919,89489e308d7ffff,Travis
3920,89489e30907ffff,Travis
3921,89489e30913ffff,Travis
3922,89489e30917ffff,Travis
3923,89489e30923ffff,Travis
3924,89489e30927ffff,Travis
3925,89489e3092bffff,Travis
3926,89489e3092fffff,Travis
3927,89489e30933ffff,Travis
3928,89489e30937ffff,Travis
3929,89489e3093bffff,Travis
3930,89489e30967ffff,Travis
3931,89489e30983ffff,Travis
3932,89489e30987ffff,Travis
3933,89489e3098bffff,Travis
3934,89489e3098fffff,Travis
3935,89489e30993ffff,Travis
3936,89489e30997ffff,Travis
3937,89489e3099bffff,Travis
3938,89489e309a3ffff,Travis
3939,89489e309a7ffff,Travis
3940,89489e309abffff,Travis
3941,89489e309afffff,Travis
3942,89489e309b3ffff,Travis
3943,89489e309b7ffff,Travis
3944,89489e309bbffff,Travis
3945,89489e309c3ffff,Travis
3946,89489e309d3ffff,Travis
3947,89489e309d7ffff,Travis
3948,89489e30a77ffff,Travis
3949,89489e30aa7ffff,Travis
3950,89489e30aafffff,Travis
3951,89489e30c03ffff,Travis
3952,89489e30c07ffff,Travis
3953,89489e30c0bffff,Travis
3954,89489e30c0fffff,Travis
3955,89489e30c13ffff,Travis
3956,89489e30c17ffff,Travis
3957,89489e30c1bffff,Travis
3958,89489e30c23ffff,Travis
3959,89489e30c27ffff,Travis
3960,89489e30c2bffff,Travis
3961,89489e30c2fffff,Travis
3962,89489e30c33ffff,Travis
3963,89489e30c37ffff,Travis
3964,89489e30c3bffff,Travis
3965,89489e30c43ffff,Travis
3966,89489e30c47ffff,Travis
3967,89489e30c4bffff,Travis
3968,89489e30c4fffff,Travis
3969,89489e30c53ffff,Travis
3970,89489e30c57ffff,Travis
3971,89489e30c63ffff,Travis
3972,89489e30c67ffff,Travis
3973,89489e30c6bffff,Travis
3974,89489e30c6fffff,Travis
3975,89489e30c73ffff,Travis
3976,89489e30c77ffff,Travis
3977,89489e30c7bffff,Travis
3978,89489e30c83ffff,Travis
3979,89489e30c87ffff,Travis
3980,89489e30c8bffff,Travis
3981,89489e30c8fffff,Travis
3982,89489e30c93ffff,Travis
3983,89489e30c97ffff,Travis
3984,89489e30c9bffff,Travis
3985,89489e30ca3ffff,Travis
3986,89489e30ca7ffff,Travis
3987,89489e30cabffff,Travis
3988,89489e30cafffff,Travis
3989,89489e30cb3ffff,Travis
3990,89489e30cb7ffff,Travis
3991,89489e30cbbffff,Travis
3992,89489e30cc3ffff,Travis
3993,89489e30cc7ffff,Travis
3994,89489e30ccbffff,Travis
3995,89489e30ccfffff,Travis
3996,89489e30cd3ffff,Travis
3997,89489e30cd7ffff,Travis
3998,89489e30cdbffff,Travis
3999,89489e30d03ffff,Travis
4000,89489e30d07ffff,Travis
4001,89489e30d0bffff,Travis
4002,89489e30d0fffff,Travis
4003,89489e30d13ffff,Travis
4004,89489e30d17ffff,Travis
4005,89489e30d1bffff,Travis
4006,89489e30d23ffff,Travis
4007,89489e30d27ffff,Travis
4008,89489e30d2bffff,Travis
4009,89489e30d2fffff,Travis
4010,89489e30d33ffff,Travis
4011,89489e30d37ffff,Travis
4012,89489e30d3bffff,Travis
4013,89489e30d43ffff,Travis
4014,89489e30d47ffff,Travis
4015,89489e30d4bffff,Travis
4016,89489e30d4fffff,Travis
4017,89489e30d53ffff,Travis
4018,89489e30d57ffff,Travis
4019,89489e30d5bffff,Travis
4020,89489e30d63ffff,Travis
4021,89489e30d67ffff,Travis
4022,89489e30d6bffff,Travis
4023,89489e30d6fffff,Travis
4024,89489e30d73ffff,Travis
4025,89489e30d77ffff,Travis
4026,89489e30d7bffff,Travis
4027,89489e30d83ffff,Travis
4028,89489e30d87ffff,Travis
4029,89489e30d8bffff,Travis
4030,89489e30d8fffff,Travis
4031,89489e30d93ffff,Travis
4032,89489e30d97ffff,Travis
4033,89489e30d9bffff,Travis
4034,89489e30da3ffff,Travis
4035,89489e30da7ffff,Travis
4036,89489e30dabffff,Travis
4037,89489e30dafffff,Travis
4038,89489e30db3ffff,Travis
4039,89489e30db7ffff,Travis
4040,89489e30dbbffff,Travis
4041,89489e30dc3ffff,Travis
4042,89489e30dc7ffff,Travis
4043,89489e30dcbffff,Travis
4044,89489e30dcfffff,Travis
4045,89489e30dd3ffff,Travis
4046,89489e30dd7ffff,Travis
4047,89489e30ddbffff,Travis
4048,89489e30e13ffff,Travis
4049,89489e30e53ffff,Travis
4050,89489e30e5bffff,Travis
4051,89489e30e83ffff,Travis
4052,89489e30e87ffff,Travis
4053,89489e30e8bffff,Travis
4054,89489e30e8fffff,Travis
4055,89489e30e93ffff,Travis
4056,89489e30e97ffff,Travis
4057,89489e30e9bffff,Travis
4058,89489e30ea3ffff,Travis
4059,89489e30ea7ffff,Travis
4060,89489e30eb3ffff,Travis
4061,89489e30eb7ffff,Travis
4062,89489e30ebbffff,Travis
4063,89489e30ec3ffff,Travis
4064,89489e30ec7ffff,Travis
4065,89489e30ecbffff,Travis
4066,89489e30ecfffff,Travis
4067,89489e30ed3ffff,Travis
4068,89489e30ed7ffff,Travis
4069,89489e30edbffff,Travis
4070,89489e314a7ffff,Travis
4071,89489e314afffff,Travis
4072,89489e314b7ffff,Travis
4073,89489e31513ffff,Travis
4074,89489e31583ffff,Travis
4075,89489e31587ffff,Travis
4076,89489e3158bffff,Travis
4077,89489e3158fffff,Travis
4078,89489e31593ffff,Travis
4079,89489e31597ffff,Travis
4080,89489e3159bffff,Travis
4081,89489e315b3ffff,Travis
4082,89489e315b7ffff,Travis
4083,89489e315c3ffff,Travis
4084,89489e315d3ffff,Travis
4085,89489e315d7ffff,Travis
4086,89489e315dbffff,Travis
4087,89489e31c03ffff,Travis
4088,89489e31c17ffff,Travis
4089,89489e31c83ffff,Travis
4090,89489e31c87ffff,Travis
4091,89489e31c8fffff,Travis
4092,89489e31c97ffff,Travis
4093,89489e31ca3ffff,Travis
4094,89489e31ca7ffff,Travis
4095,89489e31cb3ffff,Travis
4096,89489e31cb7ffff,Travis
4097,89489e31cbbffff,Travis
4098,89489e31d83ffff,Travis
4099,89489e31d93ffff,Travis
4100,89489e31d97ffff,Travis
4101,89489e31d9bffff,Travis
4102,89489e31dd3ffff,Travis
4103,89489e32223ffff,Travis
4104,89489e32227ffff,Travis
4105,89489e3222bffff,Travis
4106,89489e3222fffff,Travis
4107,89489e32233ffff,Travis
4108,89489e32237ffff,Travis
4109,89489e3226fffff,Travis
4110,89489e322a3ffff,Travis
4111,89489e322a7ffff,Travis
4112,89489e322b3ffff,Travis
4113,89489e322b7ffff,Travis
4114,89489e32303ffff,Travis
4115,89489e3230bffff,Travis
4116,89489e3230fffff,Travis
4117,89489e32313ffff,Travis
4118,89489e3231bffff,Travis
4119,89489e32343ffff,Travis
4120,89489e32347ffff,Travis
4121,89489e3234bffff,Travis
4122,89489e3234fffff,Travis
4123,89489e32353ffff,Travis
4124,89489e32357ffff,Travis
4125,89489e3235bffff,Travis
4126,89489e32367ffff,Travis
4127,89489e3236fffff,Travis
4128,89489e32373ffff,Travis
4129,89489e3238bffff,Travis
4130,89489e323c3ffff,Travis
4131,89489e323c7ffff,Travis
4132,89489e323cbffff,Travis
4133,89489e323cfffff,Travis
4134,89489e323d3ffff,Travis
4135,89489e323d7ffff,Travis
4136,89489e323dbffff,Travis
4137,89489e3282bffff,Travis
4138,89489e3282fffff,Travis
4139,89489e32847ffff,Travis
4140,89489e3284fffff,Travis
4141,89489e3286bffff,Travis
4142,89489e3286fffff,Travis
4143,89489e3287bffff,Travis
4144,89489e32903ffff,Travis
4145,89489e32907ffff,Travis
4146,89489e32913ffff,Travis
4147,89489e32917ffff,Travis
4148,89489e3291bffff,Travis
4149,89489e32923ffff,Travis
4150,89489e32927ffff,Travis
4151,89489e3292bffff,Travis
4152,89489e3292fffff,Travis
4153,89489e32933ffff,Travis
4154,89489e32937ffff,Travis
4155,89489e32963ffff,Travis
4156,89489e3296bffff,Travis
4157,89489e3296fffff,Travis
4158,89489e329a3ffff,Travis
4159,89489e329a7ffff,Travis
4160,89489e329afffff,Travis
4161,89489e329b3ffff,Travis
4162,89489e329b7ffff,Travis
4163,89489e32a03ffff,Travis
4164,89489e32a07ffff,Travis
4165,89489e32a0bffff,Travis
4166,89489e32a0fffff,Travis
4167,89489e32a13ffff,Travis
4168,89489e32a17ffff,Travis
4169,89489e32a1bffff,Travis
4170,89489e32a23ffff,Travis
4171,89489e32a27ffff,Travis
4172,89489e32a2bffff,Travis
4173,89489e32a2fffff,Travis
4174,89489e32a33ffff,Travis
4175,89489e32a37ffff,Travis
4176,89489e32a3bffff,Travis
4177,89489e32a43ffff,Travis
4178,89489e32a47ffff,Travis
4179,89489e32a4bffff,Travis
4180,89489e32a4fffff,Travis
4181,89489e32a53ffff,Travis
4182,89489e32a57ffff,Travis
4183,89489e32a5bffff,Travis
4184,89489e32a63ffff,Travis
4185,89489e32a67ffff,Travis
4186,89489e32a6bffff,Travis
4187,89489e32a6fffff,Travis
4188,89489e32a73ffff,Travis
4189,89489e32a77ffff,Travis
4190,89489e32a7bffff,Travis
4191,89489e32a87ffff,Travis
4192,89489e32a8bffff,Travis
4193,89489e32a8fffff,Travis
4194,89489e32a93ffff,Travis
4195,89489e32aa3ffff,Travis
4196,89489e32aa7ffff,Travis
4197,89489e32aabffff,Travis
4198,89489e32aafffff,Travis
4199,89489e32ab3ffff,Travis
4200,89489e32ab7ffff,Travis
4201,89489e32abbffff,Travis
4202,89489e32ac3ffff,Travis
4203,89489e32ac7ffff,Travis
4204,89489e32acbffff,Travis
4205,89489e32acfffff,Travis
4206,89489e32ad3ffff,Travis
4207,89489e32ad7ffff,Travis
4208,89489e32b03ffff,Travis
4209,89489e32b07ffff,Travis
4210,89489e32b0bffff,Travis
4211,89489e32b0fffff,Travis
4212,89489e32b13ffff,Travis
4213,89489e32b17ffff,Travis
4214,89489e32b1bffff,Travis
4215,89489e32b23ffff,Travis
4216,89489e32b27ffff,Travis
4217,89489e32b2bffff,Travis
4218,89489e32b2fffff,Travis
4219,89489e32b33ffff,Travis
4220,89489e32b37ffff,Travis
4221,89489e32b3bffff,Travis
4222,89489e32b43ffff,Travis
4223,89489e32b47ffff,Travis
4224,89489e32b4bffff,Travis
4225,89489e32b4fffff,Travis
4226,89489e32b53ffff,Travis
4227,89489e32b57ffff,Travis
4228,89489e32b5bffff,Travis
4229,89489e32b63ffff,Travis
4230,89489e32b67ffff,Travis
4231,89489e32b6bffff,Travis
4232,89489e32b6fffff,Travis
4233,89489e32b73ffff,Travis
4234,89489e32b77ffff,Travis
4235,89489e32b7bffff,Travis
4236,89489e32b83ffff,Travis
4237,89489e32b87ffff,Travis
4238,89489e32b8bffff,Travis
4239,89489e32b8fffff,Travis
4240,89489e32b93ffff,Travis
4241,89489e32b97ffff,Travis
4242,89489e32b9bffff,Travis
4243,89489e32ba3ffff,Travis
4244,89489e32ba7ffff,Travis
4245,89489e32babffff,Travis
4246,89489e32bafffff,Travis
4247,89489e32bb3ffff,Travis
4248,89489e32bb7ffff,Travis
4249,89489e32bbbffff,Travis
4250,89489e32bc3ffff,Travis
4251,89489e32bc7ffff,Travis
4252,89489e32bcbffff,Travis
4253,89489e32bcfffff,Travis
4254,89489e32bd3ffff,Travis
4255,89489e32bd7ffff,Travis
4256,89489e32bdbffff,Travis
4257,89489e32c33ffff,Travis
4258,89489e32c37ffff,Travis
4259,89489e32c83ffff,Travis
4260,89489e32c87ffff,Travis
4261,89489e32c93ffff,Travis
4262,89489e32c97ffff,Travis
4263,89489e32ca3ffff,Travis
4264,89489e32ca7ffff,Travis
4265,89489e32cabffff,Travis
4266,89489e32cafffff,Travis
4267,89489e32cb3ffff,Travis
4268,89489e32cb7ffff,Travis
4269,89489e32cbbffff,Travis
4270,89489e32d13ffff,Travis
4271,89489e32d17ffff,Travis
4272,89489e32d27ffff,Travis
4273,89489e32d83ffff,Travis
4274,89489e32d87ffff,Travis
4275,89489e32d8bffff,Travis
4276,89489e32d8fffff,Travis
4277,89489e32d93ffff,Travis
4278,89489e32d9bffff,Travis
4279,89489e32da3ffff,Travis
4280,89489e32da7ffff,Travis
4281,89489e32dafffff,Travis
4282,89489e32db3ffff,Travis
4283,89489e32db7ffff,Travis
4284,89489e32dbbffff,Travis
4285,89489e32dc7ffff,Travis
4286,89489e32dd3ffff,Travis
4287,89489e32dd7ffff,Travis
4288,89489e32e07ffff,Travis
4289,89489e32e0fffff,Travis
4290,89489e32e17ffff,Travis
4291,89489e32e23ffff,Travis
4292,89489e32e27ffff,Travis
4293,89489e32e2bffff,Travis
4294,89489e32e2fffff,Travis
4295,89489e32e33ffff,Travis
4296,89489e32e3bffff,Travis
4297,89489e32e43ffff,Travis
4298,89489e32e4bffff,Travis
4299,89489e32e4fffff,Travis
4300,89489e32e63ffff,Travis
4301,89489e32e67ffff,Travis
4302,89489e32e6bffff,Travis
4303,89489e32e6fffff,Travis
4304,89489e32e77ffff,Travis
4305,89489e32e7bffff,Travis
4306,89489e32eabffff,Travis
4307,89489e33163ffff,Travis
4308,89489e33167ffff,Travis
4309,89489e3316fffff,Travis
4310,89489e3330bffff,Travis
4311,89489e3330fffff,Travis
4312,89489e33323ffff,Travis
4313,89489e33327ffff,Travis
4314,89489e3332bffff,Travis
4315,89489e3332fffff,Travis
4316,89489e3333bffff,Travis
4317,89489e33347ffff,Travis
4318,89489e3334fffff,Travis
4319,89489e33357ffff,Travis
4320,89489e33363ffff,Travis
4321,89489e33367ffff,Travis
4322,89489e3336bffff,Travis
4323,89489e3336fffff,Travis
4324,89489e33373ffff,Travis
4325,89489e33377ffff,Travis
4326,89489e3337bffff,Travis
4327,89489e34003ffff,Travis
4328,89489e34007ffff,Travis
4329,89489e3400bffff,Travis
4330,89489e3400fffff,Travis
4331,89489e34013ffff,Travis
4332,89489e34017ffff,Travis
4333,89489e3401bffff,Travis
4334,89489e34023ffff,Travis
4335,89489e34027ffff,Travis
4336,89489e3402bffff,Travis
4337,89489e3402fffff,Travis
4338,89489e34033ffff,Travis
4339,89489e34037ffff,Travis
4340,89489e3403bffff,Travis
4341,89489e34043ffff,Travis
4342,89489e34047ffff,Travis
4343,89489e3404bffff,Travis
4344,89489e3404fffff,Travis
4345,89489e34053ffff,Travis
4346,89489e34057ffff,Travis
4347,89489e3405bffff,Travis
4348,89489e34063ffff,Travis
4349,89489e34067ffff,Travis
4350,89489e3406bffff,Travis
4351,89489e3406fffff,Travis
4352,89489e34073ffff,Travis
4353,89489e34077ffff,Travis
4354,89489e3407bffff,Travis
4355,89489e34083ffff,Travis
4356,89489e34087ffff,Travis
4357,89489e3408bffff,Travis
4358,89489e3408fffff,Travis
4359,89489e34093ffff,Travis
4360,89489e34097ffff,Travis
4361,89489e3409bffff,Travis
4362,89489e340a3ffff,Travis
4363,89489e340a7ffff,Travis
4364,89489e340abffff,Travis
4365,89489e340afffff,Travis
4366,89489e340b3ffff,Travis
4367,89489e340bbffff,Travis
4368,89489e340c3ffff,Travis
4369,89489e340c7ffff,Travis
4370,89489e340cbffff,Travis
4371,89489e340cfffff,Travis
4372,89489e340d3ffff,Travis
4373,89489e340d7ffff,Travis
4374,89489e340dbffff,Travis
4375,89489e34103ffff,Travis
4376,89489e34107ffff,Travis
4377,89489e3410bffff,Travis
4378,89489e3410fffff,Travis
4379,89489e34113ffff,Travis
4380,89489e34117ffff,Travis
4381,89489e3411bffff,Travis
4382,89489e3412fffff,Travis
4383,89489e3413bffff,Travis
4384,89489e34143ffff,Travis
4385,89489e34147ffff,Travis
4386,89489e3414bffff,Travis
4387,89489e3414fffff,Travis
4388,89489e34153ffff,Travis
4389,89489e34157ffff,Travis
4390,89489e3415bffff,Travis
4391,89489e34163ffff,Travis
4392,89489e34167ffff,Travis
4393,89489e3416bffff,Travis
4394,89489e3416fffff,Travis
4395,89489e34173ffff,Travis
4396,89489e34177ffff,Travis
4397,89489e3417bffff,Travis
4398,89489e3418fffff,Travis
4399,89489e341a3ffff,Travis
4400,89489e341abffff,Travis
4401,89489e341bbffff,Travis
4402,89489e341c3ffff,Travis
4403,89489e341c7ffff,Travis
4404,89489e341cbffff,Travis
4405,89489e341cfffff,Travis
4406,89489e341d3ffff,Travis
4407,89489e341d7ffff,Travis
4408,89489e341dbffff,Travis
4409,89489e34203ffff,Travis
4410,89489e34207ffff,Travis
4411,89489e3420bffff,Travis
4412,89489e3420fffff,Travis
4413,89489e34213ffff,Travis
4414,89489e34217ffff,Travis
4415,89489e3421bffff,Travis
4416,89489e34223ffff,Travis
4417,89489e34227ffff,Travis
4418,89489e3422bffff,Travis
4419,89489e3422fffff,Travis
4420,89489e34233ffff,Travis
4421,89489e34237ffff,Travis
4422,89489e3423bffff,Travis
4423,89489e34243ffff,Travis
4424,89489e34247ffff,Travis
4425,89489e3424bffff,Travis
4426,89489e3424fffff,Travis
4427,89489e34253ffff,Travis
4428,89489e34257ffff,Travis
4429,89489e3425bffff,Travis
4430,89489e34263ffff,Travis
4431,89489e34267ffff,Travis
4432,89489e3426bffff,Travis
4433,89489e3426fffff,Travis
4434,89489e34273ffff,Travis
4435,89489e34277ffff,Travis
4436,89489e3427bffff,Travis
4437,89489e34283ffff,Travis
4438,89489e34287ffff,Travis
4439,89489e3428bffff,Travis
4440,89489e3428fffff,Travis
4441,89489e34293ffff,Travis
4442,89489e34297ffff,Travis
4443,89489e3429bffff,Travis
4444,89489e342a3ffff,Travis
4445,89489e342a7ffff,Travis
4446,89489e342abffff,Travis
4447,89489e342afffff,Travis
4448,89489e342b3ffff,Travis
4449,89489e342b7ffff,Travis
4450,89489e342bbffff,Travis
4451,89489e342c3ffff,Travis
4452,89489e342c7ffff,Travis
4453,89489e342cbffff,Travis
4454,89489e342cfffff,Travis
4455,89489e342d3ffff,Travis
4456,89489e342d7ffff,Travis
4457,89489e342dbffff,Travis
4458,89489e34303ffff,Travis
4459,89489e34307ffff,Travis
4460,89489e3430bffff,Travis
4461,89489e3430fffff,Travis
4462,89489e34313ffff,Travis
4463,89489e34317ffff,Travis
4464,89489e3431bffff,Travis
4465,89489e34323ffff,Travis
4466,89489e34327ffff,Travis
4467,89489e3432bffff,Travis
4468,89489e3432fffff,Travis
4469,89489e34333ffff,Travis
4470,89489e34337ffff,Travis
4471,89489e3433bffff,Travis
4472,89489e34343ffff,Travis
4473,89489e34347ffff,Travis
4474,89489e3434bffff,Travis
4475,89489e3434fffff,Travis
4476,89489e34353ffff,Travis
4477,89489e34357ffff,Travis
4478,89489e3435bffff,Travis
4479,89489e34363ffff,Travis
4480,89489e34367ffff,Travis
4481,89489e3436bffff,Travis
4482,89489e3436fffff,Travis
4483,89489e34373ffff,Travis
4484,89489e34377ffff,Travis
4485,89489e3437bffff,Travis
4486,89489e34383ffff,Travis
4487,89489e34387ffff,Travis
4488,89489e3438bffff,Travis
4489,89489e3438fffff,Travis
4490,89489e34393ffff,Travis
4491,89489e34397ffff,Travis
4492,89489e3439bffff,Travis
4493,89489e343a3ffff,Travis
4494,89489e343a7ffff,Travis
4495,89489e343abffff,Travis
4496,89489e343afffff,Travis
4497,89489e343b3ffff,Travis
4498,89489e343b7ffff,Travis
4499,89489e343bbffff,Travis
4500,89489e343c3ffff,Travis
4501,89489e343c7ffff,Travis
4502,89489e343cbffff,Travis
4503,89489e343cfffff,Travis
4504,89489e343d3ffff,Travis
4505,89489e343d7ffff,Travis
4506,89489e343dbffff,Travis
4507,89489e34403ffff,Travis
4508,89489e34407ffff,Travis
4509,89489e3440bffff,Travis
4510,89489e3440fffff,Travis
4511,89489e34413ffff,Travis
4512,89489e34417ffff,Travis
4513,89489e3441bffff,Travis
4514,89489e34423ffff,Travis
4515,89489e34427ffff,Travis
4516,89489e3442bffff,Travis
4517,89489e3442fffff,Travis
4518,89489e34433ffff,Travis
4519,89489e34437ffff,Travis
4520,89489e3443bffff,Travis
4521,89489e34443ffff,Travis
4522,89489e34447ffff,Travis
4523,89489e3444bffff,Travis
4524,89489e3444fffff,Travis
4525,89489e34453ffff,Travis
4526,89489e34457ffff,Travis
4527,89489e3445bffff,Travis
4528,89489e34463ffff,Travis
4529,89489e34467ffff,Travis
4530,89489e3446bffff,Travis
4531,89489e3446fffff,Travis
4532,89489e34473ffff,Travis
4533,89489e34477ffff,Travis
4534,89489e3447bffff,Travis
4535,89489e34483ffff,Travis
4536,89489e34487ffff,Travis
4537,89489e3448bffff,Travis
4538,89489e3448fffff,Travis
4539,89489e34493ffff,Travis
4540,89489e34497ffff,Travis
4541,89489e3449bffff,Travis
4542,89489e344a3ffff,Travis
4543,89489e344a7ffff,Travis
4544,89489e344abffff,Travis
4545,89489e344afffff,Travis
4546,89489e344b3ffff,Travis
4547,89489e344b7ffff,Travis
4548,89489e344bbffff,Travis
4549,89489e344c3ffff,Travis
4550,89489e344c7ffff,Travis
4551,89489e344cbffff,Travis
4552,89489e344cfffff,Travis
4553,89489e344d3ffff,Travis
4554,89489e344d7ffff,Travis
4555,89489e344dbffff,Travis
4556,89489e34503ffff,Travis
4557,89489e3450bffff,Travis
4558,89489e34513ffff,Travis
4559,89489e34517ffff,Travis
4560,89489e3451bffff,Travis
4561,89489e34537ffff,Travis
4562,89489e3454bffff,Travis
4563,89489e34553ffff,Travis
4564,89489e34557ffff,Travis
4565,89489e3455bffff,Travis
4566,89489e34583ffff,Travis
4567,89489e34587ffff,Travis
4568,89489e3458bffff,Travis
4569,89489e3458fffff,Travis
4570,89489e34593ffff,Travis
4571,89489e34597ffff,Travis
4572,89489e3459bffff,Travis
4573,89489e345a3ffff,Travis
4574,89489e345a7ffff,Travis
4575,89489e345abffff,Travis
4576,89489e345afffff,Travis
4577,89489e345b3ffff,Travis
4578,89489e345b7ffff,Travis
4579,89489e345bbffff,Travis
4580,89489e345c3ffff,Travis
4581,89489e345c7ffff,Travis
4582,89489e345cbffff,Travis
4583,89489e345cfffff,Travis
4584,89489e345d3ffff,Travis
4585,89489e345d7ffff,Travis
4586,89489e345dbffff,Travis
4587,89489e34603ffff,Travis
4588,89489e34607ffff,Travis
4589,89489e3460bffff,Travis
4590,89489e3460fffff,Travis
4591,89489e34613ffff,Travis
4592,89489e34617ffff,Travis
4593,89489e3461bffff,Travis
4594,89489e34623ffff,Travis
4595,89489e34627ffff,Travis
4596,89489e3462bffff,Travis
4597,89489e3462fffff,Travis
4598,89489e34633ffff,Travis
4599,89489e34637ffff,Travis
4600,89489e3463bffff,Travis
4601,89489e34643ffff,Travis
4602,89489e34647ffff,Travis
4603,89489e3464bffff,Travis
4604,89489e3464fffff,Travis
4605,89489e34653ffff,Travis
4606,89489e34657ffff,Travis
4607,89489e3465bffff,Travis
4608,89489e34663ffff,Travis
4609,89489e34667ffff,Travis
4610,89489e3466bffff,Travis
4611,89489e3466fffff,Travis
4612,89489e34673ffff,Travis
4613,89489e34677ffff,Travis
4614,89489e3467bffff,Travis
4615,89489e34683ffff,Travis
4616,89489e34687ffff,Travis
4617,89489e3468bffff,Travis
4618,89489e3468fffff,Travis
4619,89489e34693ffff,Travis
4620,89489e34697ffff,Travis
4621,89489e3469bffff,Travis
4622,89489e346a3ffff,Travis
4623,89489e346a7ffff,Travis
4624,89489e346abffff,Travis
4625,89489e346afffff,Travis
4626,89489e346b3ffff,Travis
4627,89489e346b7ffff,Travis
4628,89489e346bbffff,Travis
4629,89489e346c3ffff,Travis
4630,89489e346c7ffff,Travis
4631,89489e346cbffff,Travis
4632,89489e346cfffff,Travis
4633,89489e346d3ffff,Travis
4634,89489e346d7ffff,Travis
4635,89489e346dbffff,Travis
4636,89489e34803ffff,Travis
4637,89489e34807ffff,Travis
4638,89489e3480bffff,Travis
4639,89489e3480fffff,Travis
4640,89489e34813ffff,Travis
4641,89489e34817ffff,Travis
4642,89489e3481bffff,Travis
4643,89489e34823ffff,Travis
4644,89489e34827ffff,Travis
4645,89489e3482bffff,Travis
4646,89489e3482fffff,Travis
4647,89489e34837ffff,Travis
4648,89489e3483bffff,Travis
4649,89489e34863ffff,Travis
4650,89489e34867ffff,Travis
4651,89489e3486bffff,Travis
4652,89489e3486fffff,Travis
4653,89489e34873ffff,Travis
4654,89489e34877ffff,Travis
4655,89489e3487bffff,Travis
4656,89489e34883ffff,Travis
4657,89489e34887ffff,Travis
4658,89489e3488bffff,Travis
4659,89489e3488fffff,Travis
4660,89489e34893ffff,Travis
4661,89489e34897ffff,Travis
4662,89489e3489bffff,Travis
4663,89489e348bbffff,Travis
4664,89489e34903ffff,Travis
4665,89489e34907ffff,Travis
4666,89489e3490bffff,Travis
4667,89489e3490fffff,Travis
4668,89489e34913ffff,Travis
4669,89489e34917ffff,Travis
4670,89489e3491bffff,Travis
4671,89489e34923ffff,Travis
4672,89489e34927ffff,Travis
4673,89489e3492bffff,Travis
4674,89489e3492fffff,Travis
4675,89489e34933ffff,Travis
4676,89489e34937ffff,Travis
4677,89489e3493bffff,Travis
4678,89489e34943ffff,Travis
4679,89489e34947ffff,Travis
4680,89489e3494bffff,Travis
4681,89489e34953ffff,Travis
4682,89489e34957ffff,Travis
4683,89489e3495bffff,Travis
4684,89489e34973ffff,Travis
4685,89489e34977ffff,Travis
4686,89489e34983ffff,Travis
4687,89489e34987ffff,Travis
4688,89489e3498bffff,Travis
4689,89489e3498fffff,Travis
4690,89489e34993ffff,Travis
4691,89489e34997ffff,Travis
4692,89489e3499bffff,Travis
4693,89489e349a3ffff,Travis
4694,89489e349a7ffff,Travis
4695,89489e349abffff,Travis
4696,89489e349afffff,Travis
4697,89489e349b3ffff,Travis
4698,89489e349b7ffff,Travis
4699,89489e349bbffff,Travis
4700,89489e349c3ffff,Travis
4701,89489e349c7ffff,Travis
4702,89489e349cbffff,Travis
4703,89489e349cfffff,Travis
4704,89489e349d3ffff,Travis
4705,89489e349d7ffff,Travis
4706,89489e349dbffff,Travis
4707,89489e34a03ffff,Travis
4708,89489e34a07ffff,Travis
4709,89489e34a0bffff,Travis
4710,89489e34a0fffff,Travis
4711,89489e34a13ffff,Travis
4712,89489e34a17ffff,Travis
4713,89489e34a1bffff,Travis
4714,89489e34a23ffff,Travis
4715,89489e34a27ffff,Travis
4716,89489e34a2bffff,Travis
4717,89489e34a2fffff,Travis
4718,89489e34a33ffff,Travis
4719,89489e34a37ffff,Travis
4720,89489e34a3bffff,Travis
4721,89489e34a43ffff,Travis
4722,89489e34a47ffff,Travis
4723,89489e34a4bffff,Travis
4724,89489e34a4fffff,Travis
4725,89489e34a53ffff,Travis
4726,89489e34a57ffff,Travis
4727,89489e34a5bffff,Travis
4728,89489e34a63ffff,Travis
4729,89489e34a67ffff,Travis
4730,89489e34a6bffff,Travis
4731,89489e34a6fffff,Travis
4732,89489e34a73ffff,Travis
4733,89489e34a77ffff,Travis
4734,89489e34a7bffff,Travis
4735,89489e34a8bffff,Travis
4736,89489e34a8fffff,Travis
4737,89489e34a9bffff,Travis
4738,89489e34aa7ffff,Travis
4739,89489e34aabffff,Travis
4740,89489e34aafffff,Travis
4741,89489e34ac3ffff,Travis
4742,89489e34ac7ffff,Travis
4743,89489e34acbffff,Travis
4744,89489e34acfffff,Travis
4745,89489e34ad3ffff,Travis
4746,89489e34ad7ffff,Travis
4747,89489e34adbffff,Travis
4748,89489e34b03ffff,Travis
4749,89489e34b07ffff,Travis
4750,89489e34b0bffff,Travis
4751,89489e34b0fffff,Travis
4752,89489e34b13ffff,Travis
4753,89489e34b17ffff,Travis
4754,89489e34b1bffff,Travis
4755,89489e34b23ffff,Travis
4756,89489e34b2bffff,Travis
4757,89489e34b2fffff,Travis
4758,89489e34b33ffff,Travis
4759,89489e34b3bffff,Travis
4760,89489e34b43ffff,Travis
4761,89489e34b47ffff,Travis
4762,89489e34b4bffff,Travis
4763,89489e34b4fffff,Travis
4764,89489e34b53ffff,Travis
4765,89489e34b57ffff,Travis
4766,89489e34b5bffff,Travis
4767,89489e34b63ffff,Travis
4768,89489e34b67ffff,Travis
4769,89489e34b6bffff,Travis
4770,89489e34b6fffff,Travis
4771,89489e34b73ffff,Travis
4772,89489e34b77ffff,Travis
4773,89489e34b7bffff,Travis
4774,89489e34b83ffff,Travis
4775,89489e34b87ffff,Travis
4776,89489e34b8bffff,Travis
4777,89489e34b93ffff,Travis
4778,89489e34b97ffff,Travis
4779,89489e34b9bffff,Travis
4780,89489e34bbbffff,Travis
4781,89489e34bc3ffff,Travis
4782,89489e34bc7ffff,Travis
4783,89489e34bcbffff,Travis
4784,89489e34bcfffff,Travis
4785,89489e34bd3ffff,Travis
4786,89489e34bd7ffff,Travis
4787,89489e34bdbffff,Travis
4788,89489e34c23ffff,Travis
4789,89489e34c27ffff,Travis
4790,89489e34c2bffff,Travis
4791,89489e34c2fffff,Travis
4792,89489e34c33ffff,Travis
4793,89489e34c37ffff,Travis
4794,89489e34c3bffff,Travis
4795,89489e34ca7ffff,Travis
4796,89489e34d07ffff,Travis
4797,89489e34d0fffff,Travis
4798,89489e34d23ffff,Travis
4799,89489e34d27ffff,Travis
4800,89489e34d2fffff,Travis
4801,89489e34d33ffff,Travis
4802,89489e34d37ffff,Travis
4803,89489e34d3bffff,Travis
4804,89489e34d43ffff,Travis
4805,89489e34d47ffff,Travis
4806,89489e34d4bffff,Travis
4807,89489e34d4fffff,Travis
4808,89489e34d53ffff,Travis
4809,89489e34d57ffff,Travis
4810,89489e34d5bffff,Travis
4811,89489e34d63ffff,Travis
4812,89489e34d6bffff,Travis
4813,89489e34d6fffff,Travis
4814,89489e34d73ffff,Travis
4815,89489e34d77ffff,Travis
4816,89489e34d7bffff,Travis
4817,89489e34da7ffff,Travis
4818,89489e34dafffff,Travis
4819,89489e34dc3ffff,Travis
4820,89489e34dc7ffff,Travis
4821,89489e34dcbffff,Travis
4822,89489e34dcfffff,Travis
4823,89489e34dd3ffff,Travis
4824,89489e34dd7ffff,Travis
4825,89489e34e0bffff,Travis
4826,89489e34e1bffff,Travis
4827,89489e34e43ffff,Travis
4828,89489e34e47ffff,Travis
4829,89489e34e4bffff,Travis
4830,89489e34e4fffff,Travis
4831,89489e34e53ffff,Travis
4832,89489e34e57ffff,Travis
4833,89489e34e5bffff,Travis
4834,89489e34e63ffff,Travis
4835,89489e34e6bffff,Travis
4836,89489e34e6fffff,Travis
4837,89489e34e77ffff,Travis
4838,89489e34e7bffff,Travis
4839,89489e34e9bffff,Travis
4840,89489e34ec3ffff,Travis
4841,89489e34ec7ffff,Travis
4842,89489e34ecbffff,Travis
4843,89489e34ecfffff,Travis
4844,89489e34ed3ffff,Travis
4845,89489e34ed7ffff,Travis
4846,89489e34edbffff,Travis
4847,89489e35003ffff,Travis
4848,89489e35007ffff,Travis
4849,89489e3500bffff,Travis
4850,89489e3500fffff,Travis
4851,89489e35013ffff,Travis
4852,89489e35017ffff,Travis
4853,89489e3501bffff,Travis
4854,89489e35023ffff,Travis
4855,89489e35027ffff,Travis
4856,89489e3502bffff,Travis
4857,89489e3502fffff,Travis
4858,89489e35033ffff,Travis
4859,89489e35037ffff,Travis
4860,89489e3503bffff,Travis
4861,89489e35043ffff,Travis
4862,89489e35047ffff,Travis
4863,89489e3504bffff,Travis
4864,89489e3504fffff,Travis
4865,89489e35053ffff,Travis
4866,89489e35057ffff,Travis
4867,89489e3505bffff,Travis
4868,89489e35063ffff,Travis
4869,89489e35067ffff,Travis
4870,89489e3506bffff,Travis
4871,89489e3506fffff,Travis
4872,89489e35073ffff,Travis
4873,89489e35077ffff,Travis
4874,89489e3507bffff,Travis
4875,89489e35083ffff,Travis
4876,89489e35087ffff,Travis
4877,89489e3508bffff,Travis
4878,89489e3508fffff,Travis
4879,89489e35093ffff,Travis
4880,89489e35097ffff,Travis
4881,89489e3509bffff,Travis
4882,89489e350a3ffff,Travis
4883,89489e350a7ffff,Travis
4884,89489e350abffff,Travis
4885,89489e350afffff,Travis
4886,89489e350b3ffff,Travis
4887,89489e350b7ffff,Travis
4888,89489e350bbffff,Travis
4889,89489e350c3ffff,Travis
4890,89489e350c7ffff,Travis
4891,89489e350cbffff,Travis
4892,89489e350cfffff,Travis
4893,89489e350d3ffff,Travis
4894,89489e350d7ffff,Travis
4895,89489e350dbffff,Travis
4896,89489e35103ffff,Travis
4897,89489e35107ffff,Travis
4898,89489e3510bffff,Travis
4899,89489e3510fffff,Travis
4900,89489e35113ffff,Travis
4901,89489e35117ffff,Travis
4902,89489e3511bffff,Travis
4903,89489e35123ffff,Travis
4904,89489e35127ffff,Travis
4905,89489e3512bffff,Travis
4906,89489e3512fffff,Travis
4907,89489e35133ffff,Travis
4908,89489e35137ffff,Travis
4909,89489e3513bffff,Travis
4910,89489e35143ffff,Travis
4911,89489e35147ffff,Travis
4912,89489e3514bffff,Travis
4913,89489e3514fffff,Travis
4914,89489e35153ffff,Travis
4915,89489e35157ffff,Travis
4916,89489e3515bffff,Travis
4917,89489e35163ffff,Travis
4918,89489e35167ffff,Travis
4919,89489e3516bffff,Travis
4920,89489e3516fffff,Travis
4921,89489e35173ffff,Travis
4922,89489e35177ffff,Travis
4923,89489e3517bffff,Travis
4924,89489e35183ffff,Travis
4925,89489e35187ffff,Travis
4926,89489e3518bffff,Travis
4927,89489e3518fffff,Travis
4928,89489e35193ffff,Travis
4929,89489e35197ffff,Travis
4930,89489e3519bffff,Travis
4931,89489e351a3ffff,Travis
4932,89489e351a7ffff,Travis
4933,89489e351abffff,Travis
4934,89489e351afffff,Travis
4935,89489e351b3ffff,Travis
4936,89489e351b7ffff,Travis
4937,89489e351bbffff,Travis
4938,89489e351c3ffff,Travis
4939,89489e351c7ffff,Travis
4940,89489e351cbffff,Travis
4941,89489e351cfffff,Travis
4942,89489e351d3ffff,Travis
4943,89489e351d7ffff,Travis
4944,89489e351dbffff,Travis
4945,89489e35203ffff,Travis
4946,89489e35207ffff,Travis
4947,89489e3520bffff,Travis
4948,89489e3520fffff,Travis
4949,89489e35213ffff,Travis
4950,89489e35217ffff,Travis
4951,89489e3521bffff,Travis
4952,89489e35223ffff,Travis
4953,89489e35227ffff,Travis
4954,89489e3522bffff,Travis
4955,89489e3522fffff,Travis
4956,89489e35233ffff,Travis
4957,89489e35237ffff,Travis
4958,89489e3523bffff,Travis
4959,89489e35243ffff,Travis
4960,89489e35247ffff,Travis
4961,89489e3524bffff,Travis
4962,89489e3524fffff,Travis
4963,89489e35253ffff,Travis
4964,89489e35257ffff,Travis
4965,89489e3525bffff,Travis
4966,89489e35263ffff,Travis
4967,89489e35267ffff,Travis
4968,89489e3526bffff,Travis
4969,89489e3526fffff,Travis
4970,89489e35273ffff,Travis
4971,89489e35277ffff,Travis
4972,89489e3527bffff,Travis
4973,89489e35283ffff,Travis
4974,89489e35287ffff,Travis
4975,89489e3528bffff,Travis
4976,89489e3528fffff,Travis
4977,89489e35293ffff,Travis
4978,89489e35297ffff,Travis
4979,89489e3529bffff,Travis
4980,89489e352a3ffff,Travis
4981,89489e352a7ffff,Travis
4982,89489e352abffff,Travis
4983,89489e352afffff,Travis
4984,89489e352b3ffff,Travis
4985,89489e352b7ffff,Travis
4986,89489e352bbffff,Travis
4987,89489e352c3ffff,Travis
4988,89489e352c7ffff,Travis
4989,89489e352cbffff,Travis
4990,89489e352cfffff,Travis
4991,89489e352d3ffff,Travis
4992,89489e352d7ffff,Travis
4993,89489e352dbffff,Travis
4994,89489e35303ffff,Travis
4995,89489e35307ffff,Travis
4996,89489e3530bffff,Travis
4997,89489e3530fffff,Travis
4998,89489e35313ffff,Travis
4999,89489e35317ffff,Travis
5000,89489e3531bffff,Travis
5001,89489e35323ffff,Travis
5002,89489e35327ffff,Travis
5003,89489e3532bffff,Travis
5004,89489e3532fffff,Travis
5005,89489e35333ffff,Travis
5006,89489e35337ffff,Travis
5007,89489e3533bffff,Travis
5008,89489e35343ffff,Travis
5009,89489e35347ffff,Travis
5010,89489e3534bffff,Travis
5011,89489e3534fffff,Travis
5012,89489e35353ffff,Travis
5013,89489e35357ffff,Travis
5014,89489e3535bffff,Travis
5015,89489e35363ffff,Travis
5016,89489e35367ffff,Travis
5017,89489e3536bffff,Travis
5018,89489e3536fffff,Travis
5019,89489e35373ffff,Travis
5020,89489e35377ffff,Travis
5021,89489e3537bffff,Travis
5022,89489e35383ffff,Travis
5023,89489e35387ffff,Travis
5024,89489e3538bffff,Travis
5025,89489e3538fffff,Travis
5026,89489e35393ffff,Travis
5027,89489e35397ffff,Travis
5028,89489e3539bffff,Travis
5029,89489e353a3ffff,Travis
5030,89489e353a7ffff,Travis
5031,89489e353abffff,Travis
5032,89489e353afffff,Travis
5033,89489e353b3ffff,Travis
5034,89489e353b7ffff,Travis
5035,89489e353bbffff,Travis
5036,89489e353c3ffff,Travis
5037,89489e353c7ffff,Travis
5038,89489e353cbffff,Travis
5039,89489e353cfffff,Travis
5040,89489e353d3ffff,Travis
5041,89489e353d7ffff,Travis
5042,89489e353dbffff,Travis
5043,89489e35403ffff,Travis
5044,89489e35407ffff,Travis
5045,89489e3540bffff,Travis
5046,89489e3540fffff,Travis
5047,89489e35413ffff,Travis
5048,89489e35417ffff,Travis
5049,89489e3541bffff,Travis
5050,89489e35423ffff,Travis
5051,89489e35427ffff,Travis
5052,89489e3542bffff,Travis
5053,89489e3542fffff,Travis
5054,89489e35433ffff,Travis
5055,89489e35437ffff,Travis
5056,89489e3543bffff,Travis
5057,89489e35443ffff,Travis
5058,89489e35447ffff,Travis
5059,89489e3544bffff,Travis
5060,89489e3544fffff,Travis
5061,89489e35453ffff,Travis
5062,89489e35457ffff,Travis
5063,89489e3545bffff,Travis
5064,89489e35463ffff,Travis
5065,89489e35467ffff,Travis
5066,89489e3546bffff,Travis
5067,89489e3546fffff,Travis
5068,89489e35473ffff,Travis
5069,89489e35477ffff,Travis
5070,89489e3547bffff,Travis
5071,89489e35483ffff,Travis
5072,89489e35487ffff,Travis
5073,89489e3548bffff,Travis
5074,89489e3548fffff,Travis
5075,89489e35493ffff,Travis
5076,89489e35497ffff,Travis
5077,89489e3549bffff,Travis
5078,89489e354a3ffff,Travis
5079,89489e354a7ffff,Travis
5080,89489e354abffff,Travis
5081,89489e354afffff,Travis
5082,89489e354b3ffff,Travis
5083,89489e354b7ffff,Travis
5084,89489e354bbffff,Travis
5085,89489e354c3ffff,Travis
5086,89489e354c7ffff,Travis
5087,89489e354cbffff,Travis
5088,89489e354cfffff,Travis
5089,89489e354d3ffff,Travis
5090,89489e354d7ffff,Travis
5091,89489e354dbffff,Travis
5092,89489e35503ffff,Travis
5093,89489e35507ffff,Travis
5094,89489e3550bffff,Travis
5095,89489e3550fffff,Travis
5096,89489e35513ffff,Travis
5097,89489e35517ffff,Travis
5098,89489e3551bffff,Travis
5099,89489e35523ffff,Travis
5100,89489e35527ffff,Travis
5101,89489e3552bffff,Travis
5102,89489e3552fffff,Travis
5103,89489e35533ffff,Travis
5104,89489e35537ffff,Travis
5105,89489e3553bffff,Travis
5106,89489e35543ffff,Travis
5107,89489e35547ffff,Travis
5108,89489e3554bffff,Travis
5109,89489e3554fffff,Travis
5110,89489e35553ffff,Travis
5111,89489e35557ffff,Travis
5112,89489e3555bffff,Travis
5113,89489e35563ffff,Travis
5114,89489e35567ffff,Travis
5115,89489e3556bffff,Travis
5116,89489e3556fffff,Travis
5117,89489e35573ffff,Travis
5118,89489e35577ffff,Travis
5119,89489e3557bffff,Travis
5120,89489e35583ffff,Travis
5121,89489e35587ffff,Travis
5122,89489e3558bffff,Travis
5123,89489e3558fffff,Travis
5124,89489e35593ffff,Travis
5125,89489e35597ffff,Travis
5126,89489e3559bffff,Travis
5127,89489e355a3ffff,Travis
5128,89489e355a7ffff,Travis
5129,89489e355abffff,Travis
5130,89489e355afffff,Travis
5131,89489e355b3ffff,Travis
5132,89489e355b7ffff,Travis
5133,89489e355bbffff,Travis
5134,89489e355c3ffff,Travis
5135,89489e355c7ffff,Travis
5136,89489e355cbffff,Travis
5137,89489e355cfffff,Travis
5138,89489e355d3ffff,Travis
5139,89489e355d7ffff,Travis
5140,89489e355dbffff,Travis
5141,89489e35603ffff,Travis
5142,89489e35607ffff,Travis
5143,89489e3560bffff,Travis
5144,89489e3560fffff,Travis
5145,89489e35613ffff,Travis
5146,89489e35617ffff,Travis
5147,89489e3561bffff,Travis
5148,89489e35623ffff,Travis
5149,89489e35627ffff,Travis
5150,89489e3562bffff,Travis
5151,89489e3562fffff,Travis
5152,89489e35633ffff,Travis
5153,89489e35637ffff,Travis
5154,89489e3563bffff,Travis
5155,89489e35643ffff,Travis
5156,89489e35647ffff,Travis
5157,89489e3564bffff,Travis
5158,89489e3564fffff,Travis
5159,89489e35653ffff,Travis
5160,89489e35657ffff,Travis
5161,89489e3565bffff,Travis
5162,89489e35663ffff,Travis
5163,89489e35667ffff,Travis
5164,89489e3566bffff,Travis
5165,89489e3566fffff,Travis
5166,89489e35673ffff,Travis
5167,89489e35677ffff,Travis
5168,89489e3567bffff,Travis
5169,89489e35683ffff,Travis
5170,89489e35687ffff,Travis
5171,89489e3568bffff,Travis
5172,89489e3568fffff,Travis
5173,89489e35693ffff,Travis
5174,89489e35697ffff,Travis
5175,89489e3569bffff,Travis
5176,89489e356a3ffff,Travis
5177,89489e356a7ffff,Travis
5178,89489e356abffff,Travis
5179,89489e356afffff,Travis
5180,89489e356b3ffff,Travis
5181,89489e356b7ffff,Travis
5182,89489e356bbffff,Travis
5183,89489e356c7ffff,Travis
5184,89489e356cfffff,Travis
5185,89489e356d7ffff,Travis
5186,89489e35803ffff,Travis
5187,89489e35807ffff,Travis
5188,89489e3580bffff,Travis
5189,89489e3580fffff,Travis
5190,89489e35813ffff,Travis
5191,89489e35817ffff,Travis
5192,89489e3581bffff,Travis
5193,89489e35823ffff,Travis
5194,89489e35827ffff,Travis
5195,89489e3582bffff,Travis
5196,89489e3582fffff,Travis
5197,89489e35833ffff,Travis
5198,89489e35837ffff,Travis
5199,89489e3583bffff,Travis
5200,89489e35843ffff,Travis
5201,89489e35847ffff,Travis
5202,89489e3584bffff,Travis
5203,89489e3584fffff,Travis
5204,89489e35853ffff,Travis
5205,89489e35857ffff,Travis
5206,89489e3585bffff,Travis
5207,89489e35863ffff,Travis
5208,89489e35867ffff,Travis
5209,89489e3586bffff,Travis
5210,89489e3586fffff,Travis
5211,89489e35873ffff,Travis
5212,89489e35877ffff,Travis
5213,89489e3587bffff,Travis
5214,89489e35883ffff,Travis
5215,89489e35887ffff,Travis
5216,89489e3588bffff,Travis
5217,89489e3588fffff,Travis
5218,89489e35893ffff,Travis
5219,89489e35897ffff,Travis
5220,89489e3589bffff,Travis
5221,89489e358a3ffff,Travis
5222,89489e358a7ffff,Travis
5223,89489e358abffff,Travis
5224,89489e358afffff,Travis
5225,89489e358b3ffff,Travis
5226,89489e358b7ffff,Travis
5227,89489e358bbffff,Travis
5228,89489e358c3ffff,Travis
5229,89489e358c7ffff,Travis
5230,89489e358cbffff,Travis
5231,89489e358cfffff,Travis
5232,89489e358d3ffff,Travis
5233,89489e358d7ffff,Travis
5234,89489e358dbffff,Travis
5235,89489e35903ffff,Travis
5236,89489e35907ffff,Travis
5237,89489e3590bffff,Travis
5238,89489e3590fffff,Travis
5239,89489e35913ffff,Travis
5240,89489e35917ffff,Travis
5241,89489e3591bffff,Travis
5242,89489e35923ffff,Travis
5243,89489e35927ffff,Travis
5244,89489e3592bffff,Travis
5245,89489e3592fffff,Travis
5246,89489e35933ffff,Travis
5247,89489e35937ffff,Travis
5248,89489e3593bffff,Travis
5249,89489e35943ffff,Travis
5250,89489e35947ffff,Travis
5251,89489e3594bffff,Travis
5252,89489e3594fffff,Travis
5253,89489e35953ffff,Travis
5254,89489e35957ffff,Travis
5255,89489e3595bffff,Travis
5256,89489e35963ffff,Travis
5257,89489e35967ffff,Travis
5258,89489e3596bffff,Travis
5259,89489e3596fffff,Travis
5260,89489e35973ffff,Travis
5261,89489e35977ffff,Travis
5262,89489e3597bffff,Travis
5263,89489e35983ffff,Travis
5264,89489e35987ffff,Travis
5265,89489e3598bffff,Travis
5266,89489e3598fffff,Travis
5267,89489e35993ffff,Travis
5268,89489e35997ffff,Travis
5269,89489e3599bffff,Travis
5270,89489e359a3ffff,Travis
5271,89489e359a7ffff,Travis
5272,89489e359abffff,Travis
5273,89489e359afffff,Travis
5274,89489e359b3ffff,Travis
5275,89489e359b7ffff,Travis
5276,89489e359bbffff,Travis
5277,89489e359c3ffff,Travis
5278,89489e359c7ffff,Travis
5279,89489e359cbffff,Travis
5280,89489e359cfffff,Travis
5281,89489e359d3ffff,Travis
5282,89489e359d7ffff,Travis
5283,89489e359dbffff,Travis
5284,89489e35a03ffff,Travis
5285,89489e35a07ffff,Travis
5286,89489e35a0bffff,Travis
5287,89489e35a0fffff,Travis
5288,89489e35a13ffff,Travis
5289,89489e35a17ffff,Travis
5290,89489e35a1bffff,Travis
5291,89489e35a23ffff,Travis
5292,89489e35a27ffff,Travis
5293,89489e35a2bffff,Travis
5294,89489e35a2fffff,Travis
5295,89489e35a33ffff,Travis
5296,89489e35a37ffff,Travis
5297,89489e35a3bffff,Travis
5298,89489e35a43ffff,Travis
5299,89489e35a47ffff,Travis
5300,89489e35a4bffff,Travis
5301,89489e35a4fffff,Travis
5302,89489e35a53ffff,Travis
5303,89489e35a57ffff,Travis
5304,89489e35a5bffff,Travis
5305,89489e35a63ffff,Travis
5306,89489e35a67ffff,Travis
5307,89489e35a6bffff,Travis
5308,89489e35a6fffff,Travis
5309,89489e35a73ffff,Travis
5310,89489e35a77ffff,Travis
5311,89489e35a7bffff,Travis
5312,89489e35a83ffff,Travis
5313,89489e35a87ffff,Travis
5314,89489e35a8bffff,Travis
5315,89489e35a8fffff,Travis
5316,89489e35a93ffff,Travis
5317,89489e35a97ffff,Travis
5318,89489e35a9bffff,Travis
5319,89489e35aa3ffff,Travis
5320,89489e35aa7ffff,Travis
5321,89489e35aabffff,Travis
5322,89489e35aafffff,Travis
5323,89489e35ab3ffff,Travis
5324,89489e35ab7ffff,Travis
5325,89489e35abbffff,Travis
5326,89489e35ac3ffff,Travis
5327,89489e35ac7ffff,Travis
5328,89489e35acbffff,Travis
5329,89489e35acfffff,Travis
5330,89489e35ad3ffff,Travis
5331,89489e35ad7ffff,Travis
5332,89489e35adbffff,Travis
5333,89489e35b03ffff,Travis
5334,89489e35b07ffff,Travis
5335,89489e35b0bffff,Travis
5336,89489e35b0fffff,Travis
5337,89489e35b13ffff,Travis
5338,89489e35b17ffff,Travis
5339,89489e35b1bffff,Travis
5340,89489e35b23ffff,Travis
5341,89489e35b27ffff,Travis
5342,89489e35b2bffff,Travis
5343,89489e35b2fffff,Travis
5344,89489e35b33ffff,Travis
5345,89489e35b37ffff,Travis
5346,89489e35b3bffff,Travis
5347,89489e35b43ffff,Travis
5348,89489e35b47ffff,Travis
5349,89489e35b4bffff,Travis
5350,89489e35b4fffff,Travis
5351,89489e35b53ffff,Travis
5352,89489e35b57ffff,Travis
5353,89489e35b5bffff,Travis
5354,89489e35b63ffff,Travis
5355,89489e35b67ffff,Travis
5356,89489e35b6bffff,Travis
5357,89489e35b6fffff,Travis
5358,89489e35b73ffff,Travis
5359,89489e35b77ffff,Travis
5360,89489e35b7bffff,Travis
5361,89489e35b83ffff,Travis
5362,89489e35b87ffff,Travis
5363,89489e35b8bffff,Travis
5364,89489e35b8fffff,Travis
5365,89489e35b93ffff,Travis
5366,89489e35b97ffff,Travis
5367,89489e35b9bffff,Travis
5368,89489e35ba3ffff,Travis
5369,89489e35ba7ffff,Travis
5370,89489e35babffff,Travis
5371,89489e35bafffff,Travis
5372,89489e35bb3ffff,Travis
5373,89489e35bb7ffff,Travis
5374,89489e35bbbffff,Travis
5375,89489e35bc3ffff,Travis
5376,89489e35bc7ffff,Travis
5377,89489e35bcbffff,Travis
5378,89489e35bcfffff,Travis
5379,89489e35bd3ffff,Travis
5380,89489e35bd7ffff,Travis
5381,89489e35bdbffff,Travis
5382,89489e35c03ffff,Travis
5383,89489e35c07ffff,Travis
5384,89489e35c0bffff,Travis
5385,89489e35c0fffff,Travis
5386,89489e35c13ffff,Travis
5387,89489e35c17ffff,Travis
5388,89489e35c1bffff,Travis
5389,89489e35c23ffff,Travis
5390,89489e35c27ffff,Travis
5391,89489e35c2bffff,Travis
5392,89489e35c2fffff,Travis
5393,89489e35c33ffff,Travis
5394,89489e35c37ffff,Travis
5395,89489e35c3bffff,Travis
5396,89489e35c43ffff,Travis
5397,89489e35c47ffff,Travis
5398,89489e35c4bffff,Travis
5399,89489e35c4fffff,Travis
5400,89489e35c53ffff,Travis
5401,89489e35c57ffff,Travis
5402,89489e35c5bffff,Travis
5403,89489e35c63ffff,Travis
5404,89489e35c67ffff,Travis
5405,89489e35c6bffff,Travis
5406,89489e35c6fffff,Travis
5407,89489e35c73ffff,Travis
5408,89489e35c77ffff,Travis
5409,89489e35c7bffff,Travis
5410,89489e35c83ffff,Travis
5411,89489e35c87ffff,Travis
5412,89489e35c8bffff,Travis
5413,89489e35c8fffff,Travis
5414,89489e35c93ffff,Travis
5415,89489e35c97ffff,Travis
5416,89489e35c9bffff,Travis
5417,89489e35ca3ffff,Travis
5418,89489e35ca7ffff,Travis
5419,89489e35cabffff,Travis
5420,89489e35cafffff,Travis
5421,89489e35cb3ffff,Travis
5422,89489e35cb7ffff,Travis
5423,89489e35cbbffff,Travis
5424,89489e35cc3ffff,Travis
5425,89489e35cc7ffff,Travis
5426,89489e35ccbffff,Travis
5427,89489e35ccfffff,Travis
5428,89489e35cd3ffff,Travis
5429,89489e35cd7ffff,Travis
5430,89489e35cdbffff,Travis
5431,89489e35d03ffff,Travis
5432,89489e35d07ffff,Travis
5433,89489e35d0bffff,Travis
5434,89489e35d0fffff,Travis
5435,89489e35d13ffff,Travis
5436,89489e35d17ffff,Travis
5437,89489e35d1bffff,Travis
5438,89489e35d23ffff,Travis
5439,89489e35d27ffff,Travis
5440,89489e35d2bffff,Travis
5441,89489e35d2fffff,Travis
5442,89489e35d33ffff,Travis
5443,89489e35d37ffff,Travis
5444,89489e35d3bffff,Travis
5445,89489e35d43ffff,Travis
5446,89489e35d47ffff,Travis
5447,89489e35d4bffff,Travis
5448,89489e35d4fffff,Travis
5449,89489e35d53ffff,Travis
5450,89489e35d57ffff,Travis
5451,89489e35d5bffff,Travis
5452,89489e35d63ffff,Travis
5453,89489e35d67ffff,Travis
5454,89489e35d6bffff,Travis
5455,89489e35d6fffff,Travis
5456,89489e35d73ffff,Travis
5457,89489e35d77ffff,Travis
5458,89489e35d7bffff,Travis
5459,89489e35d83ffff,Travis
5460,89489e35d87ffff,Travis
5461,89489e35d8bffff,Travis
5462,89489e35d8fffff,Travis
5463,89489e35d93ffff,Travis
5464,89489e35d97ffff,Travis
5465,89489e35d9bffff,Travis
5466,89489e35da3ffff,Travis
5467,89489e35da7ffff,Travis
5468,89489e35dabffff,Travis
5469,89489e35dafffff,Travis
5470,89489e35db3ffff,Travis
5471,89489e35db7ffff,Travis
5472,89489e35dbbffff,Travis
5473,89489e35dc3ffff,Travis
5474,89489e35dc7ffff,Travis
5475,89489e35dcbffff,Travis
5476,89489e35dcfffff,Travis
5477,89489e35dd3ffff,Travis
5478,89489e35dd7ffff,Travis
5479,89489e35ddbffff,Travis
5480,89489e35e03ffff,Travis
5481,89489e35e07ffff,Travis
5482,89489e35e0bffff,Travis
5483,89489e35e0fffff,Travis
5484,89489e35e13ffff,Travis
5485,89489e35e17ffff,Travis
5486,89489e35e1bffff,Travis
5487,89489e35e23ffff,Travis
5488,89489e35e27ffff,Travis
5489,89489e35e2bffff,Travis
5490,89489e35e2fffff,Travis
5491,89489e35e33ffff,Travis
5492,89489e35e37ffff,Travis
5493,89489e35e3bffff,Travis
5494,89489e35e43ffff,Travis
5495,89489e35e47ffff,Travis
5496,89489e35e4bffff,Travis
5497,89489e35e4fffff,Travis
5498,89489e35e53ffff,Travis
5499,89489e35e57ffff,Travis
5500,89489e35e5bffff,Travis
5501,89489e35e63ffff,Travis
5502,89489e35e67ffff,Travis
5503,89489e35e6bffff,Travis
5504,89489e35e6fffff,Travis
5505,89489e35e73ffff,Travis
5506,89489e35e77ffff,Travis
5507,89489e35e7bffff,Travis
5508,89489e35e83ffff,Travis
5509,89489e35e87ffff,Travis
5510,89489e35e8bffff,Travis
5511,89489e35e8fffff,Travis
5512,89489e35e93ffff,Travis
5513,89489e35e97ffff,Travis
5514,89489e35e9bffff,Travis
5515,89489e35ea3ffff,Travis
5516,89489e35ea7ffff,Travis
5517,89489e35eabffff,Travis
5518,89489e35eafffff,Travis
5519,89489e35eb3ffff,Travis
5520,89489e35eb7ffff,Travis
5521,89489e35ebbffff,Travis
5522,89489e35ec3ffff,Travis
5523,89489e35ec7ffff,Travis
5524,89489e35ecbffff,Travis
5525,89489e35ecfffff,Travis
5526,89489e35ed3ffff,Travis
5527,89489e35ed7ffff,Travis
5528,89489e35edbffff,Travis
5529,89489e36003ffff,Travis
5530,89489e36007ffff,Travis
5531,89489e3600bffff,Travis
5532,89489e3600fffff,Travis
5533,89489e36013ffff,Travis
5534,89489e36017ffff,Travis
5535,89489e3601bffff,Travis
5536,89489e36023ffff,Travis
5537,89489e3602bffff,Travis
5538,89489e3603bffff,Travis
5539,89489e36043ffff,Travis
5540,89489e36047ffff,Travis
5541,89489e3604bffff,Travis
5542,89489e3604fffff,Travis
5543,89489e36053ffff,Travis
5544,89489e36057ffff,Travis
5545,89489e3605bffff,Travis
5546,89489e36063ffff,Travis
5547,89489e36067ffff,Travis
5548,89489e3606bffff,Travis
5549,89489e3606fffff,Travis
5550,89489e36073ffff,Travis
5551,89489e36077ffff,Travis
5552,89489e3607bffff,Travis
5553,89489e36083ffff,Travis
5554,89489e36087ffff,Travis
5555,89489e3608bffff,Travis
5556,89489e3608fffff,Travis
5557,89489e36093ffff,Travis
5558,89489e36097ffff,Travis
5559,89489e3609bffff,Travis
5560,89489e360abffff,Travis
5561,89489e360b3ffff,Travis
5562,89489e360bbffff,Travis
5563,89489e360c3ffff,Travis
5564,89489e360c7ffff,Travis
5565,89489e360cbffff,Travis
5566,89489e360cfffff,Travis
5567,89489e360d3ffff,Travis
5568,89489e360d7ffff,Travis
5569,89489e360dbffff,Travis
5570,89489e36103ffff,Travis
5571,89489e36107ffff,Travis
5572,89489e3610bffff,Travis
5573,89489e3610fffff,Travis
5574,89489e36117ffff,Travis
5575,89489e3611bffff,Travis
5576,89489e36123ffff,Travis
5577,89489e36127ffff,Travis
5578,89489e3612bffff,Travis
5579,89489e3612fffff,Travis
5580,89489e36133ffff,Travis
5581,89489e36137ffff,Travis
5582,89489e3613bffff,Travis
5583,89489e3614bffff,Travis
5584,89489e3615bffff,Travis
5585,89489e36163ffff,Travis
5586,89489e36167ffff,Travis
5587,89489e3616bffff,Travis
5588,89489e3616fffff,Travis
5589,89489e36173ffff,Travis
5590,89489e36177ffff,Travis
5591,89489e3617bffff,Travis
5592,89489e36187ffff,Travis
5593,89489e3618fffff,Travis
5594,89489e36197ffff,Travis
5595,89489e361a3ffff,Travis
5596,89489e361a7ffff,Travis
5597,89489e361abffff,Travis
5598,89489e361afffff,Travis
5599,89489e361b3ffff,Travis
5600,89489e361b7ffff,Travis
5601,89489e361bbffff,Travis
5602,89489e36203ffff,Travis
5603,89489e36207ffff,Travis
5604,89489e3620bffff,Travis
5605,89489e3620fffff,Travis
5606,89489e36213ffff,Travis
5607,89489e36217ffff,Travis
5608,89489e3621bffff,Travis
5609,89489e36223ffff,Travis
5610,89489e36227ffff,Travis
5611,89489e3622bffff,Travis
5612,89489e3622fffff,Travis
5613,89489e36233ffff,Travis
5614,89489e36237ffff,Travis
5615,89489e3623bffff,Travis
5616,89489e36243ffff,Travis
5617,89489e36247ffff,Travis
5618,89489e3624bffff,Travis
5619,89489e3624fffff,Travis
5620,89489e36253ffff,Travis
5621,89489e36257ffff,Travis
5622,89489e3625bffff,Travis
5623,89489e36263ffff,Travis
5624,89489e36267ffff,Travis
5625,89489e3626bffff,Travis
5626,89489e3626fffff,Travis
5627,89489e36273ffff,Travis
5628,89489e36277ffff,Travis
5629,89489e3627bffff,Travis
5630,89489e36283ffff,Travis
5631,89489e36287ffff,Travis
5632,89489e3628bffff,Travis
5633,89489e3628fffff,Travis
5634,89489e36293ffff,Travis
5635,89489e36297ffff,Travis
5636,89489e3629bffff,Travis
5637,89489e362a3ffff,Travis
5638,89489e362a7ffff,Travis
5639,89489e362abffff,Travis
5640,89489e362afffff,Travis
5641,89489e362b3ffff,Travis
5642,89489e362b7ffff,Travis
5643,89489e362bbffff,Travis
5644,89489e362c3ffff,Travis
5645,89489e362c7ffff,Travis
5646,89489e362cbffff,Travis
5647,89489e362cfffff,Travis
5648,89489e362d3ffff,Travis
5649,89489e362d7ffff,Travis
5650,89489e362dbffff,Travis
5651,89489e36303ffff,Travis
5652,89489e36307ffff,Travis
5653,89489e3630bffff,Travis
5654,89489e3630fffff,Travis
5655,89489e36313ffff,Travis
5656,89489e36317ffff,Travis
5657,89489e3631bffff,Travis
5658,89489e36323ffff,Travis
5659,89489e36327ffff,Travis
5660,89489e3632bffff,Travis
5661,89489e3632fffff,Travis
5662,89489e36333ffff,Travis
5663,89489e36337ffff,Travis
5664,89489e3633bffff,Travis
5665,89489e36343ffff,Travis
5666,89489e36347ffff,Travis
5667,89489e3634bffff,Travis
5668,89489e3634fffff,Travis
5669,89489e36353ffff,Travis
5670,89489e36357ffff,Travis
5671,89489e3635bffff,Travis
5672,89489e36363ffff,Travis
5673,89489e36367ffff,Travis
5674,89489e3636bffff,Travis
5675,89489e3636fffff,Travis
5676,89489e36373ffff,Travis
5677,89489e36377ffff,Travis
5678,89489e3637bffff,Travis
5679,89489e36383ffff,Travis
5680,89489e36387ffff,Travis
5681,89489e3638bffff,Travis
5682,89489e3638fffff,Travis
5683,89489e36393ffff,Travis
5684,89489e36397ffff,Travis
5685,89489e3639bffff,Travis
5686,89489e363a3ffff,Travis
5687,89489e363a7ffff,Travis
5688,89489e363abffff,Travis
5689,89489e363afffff,Travis
5690,89489e363b3ffff,Travis
5691,89489e363b7ffff,Travis
5692,89489e363bbffff,Travis
5693,89489e363c3ffff,Travis
5694,89489e363c7ffff,Travis
5695,89489e363cbffff,Travis
5696,89489e363cfffff,Travis
5697,89489e363d3ffff,Travis
5698,89489e363d7ffff,Travis
5699,89489e363dbffff,Travis
5700,89489e36403ffff,Travis
5701,89489e36407ffff,Travis
5702,89489e3640bffff,Travis
5703,89489e3640fffff,Travis
5704,89489e36413ffff,Travis
5705,89489e36417ffff,Travis
5706,89489e3641bffff,Travis
5707,89489e36423ffff,Travis
5708,89489e36427ffff,Travis
5709,89489e3642bffff,Travis
5710,89489e3642fffff,Travis
5711,89489e36433ffff,Travis
5712,89489e36437ffff,Travis
5713,89489e3643bffff,Travis
5714,89489e36443ffff,Travis
5715,89489e36447ffff,Travis
5716,89489e3644bffff,Travis
5717,89489e3644fffff,Travis
5718,89489e36453ffff,Travis
5719,89489e36457ffff,Travis
5720,89489e3645bffff,Travis
5721,89489e36463ffff,Travis
5722,89489e36467ffff,Travis
5723,89489e3646bffff,Travis
5724,89489e3646fffff,Travis
5725,89489e36473ffff,Travis
5726,89489e36477ffff,Travis
5727,89489e3647bffff,Travis
5728,89489e36483ffff,Travis
5729,89489e36487ffff,Travis
5730,89489e3648bffff,Travis
5731,89489e3648fffff,Travis
5732,89489e36493ffff,Travis
5733,89489e36497ffff,Travis
5734,89489e3649bffff,Travis
5735,89489e364a3ffff,Travis
5736,89489e364a7ffff,Travis
5737,89489e364abffff,Travis
5738,89489e364afffff,Travis
5739,89489e364b3ffff,Travis
5740,89489e364b7ffff,Travis
5741,89489e364bbffff,Travis
5742,89489e364c3ffff,Travis
5743,89489e364c7ffff,Travis
5744,89489e364cbffff,Travis
5745,89489e364cfffff,Travis
5746,89489e364d3ffff,Travis
5747,89489e364d7ffff,Travis
5748,89489e364dbffff,Travis
5749,89489e36503ffff,Travis
5750,89489e36507ffff,Travis
5751,89489e3650bffff,Travis
5752,89489e3650fffff,Travis
5753,89489e36513ffff,Travis
5754,89489e36517ffff,Travis
5755,89489e3651bffff,Travis
5756,89489e36523ffff,Travis
5757,89489e36527ffff,Travis
5758,89489e36533ffff,Travis
5759,89489e36537ffff,Travis
5760,89489e36543ffff,Travis
5761,89489e3654bffff,Travis
5762,89489e3654fffff,Travis
5763,89489e36553ffff,Travis
5764,89489e36557ffff,Travis
5765,89489e3655bffff,Travis
5766,89489e36583ffff,Travis
5767,89489e36587ffff,Travis
5768,89489e3658bffff,Travis
5769,89489e3658fffff,Travis
5770,89489e36593ffff,Travis
5771,89489e36597ffff,Travis
5772,89489e3659bffff,Travis
5773,89489e365a3ffff,Travis
5774,89489e365a7ffff,Travis
5775,89489e365abffff,Travis
5776,89489e365afffff,Travis
5777,89489e365b3ffff,Travis
5778,89489e365b7ffff,Travis
5779,89489e365bbffff,Travis
5780,89489e365c3ffff,Travis
5781,89489e365c7ffff,Travis
5782,89489e365cbffff,Travis
5783,89489e365cfffff,Travis
5784,89489e365d3ffff,Travis
5785,89489e365d7ffff,Travis
5786,89489e365dbffff,Travis
5787,89489e36603ffff,Travis
5788,89489e36607ffff,Travis
5789,89489e3660bffff,Travis
5790,89489e3660fffff,Travis
5791,89489e36613ffff,Travis
5792,89489e36617ffff,Travis
5793,89489e3661bffff,Travis
5794,89489e36623ffff,Travis
5795,89489e36627ffff,Travis
5796,89489e3662bffff,Travis
5797,89489e3662fffff,Travis
5798,89489e36633ffff,Travis
5799,89489e36637ffff,Travis
5800,89489e3663bffff,Travis
5801,89489e36643ffff,Travis
5802,89489e36647ffff,Travis
5803,89489e3664bffff,Travis
5804,89489e3664fffff,Travis
5805,89489e36653ffff,Travis
5806,89489e36657ffff,Travis
5807,89489e3665bffff,Travis
5808,89489e36663ffff,Travis
5809,89489e36667ffff,Travis
5810,89489e3666bffff,Travis
5811,89489e3666fffff,Travis
5812,89489e36673ffff,Travis
5813,89489e36677ffff,Travis
5814,89489e3667bffff,Travis
5815,89489e36683ffff,Travis
5816,89489e36687ffff,Travis
5817,89489e3668bffff,Travis
5818,89489e3668fffff,Travis
5819,89489e36693ffff,Travis
5820,89489e36697ffff,Travis
5821,89489e3669bffff,Travis
5822,89489e366a3ffff,Travis
5823,89489e366a7ffff,Travis
5824,89489e366abffff,Travis
5825,89489e366afffff,Travis
5826,89489e366b3ffff,Travis
5827,89489e366b7ffff,Travis
5828,89489e366bbffff,Travis
5829,89489e366c3ffff,Travis
5830,89489e366c7ffff,Travis
5831,89489e366cbffff,Travis
5832,89489e366cfffff,Travis
5833,89489e366d3ffff,Travis
5834,89489e366d7ffff,Travis
5835,89489e366dbffff,Travis
5836,89489e36803ffff,Travis
5837,89489e36807ffff,Travis
5838,89489e3680bffff,Travis
5839,89489e3680fffff,Travis
5840,89489e36813ffff,Travis
5841,89489e3681bffff,Travis
5842,89489e36823ffff,Travis
5843,89489e36827ffff,Travis
5844,89489e3682bffff,Travis
5845,89489e3682fffff,Travis
5846,89489e36833ffff,Travis
5847,89489e36837ffff,Travis
5848,89489e3683bffff,Travis
5849,89489e36843ffff,Travis
5850,89489e36847ffff,Travis
5851,89489e3684bffff,Travis
5852,89489e3684fffff,Travis
5853,89489e36853ffff,Travis
5854,89489e36857ffff,Travis
5855,89489e3685bffff,Travis
5856,89489e36863ffff,Travis
5857,89489e36867ffff,Travis
5858,89489e3686bffff,Travis
5859,89489e3686fffff,Travis
5860,89489e36873ffff,Travis
5861,89489e36877ffff,Travis
5862,89489e3687bffff,Travis
5863,89489e3688bffff,Travis
5864,89489e36893ffff,Travis
5865,89489e3689bffff,Travis
5866,89489e368a3ffff,Travis
5867,89489e368a7ffff,Travis
5868,89489e368abffff,Travis
5869,89489e368afffff,Travis
5870,89489e368b7ffff,Travis
5871,89489e368c3ffff,Travis
5872,89489e368c7ffff,Travis
5873,89489e368cbffff,Travis
5874,89489e368cfffff,Travis
5875,89489e368d3ffff,Travis
5876,89489e368d7ffff,Travis
5877,89489e368dbffff,Travis
5878,89489e36953ffff,Travis
5879,89489e369cbffff,Travis
5880,89489e369d3ffff,Travis
5881,89489e36a83ffff,Travis
5882,89489e36a87ffff,Travis
5883,89489e36a93ffff,Travis
5884,89489e36a97ffff,Travis
5885,89489e36a9bffff,Travis
5886,89489e36aa3ffff,Travis
5887,89489e36aa7ffff,Travis
5888,89489e36ab3ffff,Travis
5889,89489e36ab7ffff,Travis
5890,89489e36ad3ffff,Travis
5891,89489e36adbffff,Travis
5892,89489e36b03ffff,Travis
5893,89489e36b1bffff,Travis
5894,89489e36b63ffff,Travis
5895,89489e36b6bffff,Travis
5896,89489e36b6fffff,Travis
5897,89489e36b83ffff,Travis
5898,89489e36b93ffff,Travis
5899,89489e36b9bffff,Travis
5900,89489e36bc3ffff,Travis
5901,89489e36bcfffff,Travis
5902,89489e36bd3ffff,Travis
5903,89489e36bd7ffff,Travis
5904,89489e36c03ffff,Travis
5905,89489e36c07ffff,Travis
5906,89489e36c0bffff,Travis
5907,89489e36c0fffff,Travis
5908,89489e36c13ffff,Travis
5909,89489e36c17ffff,Travis
5910,89489e36c1bffff,Travis
5911,89489e36c2bffff,Travis
5912,89489e36c33ffff,Travis
5913,89489e36c3bffff,Travis
5914,89489e36c43ffff,Travis
5915,89489e36c47ffff,Travis
5916,89489e36c4bffff,Travis
5917,89489e36c4fffff,Travis
5918,89489e36c53ffff,Travis
5919,89489e36c57ffff,Travis
5920,89489e36c5bffff,Travis
5921,89489e36c63ffff,Travis
5922,89489e36c67ffff,Travis
5923,89489e36c6bffff,Travis
5924,89489e36c6fffff,Travis
5925,89489e36c73ffff,Travis
5926,89489e36c77ffff,Travis
5927,89489e36c7bffff,Travis
5928,89489e36c83ffff,Travis
5929,89489e36c87ffff,Travis
5930,89489e36c8bffff,Travis
5931,89489e36c8fffff,Travis
5932,89489e36c93ffff,Travis
5933,89489e36c97ffff,Travis
5934,89489e36c9bffff,Travis
5935,89489e36ca3ffff,Travis
5936,89489e36ca7ffff,Travis
5937,89489e36cb3ffff,Travis
5938,89489e36cb7ffff,Travis
5939,89489e36cbbffff,Travis
5940,89489e36cc3ffff,Travis
5941,89489e36cc7ffff,Travis
5942,89489e36ccbffff,Travis
5943,89489e36ccfffff,Travis
5944,89489e36cd3ffff,Travis
5945,89489e36cd7ffff,Travis
5946,89489e36cdbffff,Travis
5947,89489e36d83ffff,Travis
5948,89489e36d87ffff,Travis
5949,89489e36d93ffff,Travis
5950,89489e36d97ffff,Travis
5951,89489e36d9bffff,Travis
5952,89489e36e03ffff,Travis
5953,89489e36e07ffff,Travis
5954,89489e36e0bffff,Travis
5955,89489e36e0fffff,Travis
5956,89489e36e13ffff,Travis
5957,89489e36e17ffff,Travis
5958,89489e36e1bffff,Travis
5959,89489e36e23ffff,Travis
5960,89489e36e27ffff,Travis
5961,89489e36e2bffff,Travis
5962,89489e36e2fffff,Travis
5963,89489e36e33ffff,Travis
5964,89489e36e37ffff,Travis
5965,89489e36e3bffff,Travis
5966,89489e36e43ffff,Travis
5967,89489e36e47ffff,Travis
5968,89489e36e4bffff,Travis
5969,89489e36e4fffff,Travis
5970,89489e36e53ffff,Travis
5971,89489e36e57ffff,Travis
5972,89489e36e5bffff,Travis
5973,89489e36e63ffff,Travis
5974,89489e36e67ffff,Travis
5975,89489e36e6bffff,Travis
5976,89489e36e6fffff,Travis
5977,89489e36e73ffff,Travis
5978,89489e36e77ffff,Travis
5979,89489e36e7bffff,Travis
5980,89489e36e83ffff,Travis
5981,89489e36e87ffff,Travis
5982,89489e36e8bffff,Travis
5983,89489e36e8fffff,Travis
5984,89489e36e93ffff,Travis
5985,89489e36e97ffff,Travis
5986,89489e36e9bffff,Travis
5987,89489e36ea3ffff,Travis
5988,89489e36ea7ffff,Travis
5989,89489e36eabffff,Travis
5990,89489e36eafffff,Travis
5991,89489e36eb3ffff,Travis
5992,89489e36eb7ffff,Travis
5993,89489e36ebbffff,Travis
5994,89489e36ec3ffff,Travis
5995,89489e36ec7ffff,Travis
5996,89489e36ecbffff,Travis
5997,89489e36ecfffff,Travis
5998,89489e36ed3ffff,Travis
5999,89489e36ed7ffff,Travis
6000,89489e36edbffff,Travis
6001,89489e37003ffff,Travis
6002,89489e37007ffff,Travis
6003,89489e3700bffff,Travis
6004,89489e3700fffff,Travis
6005,89489e37013ffff,Travis
6006,89489e37017ffff,Travis
6007,89489e3701bffff,Travis
6008,89489e37023ffff,Travis
6009,89489e37027ffff,Travis
6010,89489e3702bffff,Travis
6011,89489e3702fffff,Travis
6012,89489e37033ffff,Travis
6013,89489e37037ffff,Travis
6014,89489e3703bffff,Travis
6015,89489e37043ffff,Travis
6016,89489e37047ffff,Travis
6017,89489e3704bffff,Travis
6018,89489e3704fffff,Travis
6019,89489e37053ffff,Travis
6020,89489e37057ffff,Travis
6021,89489e3705bffff,Travis
6022,89489e37063ffff,Travis
6023,89489e37067ffff,Travis
6024,89489e3706bffff,Travis
6025,89489e3706fffff,Travis
6026,89489e37073ffff,Travis
6027,89489e37077ffff,Travis
6028,89489e3707bffff,Travis
6029,89489e37083ffff,Travis
6030,89489e37087ffff,Travis
6031,89489e3708bffff,Travis
6032,89489e3708fffff,Travis
6033,89489e37093ffff,Travis
6034,89489e37097ffff,Travis
6035,89489e3709bffff,Travis
6036,89489e370a3ffff,Travis
6037,89489e370a7ffff,Travis
6038,89489e370abffff,Travis
6039,89489e370afffff,Travis
6040,89489e370b3ffff,Travis
6041,89489e370b7ffff,Travis
6042,89489e370bbffff,Travis
6043,89489e370c3ffff,Travis
6044,89489e370c7ffff,Travis
6045,89489e370cbffff,Travis
6046,89489e370cfffff,Travis
6047,89489e370d3ffff,Travis
6048,89489e370d7ffff,Travis
6049,89489e370dbffff,Travis
6050,89489e37103ffff,Travis
6051,89489e37107ffff,Travis
6052,89489e3710bffff,Travis
6053,89489e3710fffff,Travis
6054,89489e37113ffff,Travis
6055,89489e37117ffff,Travis
6056,89489e3711bffff,Travis
6057,89489e37123ffff,Travis
6058,89489e37127ffff,Travis
6059,89489e3712bffff,Travis
6060,89489e3712fffff,Travis
6061,89489e37133ffff,Travis
6062,89489e37137ffff,Travis
6063,89489e3713bffff,Travis
6064,89489e37143ffff,Travis
6065,89489e37147ffff,Travis
6066,89489e3714bffff,Travis
6067,89489e3714fffff,Travis
6068,89489e37153ffff,Travis
6069,89489e37157ffff,Travis
6070,89489e3715bffff,Travis
6071,89489e37163ffff,Travis
6072,89489e37167ffff,Travis
6073,89489e3716bffff,Travis
6074,89489e3716fffff,Travis
6075,89489e37173ffff,Travis
6076,89489e37177ffff,Travis
6077,89489e3717bffff,Travis
6078,89489e37183ffff,Travis
6079,89489e37187ffff,Travis
6080,89489e3718bffff,Travis
6081,89489e3718fffff,Travis
6082,89489e37193ffff,Travis
6083,89489e37197ffff,Travis
6084,89489e3719bffff,Travis
6085,89489e371a3ffff,Travis
6086,89489e371a7ffff,Travis
6087,89489e371abffff,Travis
6088,89489e371afffff,Travis
6089,89489e371b3ffff,Travis
6090,89489e371b7ffff,Travis
6091,89489e371bbffff,Travis
6092,89489e371c3ffff,Travis
6093,89489e371c7ffff,Travis
6094,89489e371cbffff,Travis
6095,89489e371cfffff,Travis
6096,89489e371d3ffff,Travis
6097,89489e371d7ffff,Travis
6098,89489e371dbffff,Travis
6099,89489e37203ffff,Travis
6100,89489e37207ffff,Travis
6101,89489e3720bffff,Travis
6102,89489e3720fffff,Travis
6103,89489e37213ffff,Travis
6104,89489e37217ffff,Travis
6105,89489e3721bffff,Travis
6106,89489e37223ffff,Travis
6107,89489e37227ffff,Travis
6108,89489e3722bffff,Travis
6109,89489e3722fffff,Travis
6110,89489e37233ffff,Travis
6111,89489e37237ffff,Travis
6112,89489e3723bffff,Travis
6113,89489e37243ffff,Travis
6114,89489e37247ffff,Travis
6115,89489e3724bffff,Travis
6116,89489e3724fffff,Travis
6117,89489e37253ffff,Travis
6118,89489e37257ffff,Travis
6119,89489e3725bffff,Travis
6120,89489e37263ffff,Travis
6121,89489e37267ffff,Travis
6122,89489e3726bffff,Travis
6123,89489e3726fffff,Travis
6124,89489e37273ffff,Travis
6125,89489e37277ffff,Travis
6126,89489e3727bffff,Travis
6127,89489e37283ffff,Travis
6128,89489e37287ffff,Travis
6129,89489e3728bffff,Travis
6130,89489e3728fffff,Travis
6131,89489e37293ffff,Travis
6132,89489e37297ffff,Travis
6133,89489e3729bffff,Travis
6134,89489e372a3ffff,Travis
6135,89489e372a7ffff,Travis
6136,89489e372abffff,Travis
6137,89489e372afffff,Travis
6138,89489e372b3ffff,Travis
6139,89489e372b7ffff,Travis
6140,89489e372bbffff,Travis
6141,89489e372c3ffff,Travis
6142,89489e372c7ffff,Travis
6143,89489e372cbffff,Travis
6144,89489e372cfffff,Travis
6145,89489e372d3ffff,Travis
6146,89489e372d7ffff,Travis
6147,89489e372dbffff,Travis
6148,89489e37303ffff,Travis
6149,89489e37307ffff,Travis
6150,89489e3730bffff,Travis
6151,89489e3730fffff,Travis
6152,89489e37313ffff,Travis
6153,89489e37317ffff,Travis
6154,89489e3731bffff,Travis
6155,89489e37323ffff,Travis
6156,89489e37327ffff,Travis
6157,89489e3732bffff,Travis
6158,89489e3732fffff,Travis
6159,89489e37333ffff,Travis
6160,89489e37337ffff,Travis
6161,89489e3733bffff,Travis
6162,89489e37343ffff,Travis
6163,89489e37347ffff,Travis
6164,89489e3734bffff,Travis
6165,89489e3734fffff,Travis
6166,89489e37353ffff,Travis
6167,89489e37357ffff,Travis
6168,89489e3735bffff,Travis
6169,89489e37363ffff,Travis
6170,89489e37367ffff,Travis
6171,89489e3736bffff,Travis
6172,89489e3736fffff,Travis
6173,89489e37373ffff,Travis
6174,89489e37377ffff,Travis
6175,89489e3737bffff,Travis
6176,89489e37383ffff,Travis
6177,89489e37387ffff,Travis
6178,89489e3738bffff,Travis
6179,89489e3738fffff,Travis
6180,89489e37393ffff,Travis
6181,89489e37397ffff,Travis
6182,89489e3739bffff,Travis
6183,89489e373a3ffff,Travis
6184,89489e373a7ffff,Travis
6185,89489e373abffff,Travis
6186,89489e373afffff,Travis
6187,89489e373b3ffff,Travis
6188,89489e373b7ffff,Travis
6189,89489e373bbffff,Travis
6190,89489e373c3ffff,Travis
6191,89489e373c7ffff,Travis
6192,89489e373cbffff,Travis
6193,89489e373cfffff,Travis
6194,89489e373d3ffff,Travis
6195,89489e373d7ffff,Travis
6196,89489e373dbffff,Travis
6197,89489e37403ffff,Travis
6198,89489e37407ffff,Travis
6199,89489e3740bffff,Travis
6200,89489e3740fffff,Travis
6201,89489e37413ffff,Travis
6202,89489e37417ffff,Travis
6203,89489e3741bffff,Travis
6204,89489e37423ffff,Travis
6205,89489e37427ffff,Travis
6206,89489e3742bffff,Travis
6207,89489e3742fffff,Travis
6208,89489e37433ffff,Travis
6209,89489e37437ffff,Travis
6210,89489e3743bffff,Travis
6211,89489e37443ffff,Travis
6212,89489e37447ffff,Travis
6213,89489e3744bffff,Travis
6214,89489e3744fffff,Travis
6215,89489e37453ffff,Travis
6216,89489e37457ffff,Travis
6217,89489e3745bffff,Travis
6218,89489e37463ffff,Travis
6219,89489e37467ffff,Travis
6220,89489e3746bffff,Travis
6221,89489e3746fffff,Travis
6222,89489e37473ffff,Travis
6223,89489e37477ffff,Travis
6224,89489e3747bffff,Travis
6225,89489e37483ffff,Travis
6226,89489e37487ffff,Travis
6227,89489e3748bffff,Travis
6228,89489e3748fffff,Travis
6229,89489e37493ffff,Travis
6230,89489e37497ffff,Travis
6231,89489e3749bffff,Travis
6232,89489e374a3ffff,Travis
6233,89489e374a7ffff,Travis
6234,89489e374abffff,Travis
6235,89489e374afffff,Travis
6236,89489e374b3ffff,Travis
6237,89489e374b7ffff,Travis
6238,89489e374bbffff,Travis
6239,89489e374c3ffff,Travis
6240,89489e374c7ffff,Travis
6241,89489e374cbffff,Travis
6242,89489e374cfffff,Travis
6243,89489e374d3ffff,Travis
6244,89489e374d7ffff,Travis
6245,89489e374dbffff,Travis
6246,89489e37503ffff,Travis
6247,89489e37507ffff,Travis
6248,89489e3750bffff,Travis
6249,89489e3750fffff,Travis
6250,89489e37513ffff,Travis
6251,89489e37517ffff,Travis
6252,89489e3751bffff,Travis
6253,89489e37523ffff,Travis
6254,89489e37527ffff,Travis
6255,89489e3752bffff,Travis
6256,89489e3752fffff,Travis
6257,89489e37533ffff,Travis
6258,89489e37537ffff,Travis
6259,89489e3753bffff,Travis
6260,89489e37543ffff,Travis
6261,89489e37547ffff,Travis
6262,89489e3754bffff,Travis
6263,89489e3754fffff,Travis
6264,89489e37553ffff,Travis
6265,89489e37557ffff,Travis
6266,89489e3755bffff,Travis
6267,89489e37563ffff,Travis
6268,89489e37567ffff,Travis
6269,89489e3756bffff,Travis
6270,89489e3756fffff,Travis
6271,89489e37573ffff,Travis
6272,89489e37577ffff,Travis
6273,89489e3757bffff,Travis
6274,89489e37583ffff,Travis
6275,89489e37587ffff,Travis
6276,89489e3758bffff,Travis
6277,89489e3758fffff,Travis
6278,89489e37593ffff,Travis
6279,89489e37597ffff,Travis
6280,89489e3759bffff,Travis
6281,89489e375a3ffff,Travis
6282,89489e375a7ffff,Travis
6283,89489e375abffff,Travis
6284,89489e375afffff,Travis
6285,89489e375b3ffff,Travis
6286,89489e375b7ffff,Travis
6287,89489e375bbffff,Travis
6288,89489e375c3ffff,Travis
6289,89489e375c7ffff,Travis
6290,89489e375cbffff,Travis
6291,89489e375cfffff,Travis
6292,89489e375d3ffff,Travis
6293,89489e375d7ffff,Travis
6294,89489e375dbffff,Travis
6295,89489e37603ffff,Travis
6296,89489e37607ffff,Travis
6297,89489e3760bffff,Travis
6298,89489e3760fffff,Travis
6299,89489e37613ffff,Travis
6300,89489e37617ffff,Travis
6301,89489e3761bffff,Travis
6302,89489e37623ffff,Travis
6303,89489e37627ffff,Travis
6304,89489e3762bffff,Travis
6305,89489e3762fffff,Travis
6306,89489e37633ffff,Travis
6307,89489e37637ffff,Travis
6308,89489e3763bffff,Travis
6309,89489e37643ffff,Travis
6310,89489e37647ffff,Travis
6311,89489e3764bffff,Travis
6312,89489e3764fffff,Travis
6313,89489e37653ffff,Travis
6314,89489e37657ffff,Travis
6315,89489e3765bffff,Travis
6316,89489e37663ffff,Travis
6317,89489e37667ffff,Travis
6318,89489e3766bffff,Travis
6319,89489e3766fffff,Travis
6320,89489e37673ffff,Travis
6321,89489e37677ffff,Travis
6322,89489e3767bffff,Travis
6323,89489e37683ffff,Travis
6324,89489e37687ffff,Travis
6325,89489e3768bffff,Travis
6326,89489e3768fffff,Travis
6327,89489e37693ffff,Travis
6328,89489e37697ffff,Travis
6329,89489e3769bffff,Travis
6330,89489e376a3ffff,Travis
6331,89489e376a7ffff,Travis
6332,89489e376abffff,Travis
6333,89489e376afffff,Travis
6334,89489e376b3ffff,Travis
6335,89489e376b7ffff,Travis
6336,89489e376bbffff,Travis
6337,89489e376c3ffff,Travis
6338,89489e376c7ffff,Travis
6339,89489e376cbffff,Travis
6340,89489e376cfffff,Travis
6341,89489e376d3ffff,Travis
6342,89489e376d7ffff,Travis
6343,89489e376dbffff,Travis
6344,89489eac02fffff,Travis
6345,89489eac067ffff,Travis
6346,89489eac0a7ffff,Travis
6347,89489eac10bffff,Travis
6348,89489eac11bffff,Travis
6349,89489eac143ffff,Travis
6350,89489eac147ffff,Travis
6351,89489eac14bffff,Travis
6352,89489eac14fffff,Travis
6353,89489eac153ffff,Travis
6354,89489eac157ffff,Travis
6355,89489eac15bffff,Travis
6356,89489eac17bffff,Travis
6357,89489eac1c3ffff,Travis
6358,89489eac1c7ffff,Travis
6359,89489eac1cbffff,Travis
6360,89489eac1cfffff,Travis
6361,89489eac1d3ffff,Travis
6362,89489eac1d7ffff,Travis
6363,89489eac1dbffff,Travis
6364,89489eac223ffff,Travis
6365,89489eac227ffff,Travis
6366,89489eac22bffff,Travis
6367,89489eac22fffff,Travis
6368,89489eac267ffff,Travis
6369,89489eac26fffff,Travis
6370,89489eac277ffff,Travis
6371,89489eac303ffff,Travis
6372,89489eac307ffff,Travis
6373,89489eac30bffff,Travis
6374,89489eac30fffff,Travis
6375,89489eac313ffff,Travis
6376,89489eac317ffff,Travis
6377,89489eac31bffff,Travis
6378,89489eac323ffff,Travis
6379,89489eac327ffff,Travis
6380,89489eac32bffff,Travis
6381,89489eac32fffff,Travis
6382,89489eac333ffff,Travis
6383,89489eac337ffff,Travis
6384,89489eac33bffff,Travis
6385,89489eac343ffff,Travis
6386,89489eac347ffff,Travis
6387,89489eac34bffff,Travis
6388,89489eac34fffff,Travis
6389,89489eac353ffff,Travis
6390,89489eac357ffff,Travis
6391,89489eac35bffff,Travis
6392,89489eac363ffff,Travis
6393,89489eac367ffff,Travis
6394,89489eac36bffff,Travis
6395,89489eac36fffff,Travis
6396,89489eac373ffff,Travis
6397,89489eac377ffff,Travis
6398,89489eac37bffff,Travis
6399,89489eac387ffff,Travis
6400,89489eac38bffff,Travis
6401,89489eac38fffff,Travis
6402,89489eac393ffff,Travis
6403,89489eac397ffff,Travis
6404,89489eac39bffff,Travis
6405,89489eac3a3ffff,Travis
6406,89489eac3a7ffff,Travis
6407,89489eac3abffff,Travis
6408,89489eac3afffff,Travis
6409,89489eac3b3ffff,Travis
6410,89489eac3bbffff,Travis
6411,89489eac3c3ffff,Travis
6412,89489eac3c7ffff,Travis
6413,89489eac3cbffff,Travis
6414,89489eac3cfffff,Travis
6415,89489eac403ffff,Travis
6416,89489eac407ffff,Travis
6417,89489eac40bffff,Travis
6418,89489eac40fffff,Travis
6419,89489eac413ffff,Travis
6420,89489eac417ffff,Travis
6421,89489eac41bffff,Travis
6422,89489eac433ffff,Travis
6423,89489eac443ffff,Travis
6424,89489eac447ffff,Travis
6425,89489eac44bffff,Travis
6426,89489eac453ffff,Travis
6427,89489eac457ffff,Travis
6428,89489eac45bffff,Travis
6429,89489eac4abffff,Travis
6430,89489eac4cbffff,Travis
6431,89489eac4dbffff,Travis
6432,89489eac523ffff,Travis
6433,89489eac52bffff,Travis
6434,89489eac52fffff,Travis
6435,89489eac547ffff,Travis
6436,89489eac557ffff,Travis
6437,89489eac563ffff,Travis
6438,89489eac567ffff,Travis
6439,89489eac56bffff,Travis
6440,89489eac56fffff,Travis
6441,89489eac577ffff,Travis
6442,89489eac817ffff,Travis
6443,89489eac81bffff,Travis
6444,89489eac823ffff,Travis
6445,89489eac827ffff,Travis
6446,89489eac82bffff,Travis
6447,89489eac82fffff,Travis
6448,89489eac833ffff,Travis
6449,89489eac837ffff,Travis
6450,89489eac83bffff,Travis
6451,89489eac843ffff,Travis
6452,89489eac847ffff,Travis
6453,89489eac84bffff,Travis
6454,89489eac857ffff,Travis
6455,89489eac85bffff,Travis
6456,89489eac863ffff,Travis
6457,89489eac867ffff,Travis
6458,89489eac86bffff,Travis
6459,89489eac86fffff,Travis
6460,89489eac877ffff,Travis
6461,89489eac87bffff,Travis
6462,89489eac883ffff,Travis
6463,89489eac887ffff,Travis
6464,89489eac88bffff,Travis
6465,89489eac88fffff,Travis
6466,89489eac893ffff,Travis
6467,89489eac897ffff,Travis
6468,89489eac89bffff,Travis
6469,89489eac8a3ffff,Travis
6470,89489eac8a7ffff,Travis
6471,89489eac8abffff,Travis
6472,89489eac8afffff,Travis
6473,89489eac8b3ffff,Travis
6474,89489eac8b7ffff,Travis
6475,89489eac8bbffff,Travis
6476,89489eac8c3ffff,Travis
6477,89489eac8c7ffff,Travis
6478,89489eac8cfffff,Travis
6479,89489eac8d7ffff,Travis
6480,89489eac903ffff,Travis
6481,89489eac907ffff,Travis
6482,89489eac90bffff,Travis
6483,89489eac90fffff,Travis
6484,89489eac913ffff,Travis
6485,89489eac917ffff,Travis
6486,89489eac91bffff,Travis
6487,89489eac923ffff,Travis
6488,89489eac927ffff,Travis
6489,89489eac92bffff,Travis
6490,89489eac92fffff,Travis
6491,89489eac933ffff,Travis
6492,89489eac937ffff,Travis
6493,89489eac93bffff,Travis
6494,89489eac943ffff,Travis
6495,89489eac947ffff,Travis
6496,89489eac94bffff,Travis
6497,89489eac94fffff,Travis
6498,89489eac953ffff,Travis
6499,89489eac957ffff,Travis
6500,89489eac95bffff,Travis
6501,89489eac963ffff,Travis
6502,89489eac967ffff,Travis
6503,89489eac96bffff,Travis
6504,89489eac96fffff,Travis
6505,89489eac973ffff,Travis
6506,89489eac977ffff,Travis
6507,89489eac97bffff,Travis
6508,89489eac98bffff,Travis
6509,89489eac9a3ffff,Travis
6510,89489eac9a7ffff,Travis
6511,89489eac9abffff,Travis
6512,89489eac9afffff,Travis
6513,89489eac9b7ffff,Travis
6514,89489eac9bbffff,Travis
6515,89489eac9c3ffff,Travis
6516,89489eac9c7ffff,Travis
6517,89489eac9cbffff,Travis
6518,89489eac9cfffff,Travis
6519,89489eac9d3ffff,Travis
6520,89489eac9dbffff,Travis
6521,89489eaca03ffff,Travis
6522,89489eaca07ffff,Travis
6523,89489eaca0bffff,Travis
6524,89489eaca0fffff,Travis
6525,89489eaca13ffff,Travis
6526,89489eaca17ffff,Travis
6527,89489eaca1bffff,Travis
6528,89489eaca23ffff,Travis
6529,89489eaca27ffff,Travis
6530,89489eaca2bffff,Travis
6531,89489eaca2fffff,Travis
6532,89489eaca33ffff,Travis
6533,89489eaca37ffff,Travis
6534,89489eaca3bffff,Travis
6535,89489eaca43ffff,Travis
6536,89489eaca47ffff,Travis
6537,89489eaca4bffff,Travis
6538,89489eaca4fffff,Travis
6539,89489eaca53ffff,Travis
6540,89489eaca57ffff,Travis
6541,89489eaca5bffff,Travis
6542,89489eaca63ffff,Travis
6543,89489eaca67ffff,Travis
6544,89489eaca6bffff,Travis
6545,89489eaca6fffff,Travis
6546,89489eaca73ffff,Travis
6547,89489eaca77ffff,Travis
6548,89489eaca7bffff,Travis
6549,89489eaca83ffff,Travis
6550,89489eaca87ffff,Travis
6551,89489eaca8bffff,Travis
6552,89489eaca8fffff,Travis
6553,89489eaca93ffff,Travis
6554,89489eaca97ffff,Travis
6555,89489eaca9bffff,Travis
6556,89489eacaa3ffff,Travis
6557,89489eacaa7ffff,Travis
6558,89489eacaabffff,Travis
6559,89489eacaafffff,Travis
6560,89489eacab3ffff,Travis
6561,89489eacab7ffff,Travis
6562,89489eacabbffff,Travis
6563,89489eacac3ffff,Travis
6564,89489eacac7ffff,Travis
6565,89489eacacbffff,Travis
6566,89489eacacfffff,Travis
6567,89489eacad3ffff,Travis
6568,89489eacad7ffff,Travis
6569,89489eacadbffff,Travis
6570,89489eacb03ffff,Travis
6571,89489eacb07ffff,Travis
6572,89489eacb0bffff,Travis
6573,89489eacb0fffff,Travis
6574,89489eacb13ffff,Travis
6575,89489eacb17ffff,Travis
6576,89489eacb1bffff,Travis
6577,89489eacb23ffff,Travis
6578,89489eacb27ffff,Travis
6579,89489eacb2bffff,Travis
6580,89489eacb2fffff,Travis
6581,89489eacb33ffff,Travis
6582,89489eacb37ffff,Travis
6583,89489eacb3bffff,Travis
6584,89489eacb43ffff,Travis
6585,89489eacb47ffff,Travis
6586,89489eacb4bffff,Travis
6587,89489eacb4fffff,Travis
6588,89489eacb53ffff,Travis
6589,89489eacb57ffff,Travis
6590,89489eacb5bffff,Travis
6591,89489eacb63ffff,Travis
6592,89489eacb67ffff,Travis
6593,89489eacb6bffff,Travis
6594,89489eacb6fffff,Travis
6595,89489eacb73ffff,Travis
6596,89489eacb77ffff,Travis
6597,89489eacb7bffff,Travis
6598,89489eacb83ffff,Travis
6599,89489eacb87ffff,Travis
6600,89489eacb8bffff,Travis
6601,89489eacb8fffff,Travis
6602,89489eacb93ffff,Travis
6603,89489eacb97ffff,Travis
6604,89489eacb9bffff,Travis
6605,89489eacba3ffff,Travis
6606,89489eacba7ffff,Travis
6607,89489eacbabffff,Travis
6608,89489eacbafffff,Travis
6609,89489eacbb3ffff,Travis
6610,89489eacbb7ffff,Travis
6611,89489eacbbbffff,Travis
6612,89489eacbc3ffff,Travis
6613,89489eacbc7ffff,Travis
6614,89489eacbcbffff,Travis
6615,89489eacbcfffff,Travis
6616,89489eacbd3ffff,Travis
6617,89489eacbd7ffff,Travis
6618,89489eacbdbffff,Travis
6619,89489eacc07ffff,Travis
6620,89489eacc23ffff,Travis
6621,89489eacc27ffff,Travis
6622,89489eacc2bffff,Travis
6623,89489eacc2fffff,Travis
6624,89489eacc33ffff,Travis
6625,89489eacc67ffff,Travis
6626,89489eacc6fffff,Travis
6627,89489eaccafffff,Travis
6628,89489eaccb7ffff,Travis
6629,89489eacd03ffff,Travis
6630,89489eacd0bffff,Travis
6631,89489eacd13ffff,Travis
6632,89489eacd1bffff,Travis
6633,89489eacd43ffff,Travis
6634,89489eacd47ffff,Travis
6635,89489eacd4bffff,Travis
6636,89489eacd4fffff,Travis
6637,89489eacd53ffff,Travis
6638,89489eacd57ffff,Travis
6639,89489eacd5bffff,Travis
6640,89489eacd6bffff,Travis
6641,89489eacd7bffff,Travis
6642,89489eacd83ffff,Travis
6643,89489eacd8bffff,Travis
6644,89489eacd8fffff,Travis
6645,89489eacd9bffff,Travis
6646,89489eacdc3ffff,Travis
6647,89489eacdc7ffff,Travis
6648,89489eacdcbffff,Travis
6649,89489eacdcfffff,Travis
6650,89489eacdd3ffff,Travis
6651,89489eacdd7ffff,Travis
6652,89489eace03ffff,Travis
6653,89489eace07ffff,Travis
6654,89489eace0bffff,Travis
6655,89489eace0fffff,Travis
6656,89489eace13ffff,Travis
6657,89489eace17ffff,Travis
6658,89489eace1bffff,Travis
6659,89489eace23ffff,Travis
6660,89489eace2bffff,Travis
6661,89489eace2fffff,Travis
6662,89489eace33ffff,Travis
6663,89489eace3bffff,Travis
6664,89489eace43ffff,Travis
6665,89489eace47ffff,Travis
6666,89489eace4bffff,Travis
6667,89489eace4fffff,Travis
6668,89489eace53ffff,Travis
6669,89489eace57ffff,Travis
6670,89489eace5bffff,Travis
6671,89489eace63ffff,Travis
6672,89489eace67ffff,Travis
6673,89489eace6bffff,Travis
6674,89489eace6fffff,Travis
6675,89489eace73ffff,Travis
6676,89489eace77ffff,Travis
6677,89489eace7bffff,Travis
6678,89489eace8bffff,Travis
6679,89489eaceabffff,Travis
6680,89489eacec3ffff,Travis
6681,89489eacec7ffff,Travis
6682,89489eacecbffff,Travis
6683,89489eacecfffff,Travis
6684,89489eaced7ffff,Travis
6685,89489eacedbffff,Travis
6686,89489ead063ffff,Travis
6687,89489ead067ffff,Travis
6688,89489ead06fffff,Travis
6689,89489ead073ffff,Travis
6690,89489ead077ffff,Travis
6691,89489ead22bffff,Travis
6692,89489ead22fffff,Travis
6693,89489ead303ffff,Travis
6694,89489ead30bffff,Travis
6695,89489ead30fffff,Travis
6696,89489ead313ffff,Travis
6697,89489ead31bffff,Travis
6698,89489ead323ffff,Travis
6699,89489ead32bffff,Travis
6700,89489ead32fffff,Travis
6701,89489ead333ffff,Travis
6702,89489ead33bffff,Travis
6703,89489ead343ffff,Travis
6704,89489ead347ffff,Travis
6705,89489ead34bffff,Travis
6706,89489ead34fffff,Travis
6707,89489ead353ffff,Travis
6708,89489ead357ffff,Travis
6709,89489ead35bffff,Travis
6710,89489ead363ffff,Travis
6711,89489ead367ffff,Travis
6712,89489ead36bffff,Travis
6713,89489ead36fffff,Travis
6714,89489ead373ffff,Travis
6715,89489ead377ffff,Travis
6716,89489ead37bffff,Travis
6717,89489ead383ffff,Travis
6718,89489ead387ffff,Travis
6719,89489ead38bffff,Travis
6720,89489ead38fffff,Travis
6721,89489ead393ffff,Travis
6722,89489ead39bffff,Travis
6723,89489ead3abffff,Travis
6724,89489ead3b3ffff,Travis
6725,89489ead3b7ffff,Travis
6726,89489ead3c3ffff,Travis
6727,89489ead3c7ffff,Travis
6728,89489ead3cbffff,Travis
6729,89489ead3cfffff,Travis
6730,89489ead3d3ffff,Travis
6731,89489ead3d7ffff,Travis
6732,89489ead803ffff,Travis
6733,89489ead807ffff,Travis
6734,89489ead80bffff,Travis
6735,89489ead80fffff,Travis
6736,89489ead813ffff,Travis
6737,89489ead817ffff,Travis
6738,89489ead81bffff,Travis
6739,89489ead823ffff,Travis
6740,89489ead827ffff,Travis
6741,89489ead82bffff,Travis
6742,89489ead82fffff,Travis
6743,89489ead833ffff,Travis
6744,89489ead837ffff,Travis
6745,89489ead83bffff,Travis
6746,89489ead843ffff,Travis
6747,89489ead847ffff,Travis
6748,89489ead84bffff,Travis
6749,89489ead84fffff,Travis
6750,89489ead853ffff,Travis
6751,89489ead857ffff,Travis
6752,89489ead85bffff,Travis
6753,89489ead863ffff,Travis
6754,89489ead867ffff,Travis
6755,89489ead86bffff,Travis
6756,89489ead86fffff,Travis
6757,89489ead873ffff,Travis
6758,89489ead877ffff,Travis
6759,89489ead87bffff,Travis
6760,89489ead88bffff,Travis
6761,89489ead89bffff,Travis
6762,89489ead8afffff,Travis
6763,89489ead8c3ffff,Travis
6764,89489ead8c7ffff,Travis
6765,89489ead8cbffff,Travis
6766,89489ead8cfffff,Travis
6767,89489ead8d3ffff,Travis
6768,89489ead8d7ffff,Travis
6769,89489ead8dbffff,Travis
6770,89489ead903ffff,Travis
6771,89489ead907ffff,Travis
6772,89489ead90bffff,Travis
6773,89489ead90fffff,Travis
6774,89489ead913ffff,Travis
6775,89489ead917ffff,Travis
6776,89489ead91bffff,Travis
6777,89489ead923ffff,Travis
6778,89489ead927ffff,Travis
6779,89489ead92bffff,Travis
6780,89489ead92fffff,Travis
6781,89489ead933ffff,Travis
6782,89489ead937ffff,Travis
6783,89489ead93bffff,Travis
6784,89489ead943ffff,Travis
6785,89489ead947ffff,Travis
6786,89489ead94bffff,Travis
6787,89489ead94fffff,Travis
6788,89489ead953ffff,Travis
6789,89489ead957ffff,Travis
6790,89489ead95bffff,Travis
6791,89489ead963ffff,Travis
6792,89489ead967ffff,Travis
6793,89489ead96bffff,Travis
6794,89489ead96fffff,Travis
6795,89489ead973ffff,Travis
6796,89489ead977ffff,Travis
6797,89489ead97bffff,Travis
6798,89489ead983ffff,Travis
6799,89489ead987ffff,Travis
6800,89489ead98bffff,Travis
6801,89489ead98fffff,Travis
6802,89489ead993ffff,Travis
6803,89489ead997ffff,Travis
6804,89489ead99bffff,Travis
6805,89489ead9a3ffff,Travis
6806,89489ead9a7ffff,Travis
6807,89489ead9abffff,Travis
6808,89489ead9afffff,Travis
6809,89489ead9b3ffff,Travis
6810,89489ead9b7ffff,Travis
6811,89489ead9bbffff,Travis
6812,89489ead9c3ffff,Travis
6813,89489ead9c7ffff,Travis
6814,89489ead9cfffff,Travis
6815,89489ead9d3ffff,Travis
6816,89489ead9d7ffff,Travis
6817,89489ead9dbffff,Travis
6818,89489eada03ffff,Travis
6819,89489eada07ffff,Travis
6820,89489eada0bffff,Travis
6821,89489eada0fffff,Travis
6822,89489eada13ffff,Travis
6823,89489eada17ffff,Travis
6824,89489eada1bffff,Travis
6825,89489eada23ffff,Travis
6826,89489eada27ffff,Travis
6827,89489eada2bffff,Travis
6828,89489eada2fffff,Travis
6829,89489eada33ffff,Travis
6830,89489eada37ffff,Travis
6831,89489eada3bffff,Travis
6832,89489eada43ffff,Travis
6833,89489eada47ffff,Travis
6834,89489eada4fffff,Travis
6835,89489eada53ffff,Travis
6836,89489eada57ffff,Travis
6837,89489eada63ffff,Travis
6838,89489eada67ffff,Travis
6839,89489eada6bffff,Travis
6840,89489eada6fffff,Travis
6841,89489eada73ffff,Travis
6842,89489eada77ffff,Travis
6843,89489eada7bffff,Travis
6844,89489eada83ffff,Travis
6845,89489eada87ffff,Travis
6846,89489eada8bffff,Travis
6847,89489eada8fffff,Travis
6848,89489eada93ffff,Travis
6849,89489eada97ffff,Travis
6850,89489eada9bffff,Travis
6851,89489eadaa3ffff,Travis
6852,89489eadaa7ffff,Travis
6853,89489eadaabffff,Travis
6854,89489eadaafffff,Travis
6855,89489eadab3ffff,Travis
6856,89489eadab7ffff,Travis
6857,89489eadabbffff,Travis
6858,89489eadac3ffff,Travis
6859,89489eadac7ffff,Travis
6860,89489eadacbffff,Travis
6861,89489eadacfffff,Travis
6862,89489eadad3ffff,Travis
6863,89489eadad7ffff,Travis
6864,89489eadadbffff,Travis
6865,89489eadb03ffff,Travis
6866,89489eadb07ffff,Travis
6867,89489eadb0bffff,Travis
6868,89489eadb0fffff,Travis
6869,89489eadb13ffff,Travis
6870,89489eadb17ffff,Travis
6871,89489eadb1bffff,Travis
6872,89489eadb23ffff,Travis
6873,89489eadb27ffff,Travis
6874,89489eadb2bffff,Travis
6875,89489eadb2fffff,Travis
6876,89489eadb33ffff,Travis
6877,89489eadb37ffff,Travis
6878,89489eadb3bffff,Travis
6879,89489eadb43ffff,Travis
6880,89489eadb47ffff,Travis
6881,89489eadb4bffff,Travis
6882,89489eadb4fffff,Travis
6883,89489eadb53ffff,Travis
6884,89489eadb57ffff,Travis
6885,89489eadb5bffff,Travis
6886,89489eadb63ffff,Travis
6887,89489eadb67ffff,Travis
6888,89489eadb6bffff,Travis
6889,89489eadb6fffff,Travis
6890,89489eadb73ffff,Travis
6891,89489eadb77ffff,Travis
6892,89489eadb7bffff,Travis
6893,89489eadb83ffff,Travis
6894,89489eadb87ffff,Travis
6895,89489eadb8bffff,Travis
6896,89489eadb8fffff,Travis
6897,89489eadb93ffff,Travis
6898,89489eadb97ffff,Travis
6899,89489eadb9bffff,Travis
6900,89489eadba3ffff,Travis
6901,89489eadba7ffff,Travis
6902,89489eadbabffff,Travis
6903,89489eadbafffff,Travis
6904,89489eadbb3ffff,Travis
6905,89489eadbb7ffff,Travis
6906,89489eadbbbffff,Travis
6907,89489eadbc3ffff,Travis
6908,89489eadbc7ffff,Travis
6909,89489eadbcbffff,Travis
6910,89489eadbcfffff,Travis
6911,89489eadbd3ffff,Travis
6912,89489eadbd7ffff,Travis
6913,89489eadbdbffff,Travis
6914,89489eadc07ffff,Travis
6915,89489eadc0bffff,Travis
6916,89489eadc13ffff,Travis
6917,89489eadc1bffff,Travis
6918,89489eadc43ffff,Travis
6919,89489eadc47ffff,Travis
6920,89489eadc4bffff,Travis
6921,89489eadc4fffff,Travis
6922,89489eadc53ffff,Travis
6923,89489eadc57ffff,Travis
6924,89489eadc63ffff,Travis
6925,89489eadc67ffff,Travis
6926,89489eadc6bffff,Travis
6927,89489eadc6fffff,Travis
6928,89489eadc73ffff,Travis
6929,89489eadc77ffff,Travis
6930,89489eadc7bffff,Travis
6931,89489eadc83ffff,Travis
6932,89489eadc87ffff,Travis
6933,89489eadc8bffff,Travis
6934,89489eadc8fffff,Travis
6935,89489eadc93ffff,Travis
6936,89489eadc97ffff,Travis
6937,89489eadc9bffff,Travis
6938,89489eadca3ffff,Travis
6939,89489eadca7ffff,Travis
6940,89489eadcb3ffff,Travis
6941,89489eadcbbffff,Travis
6942,89489eadcc3ffff,Travis
6943,89489eadcc7ffff,Travis
6944,89489eadccbffff,Travis
6945,89489eadccfffff,Travis
6946,89489eadcd7ffff,Travis
6947,89489eadd03ffff,Travis
6948,89489eadd07ffff,Travis
6949,89489eadd0bffff,Travis
6950,89489eadd0fffff,Travis
6951,89489eadd13ffff,Travis
6952,89489eadd17ffff,Travis
6953,89489eadd1bffff,Travis
6954,89489eadd23ffff,Travis
6955,89489eadd27ffff,Travis
6956,89489eadd2bffff,Travis
6957,89489eadd2fffff,Travis
6958,89489eadd33ffff,Travis
6959,89489eadd37ffff,Travis
6960,89489eadd3bffff,Travis
6961,89489eadd43ffff,Travis
6962,89489eadd47ffff,Travis
6963,89489eadd57ffff,Travis
6964,89489eadd63ffff,Travis
6965,89489eadd67ffff,Travis
6966,89489eadd73ffff,Travis
6967,89489eadd77ffff,Travis
6968,89489eadd7bffff,Travis
6969,89489eadd83ffff,Travis
6970,89489eadd87ffff,Travis
6971,89489eadd8bffff,Travis
6972,89489eadd8fffff,Travis
6973,89489eadd93ffff,Travis
6974,89489eadd97ffff,Travis
6975,89489eadd9bffff,Travis
6976,89489eadda3ffff,Travis
6977,89489eadda7ffff,Travis
6978,89489eaddabffff,Travis
6979,89489eaddafffff,Travis
6980,89489eaddb3ffff,Travis
6981,89489eaddb7ffff,Travis
6982,89489eaddbbffff,Travis
6983,89489eaddc7ffff,Travis
6984,89489eaddd3ffff,Travis
6985,89489eaddd7ffff,Travis
6986,89489eade03ffff,Travis
6987,89489eade07ffff,Travis
6988,89489eade0fffff,Travis
6989,89489eade13ffff,Travis
6990,89489eade17ffff,Travis
6991,89489eade23ffff,Travis
6992,89489eade27ffff,Travis
6993,89489eade2bffff,Travis
6994,89489eade2fffff,Travis
6995,89489eade33ffff,Travis
6996,89489eade37ffff,Travis
6997,89489eade3bffff,Travis
6998,89489eade47ffff,Travis
6999,89489eade4bffff,Travis
7000,89489eade4fffff,Travis
7001,89489eade53ffff,Travis
7002,89489eade5bffff,Travis
7003,89489eade63ffff,Travis
7004,89489eade67ffff,Travis
7005,89489eade6bffff,Travis
7006,89489eade6fffff,Travis
7007,89489eade73ffff,Travis
7008,89489eade77ffff,Travis
7009,89489eade7bffff,Travis
7010,89489eade8bffff,Travis
7011,89489eade8fffff,Travis
7012,89489eadea3ffff,Travis
7013,89489eadea7ffff,Travis
7014,89489eadeabffff,Travis
7015,89489eadeafffff,Travis
7016,89489eadeb3ffff,Travis
7017,89489eadeb7ffff,Travis
7018,89489eadebbffff,Travis
7019,89489eaeb23ffff,Travis
7020,89489eaeb2fffff,Travis
7021,89489eaeb63ffff,Travis
7022,89489eaeb67ffff,Travis
7023,89489eaeb6bffff,Travis
7024,89489eaeb6fffff,Travis
7025,89489eaf127ffff,Travis
7026,89489eaf137ffff,Travis
7027,89489eaf1a7ffff,Hays
