hex_id,h3_index
1,894898c800bffff
2,894898c800fffff
3,894898c8013ffff
4,894898c801bffff
5,894898c804bffff
6,894898c804fffff
7,894898c8063ffff
8,894898c806bffff
9,894898c806fffff
10,894898c8073ffff
11,894898c8077ffff
12,894898c807bffff
13,894898c80c7ffff
14,894898c80d3ffff
15,894898c80d7ffff
16,894898c8203ffff
17,894898c820fffff
18,894898c8217ffff
19,894898c8233ffff
20,894898c8237ffff
21,894898c8247ffff
22,894898c824fffff
23,894898c8263ffff
24,894898c8277ffff
25,894898c827bffff
26,894898c82a3ffff
27,894898c82a7ffff
28,894898c82abffff
29,894898c82b3ffff
30,894898c82b7ffff
31,894898c82bbffff
32,894898c834bffff
33,894898c834fffff
34,894898c83d3ffff
35,894898c83dbffff
36,894898c8403ffff
37,894898c840bffff
38,894898c8413ffff
39,894898c841bffff
40,894898c8447ffff
41,894898c8457ffff
42,894898c8463ffff
43,894898c846bffff
44,894898c846fffff
45,894898c847bffff
46,894898c8483ffff
47,894898c848bffff
48,894898c8493ffff
49,894898c849bffff
50,894898c84c7ffff
51,894898c865bffff
52,894898c9003ffff
53,894898c9007ffff
54,894898c900bffff
55,894898c900fffff
56,894898c9013ffff
57,894898c9017ffff
58,894898c901bffff
59,894898c9023ffff
60,894898c9027ffff
61,894898c902bffff
62,894898c902fffff
63,894898c9033ffff
64,894898c9037ffff
65,894898c903bffff
66,894898c9043ffff
67,894898c9047ffff
68,894898c904bffff
69,894898c904fffff
70,894898c9053ffff
71,894898c9057ffff
72,894898c905bffff
73,894898c9063ffff
74,894898c9067ffff
75,894898c906bffff
76,894898c906fffff
77,894898c9073ffff
78,894898c9077ffff
79,894898c907bffff
80,894898c9083ffff
81,894898c9087ffff
82,894898c908bffff
83,894898c908fffff
84,894898c9093ffff
85,894898c9097ffff
86,894898c909bffff
87,894898c90a3ffff
88,894898c90a7ffff
89,894898c90abffff
90,894898c90afffff
91,894898c90b3ffff
92,894898c90b7ffff
93,894898c90bbffff
94,894898c90c3ffff
95,894898c90c7ffff
96,894898c90cbffff
97,894898c90cfffff
98,894898c90d3ffff
99,894898c90d7ffff
100,894898c90dbffff
101,894898c911bffff
102,894898c9143ffff
103,894898c914bffff
104,894898c914fffff
105,894898c9153ffff
106,894898c9157ffff
107,894898c915bffff
108,894898c91b3ffff
109,894898c91c3ffff
110,894898c91c7ffff
111,894898c91cbffff
112,894898c91cfffff
113,894898c91d3ffff
114,894898c91d7ffff
115,894898c91dbffff
116,894898c9203ffff
117,894898c9207ffff
118,894898c920bffff
119,894898c920fffff
120,894898c9213ffff
121,894898c9217ffff
122,894898c921bffff
123,894898c9223ffff
124,894898c9227ffff
125,894898c922bffff
126,894898c922fffff
127,894898c9233ffff
128,894898c9237ffff
129,894898c923bffff
130,894898c9243ffff
131,894898c9247ffff
132,894898c924bffff
133,894898c924fffff
134,894898c9253ffff
135,894898c9257ffff
136,894898c925bffff
137,894898c9263ffff
138,894898c9267ffff
139,894898c926bffff
140,894898c926fffff
141,894898c9273ffff
142,894898c9277ffff
143,894898c927bffff
144,894898c9283ffff
145,894898c9287ffff
146,894898c928bffff
147,894898c928fffff
148,894898c9293ffff
149,894898c9297ffff
150,894898c929bffff
151,894898c92a3ffff
152,894898c92a7ffff
153,894898c92abffff
154,894898c92afffff
155,894898c92b3ffff
156,894898c92b7ffff
157,894898c92bbffff
158,894898c92c3ffff
159,894898c92c7ffff
160,894898c92cbffff
161,894898c92cfffff
162,894898c92d3ffff
163,894898c92d7ffff
164,894898c92dbffff
165,894898c9303ffff
166,894898c9307ffff
167,894898c930bffff
168,894898c930fffff
169,894898c9313ffff
170,894898c9317ffff
171,894898c931bffff
172,894898c9323ffff
173,894898c9327ffff
174,894898c932bffff
175,894898c932fffff
176,894898c9333ffff
177,894898c9337ffff
178,894898c933bffff
179,894898c9343ffff
180,894898c9347ffff
181,894898c934bffff
182,894898c934fffff
183,894898c9353ffff
184,894898c9357ffff
185,894898c935bffff
186,894898c9363ffff
187,894898c9367ffff
188,894898c936bffff
189,894898c936fffff
190,894898c9373ffff
191,894898c9377ffff
192,894898c937bffff
193,894898c9383ffff
194,894898c9387ffff
195,894898c938bffff
196,894898c938fffff
197,894898c9393ffff
198,894898c9397ffff
199,894898c939bffff
200,894898c93a3ffff
201,894898c93a7ffff
202,894898c93abffff
203,894898c93afffff
204,894898c93b3ffff
205,894898c93bbffff
206,894898c93c3ffff
207,894898c93c7ffff
208,894898c93cbffff
209,894898c93cfffff
210,894898c93d3ffff
211,894898c93d7ffff
212,894898c93dbffff
213,894898c9403ffff
214,894898c9407ffff
215,894898c940fffff
216,894898c9413ffff
217,894898c9417ffff
218,894898c941bffff
219,894898c9423ffff
220,894898c9427ffff
221,894898c942bffff
222,894898c942fffff
223,894898c9433ffff
224,894898c9437ffff
225,894898c943bffff
226,894898c9443ffff
227,894898c944bffff
228,894898c944fffff
229,894898c9453ffff
230,894898c9457ffff
231,894898c945bffff
232,894898c9463ffff
233,894898c9467ffff
234,894898c946bffff
235,894898c946fffff
236,894898c9477ffff
237,894898c947bffff
238,894898c9487ffff
239,894898c948bffff
240,894898c948fffff
241,894898c9497ffff
242,894898c949bffff
243,894898c94a3ffff
244,894898c94a7ffff
245,894898c94abffff
246,894898c94afffff
247,894898c94b3ffff
248,894898c94b7ffff
249,894898c94bbffff
250,894898c94c3ffff
251,894898c94c7ffff
252,894898c94cbffff
253,894898c94cfffff
254,894898c94d3ffff
255,894898c94d7ffff
256,894898c94dbffff
257,894898c9503ffff
258,894898c9507ffff
259,894898c950bffff
260,894898c950fffff
261,894898c9513ffff
262,894898c9517ffff
263,894898c951bffff
264,894898c953bffff
265,894898c9543ffff
266,894898c9547ffff
267,894898c954bffff
268,894898c954fffff
269,894898c9553ffff
270,894898c9557ffff
271,894898c955bffff
272,894898c9563ffff
273,894898c9567ffff
274,894898c956bffff
275,894898c956fffff
276,894898c9573ffff
277,894898c9577ffff
278,894898c957bffff
279,894898c9583ffff
280,894898c9587ffff
281,894898c958bffff
282,894898c958fffff
283,894898c9593ffff
284,894898c9597ffff
285,894898c959bffff
286,894898c95bbffff
287,894898c95c3ffff
288,894898c95c7ffff
289,894898c95cbffff
290,894898c95cfffff
291,894898c95d3ffff
292,894898c95d7ffff
293,894898c95dbffff
294,894898c9603ffff
295,894898c9607ffff
296,894898c960bffff
297,894898c960fffff
298,894898c9617ffff
299,894898c961bffff
300,894898c9623ffff
301,894898c9627ffff
302,894898c962bffff
303,894898c962fffff
304,894898c9633ffff
305,894898c9637ffff
306,894898c963bffff
307,894898c9647ffff
308,894898c964fffff
309,894898c9657ffff
310,894898c9663ffff
311,894898c9667ffff
312,894898c966bffff
313,894898c966fffff
314,894898c9673ffff
315,894898c9677ffff
316,894898c967bffff
317,894898c9687ffff
318,894898c9693ffff
319,894898c96a3ffff
320,894898c96a7ffff
321,894898c96abffff
322,894898c96b3ffff
323,894898c96b7ffff
324,894898c96bbffff
325,894898c96cfffff
326,894898c9843ffff
327,894898c984bffff
328,894898c984fffff
329,894898c9853ffff
330,894898c9857ffff
331,894898c985bffff
332,894898c9893ffff
333,894898c98c3ffff
334,894898c98d3ffff
335,894898c98dbffff
336,894898c9a4bffff
337,894898c9a7bffff
338,894898c9a87ffff
339,894898c9a9bffff
340,894898c9ab3ffff
341,894898c9abbffff
342,894898c9ac3ffff
343,894898c9ad3ffff
344,894898c9ad7ffff
345,894898c9adbffff
346,894898c9c03ffff
347,894898c9c07ffff
348,894898c9c0bffff
349,894898c9c0fffff
350,894898c9c23ffff
351,894898c9c27ffff
352,894898c9c2bffff
353,894898c9c2fffff
354,894898c9c33ffff
355,894898c9c37ffff
356,894898c9c3bffff
357,894898c9c47ffff
358,894898c9c53ffff
359,894898c9c57ffff
360,894898c9c63ffff
361,894898c9c6bffff
362,894898c9c6fffff
363,894898c9c73ffff
364,894898c9c77ffff
365,894898c9c7bffff
366,894898c9ca3ffff
367,894898c9ca7ffff
368,894898c9cabffff
369,894898c9cafffff
370,894898c9cb3ffff
371,894898c9cb7ffff
372,894898c9cbbffff
373,894898c9cdbffff
374,894898c9dcbffff
375,894898c9ddbffff
376,894898c9e03ffff
377,894898c9e0bffff
378,894898c9e0fffff
379,894898c9e13ffff
380,894898c9e17ffff
381,894898c9e1bffff
382,894898c9e37ffff
383,894898c9e43ffff
384,894898c9e47ffff
385,894898c9e4bffff
386,894898c9e4fffff
387,894898c9e53ffff
388,894898c9e57ffff
389,894898c9e5bffff
390,894898c9e63ffff
391,894898c9e6bffff
392,894898c9e6fffff
393,894898c9e73ffff
394,894898c9e77ffff
395,894898c9e7bffff
396,894898c9e8bffff
397,894898c9e8fffff
398,894898c9ea7ffff
399,894898c9eabffff
400,894898c9ec3ffff
401,894898c9ec7ffff
402,894898c9ecbffff
403,894898c9ecfffff
404,894898c9ed3ffff
405,894898c9ed7ffff
406,894898c9edbffff
407,894898ca203ffff
408,894898ca207ffff
409,894898ca20bffff
410,894898ca20fffff
411,894898ca213ffff
412,894898ca21bffff
413,894898ca223ffff
414,894898ca22bffff
415,894898ca22fffff
416,894898ca233ffff
417,894898ca237ffff
418,894898ca23bffff
419,894898ca243ffff
420,894898ca247ffff
421,894898ca24bffff
422,894898ca24fffff
423,894898ca253ffff
424,894898ca257ffff
425,894898ca25bffff
426,894898ca273ffff
427,894898ca287ffff
428,894898ca28bffff
429,894898ca28fffff
430,894898ca2a3ffff
431,894898ca2abffff
432,894898ca2afffff
433,894898ca2b3ffff
434,894898ca2bbffff
435,894898ca2c7ffff
436,894898ca2d7ffff
437,894898ca3dbffff
438,894898cb103ffff
439,894898cb10bffff
440,894898cb10fffff
441,894898cb113ffff
442,894898cb117ffff
443,894898cb11bffff
444,894898cb143ffff
445,894898cb147ffff
446,894898cb14bffff
447,894898cb14fffff
448,894898cb153ffff
449,894898cb157ffff
450,894898cb15bffff
451,894898cb183ffff
452,894898cb187ffff
453,894898cb18bffff
454,894898cb18fffff
455,894898cb193ffff
456,894898cb197ffff
457,894898cb19bffff
458,894898cb1c3ffff
459,894898cb1c7ffff
460,894898cb1cbffff
461,894898cb1cfffff
462,894898cb1d3ffff
463,894898cb1d7ffff
464,894898cb1dbffff
465,894898cb20bffff
466,894898cb243ffff
467,894898cb247ffff
468,894898cb24bffff
469,894898cb24fffff
470,894898cb253ffff
471,894898cb257ffff
472,894898cb25bffff
473,894898cb263ffff
474,894898cb267ffff
475,894898cb26bffff
476,894898cb26fffff
477,894898cb273ffff
478,894898cb27bffff
479,894898cb2c3ffff
480,894898cb2cbffff
481,894898cb2cfffff
482,894898cb303ffff
483,894898cb307ffff
484,894898cb30bffff
485,894898cb30fffff
486,894898cb313ffff
487,894898cb317ffff
488,894898cb31bffff
489,894898cb323ffff
490,894898cb32bffff
491,894898cb32fffff
492,894898cb333ffff
493,894898cb33bffff
494,894898cb343ffff
495,894898cb347ffff
496,894898cb34bffff
497,894898cb34fffff
498,894898cb357ffff
499,894898cb363ffff
500,894898cb367ffff
501,894898cb36bffff
502,894898cb36fffff
503,894898cb373ffff
504,894898cb377ffff
505,894898cb37bffff
506,894898cb383ffff
507,894898cb387ffff
508,894898cb38fffff
509,894898cb397ffff
510,894898cb3a3ffff
511,894898cb3abffff
512,894898cb3afffff
513,894898cb3b3ffff
514,894898cb3b7ffff
515,894898cb3bbffff
516,894898cb497ffff
517,894898cb507ffff
518,894898cb50fffff
519,894898cb517ffff
520,894898cb523ffff
521,894898cb527ffff
522,894898cb52bffff
523,894898cb52fffff
524,894898cb533ffff
525,894898cb53bffff
526,894898cb563ffff
527,894898cb567ffff
528,894898cb56fffff
529,894898cb577ffff
530,894898cb58fffff
531,894898cb593ffff
532,894898cb5abffff
533,894898cb5bbffff
534,894898d860bffff
535,894898d8613ffff
536,894898d861bffff
537,894898d868bffff
538,894898d8693ffff
539,894898d869bffff
540,894898d86c3ffff
541,894898d86c7ffff
542,894898d86cbffff
543,894898d86cfffff
544,894898d86d3ffff
545,894898d86d7ffff
546,894898d86dbffff
547,894898d9003ffff
548,894898d9007ffff
549,894898d900bffff
550,894898d900fffff
551,894898d9013ffff
552,894898d9017ffff
553,894898d901bffff
554,894898d9023ffff
555,894898d9027ffff
556,894898d902bffff
557,894898d902fffff
558,894898d9033ffff
559,894898d9037ffff
560,894898d903bffff
561,894898d9043ffff
562,894898d9047ffff
563,894898d904bffff
564,894898d904fffff
565,894898d9053ffff
566,894898d9057ffff
567,894898d905bffff
568,894898d9063ffff
569,894898d9067ffff
570,894898d906bffff
571,894898d906fffff
572,894898d9073ffff
573,894898d9077ffff
574,894898d907bffff
575,894898d9083ffff
576,894898d9087ffff
577,894898d908bffff
578,894898d908fffff
579,894898d9093ffff
580,894898d9097ffff
581,894898d909bffff
582,894898d90a3ffff
583,894898d90a7ffff
584,894898d90abffff
585,894898d90afffff
586,894898d90b3ffff
587,894898d90b7ffff
588,894898d90bbffff
589,894898d90c3ffff
590,894898d90c7ffff
591,894898d90cbffff
592,894898d90cfffff
593,894898d90d3ffff
594,894898d90d7ffff
595,894898d90dbffff
596,894898d9103ffff
597,894898d9107ffff
598,894898d910bffff
599,894898d910fffff
600,894898d9113ffff
601,894898d9117ffff
602,894898d911bffff
603,894898d9123ffff
604,894898d9127ffff
605,894898d912bffff
606,894898d912fffff
607,894898d9133ffff
608,894898d9137ffff
609,894898d913bffff
610,894898d9143ffff
611,894898d9147ffff
612,894898d914bffff
613,894898d914fffff
614,894898d9153ffff
615,894898d9157ffff
616,894898d915bffff
617,894898d9163ffff
618,894898d9167ffff
619,894898d916bffff
620,894898d916fffff
621,894898d9173ffff
622,894898d9177ffff
623,894898d917bffff
624,894898d918bffff
625,894898d91a3ffff
626,894898d91a7ffff
627,894898d91abffff
628,894898d91afffff
629,894898d91c3ffff
630,894898d91c7ffff
631,894898d91cbffff
632,894898d91cfffff
633,894898d91d3ffff
634,894898d91d7ffff
635,894898d91dbffff
636,894898d9203ffff
637,894898d9207ffff
638,894898d920bffff
639,894898d920fffff
640,894898d9213ffff
641,894898d9217ffff
642,894898d921bffff
643,894898d9223ffff
644,894898d9227ffff
645,894898d922bffff
646,894898d922fffff
647,894898d9233ffff
648,894898d9237ffff
649,894898d923bffff
650,894898d9243ffff
651,894898d9247ffff
652,894898d924bffff
653,894898d924fffff
654,894898d9253ffff
655,894898d9257ffff
656,894898d925bffff
657,894898d9263ffff
658,894898d9267ffff
659,894898d926bffff
660,894898d926fffff
661,894898d9273ffff
662,894898d9277ffff
663,894898d927bffff
664,894898d9283ffff
665,894898d9287ffff
666,894898d928bffff
667,894898d928fffff
668,894898d9293ffff
669,894898d9297ffff
670,894898d929bffff
671,894898d92a3ffff
672,894898d92a7ffff
673,894898d92abffff
674,894898d92afffff
675,894898d92b3ffff
676,894898d92b7ffff
677,894898d92bbffff
678,894898d92c3ffff
679,894898d92c7ffff
680,894898d92cbffff
681,894898d92cfffff
682,894898d92d3ffff
683,894898d92d7ffff
684,894898d92dbffff
685,894898d9303ffff
686,894898d9307ffff
687,894898d930bffff
688,894898d930fffff
689,894898d9313ffff
690,894898d9317ffff
691,894898d931bffff
692,894898d9323ffff
693,894898d9327ffff
694,894898d932bffff
695,894898d932fffff
696,894898d9333ffff
697,894898d9337ffff
698,894898d933bffff
699,894898d9343ffff
700,894898d9347ffff
701,894898d934bffff
702,894898d934fffff
703,894898d9353ffff
704,894898d9357ffff
705,894898d935bffff
706,894898d9363ffff
707,894898d9367ffff
708,894898d936bffff
709,894898d936fffff
710,894898d9373ffff
711,894898d9377ffff
712,894898d937bffff
713,894898d9383ffff
714,894898d9387ffff
715,894898d938bffff
716,894898d938fffff
717,894898d9393ffff
718,894898d9397ffff
719,894898d939bffff
720,894898d93a3ffff
721,894898d93a7ffff
722,894898d93abffff
723,894898d93afffff
724,894898d93b3ffff
725,894898d93b7ffff
726,894898d93bbffff
727,894898d93c3ffff
728,894898d93c7ffff
729,894898d93cbffff
730,894898d93cfffff
731,894898d93d3ffff
732,894898d93d7ffff
733,894898d93dbffff
734,894898d9403ffff
735,894898d9407ffff
736,894898d940bffff
737,894898d940fffff
738,894898d9413ffff
739,894898d9417ffff
740,894898d941bffff
741,894898d9423ffff
742,894898d9427ffff
743,894898d942bffff
744,894898d942fffff
745,894898d9433ffff
746,894898d9437ffff
747,894898d943bffff
748,894898d9443ffff
749,894898d9447ffff
750,894898d944bffff
751,894898d944fffff
752,894898d9453ffff
753,894898d9457ffff
754,894898d945bffff
755,894898d9463ffff
756,894898d9467ffff
757,894898d946bffff
758,894898d946fffff
759,894898d9473ffff
760,894898d9477ffff
761,894898d947bffff
762,894898d9483ffff
763,894898d9487ffff
764,894898d948bffff
765,894898d948fffff
766,894898d9493ffff
767,894898d9497ffff
768,894898d949bffff
769,894898d94a3ffff
770,894898d94a7ffff
771,894898d94abffff
772,894898d94afffff
773,894898d94b3ffff
774,894898d94b7ffff
775,894898d94bbffff
776,894898d94c3ffff
777,894898d94c7ffff
778,894898d94cbffff
779,894898d94cfffff
780,894898d94d3ffff
781,894898d94d7ffff
782,894898d94dbffff
783,894898d950bffff
784,894898d950fffff
785,894898d9543ffff
786,894898d9547ffff
787,894898d954bffff
788,894898d954fffff
789,894898d9553ffff
790,894898d9557ffff
791,894898d955bffff
792,894898d9563ffff
793,894898d956bffff
794,894898d956fffff
795,894898d9573ffff
796,894898d9577ffff
797,894898d957bffff
798,894898d9593ffff
799,894898d95cbffff
800,894898d95d3ffff
801,894898d95dbffff
802,894898d9603ffff
803,894898d9607ffff
804,894898d960bffff
805,894898d960fffff
806,894898d9613ffff
807,894898d9617ffff
808,894898d961bffff
809,894898d9623ffff
810,894898d9627ffff
811,894898d962bffff
812,894898d962fffff
813,894898d9633ffff
814,894898d9637ffff
815,894898d963bffff
816,894898d9643ffff
817,894898d9647ffff
818,894898d964bffff
819,894898d964fffff
820,894898d9653ffff
821,894898d9657ffff
822,894898d965bffff
823,894898d9663ffff
824,894898d9667ffff
825,894898d966bffff
826,894898d966fffff
827,894898d9673ffff
828,894898d9677ffff
829,894898d967bffff
830,894898d9683ffff
831,894898d9687ffff
832,894898d968bffff
833,894898d968fffff
834,894898d9693ffff
835,894898d9697ffff
836,894898d969bffff
837,894898d96a3ffff
838,894898d96a7ffff
839,894898d96abffff
840,894898d96afffff
841,894898d96b3ffff
842,894898d96b7ffff
843,894898d96bbffff
844,894898d96c3ffff
845,894898d96c7ffff
846,894898d96cbffff
847,894898d96cfffff
848,894898d96d3ffff
849,894898d96d7ffff
850,894898d96dbffff
851,894898d9803ffff
852,894898d9807ffff
853,894898d980bffff
854,894898d980fffff
855,894898d9813ffff
856,894898d981bffff
857,894898d9823ffff
858,894898d982bffff
859,894898d982fffff
860,894898d9833ffff
861,894898d983bffff
862,894898d9843ffff
863,894898d9847ffff
864,894898d984bffff
865,894898d984fffff
866,894898d9853ffff
867,894898d9857ffff
868,894898d985bffff
869,894898d9863ffff
870,894898d9867ffff
871,894898d986bffff
872,894898d986fffff
873,894898d9873ffff
874,894898d9877ffff
875,894898d987bffff
876,894898d98c3ffff
877,894898d98c7ffff
878,894898d98cbffff
879,894898d98cfffff
880,894898d98d3ffff
881,894898d98d7ffff
882,894898d98dbffff
883,894898d9a07ffff
884,894898d9a17ffff
885,894898d9a23ffff
886,894898d9a27ffff
887,894898d9a2bffff
888,894898d9a2fffff
889,894898d9a33ffff
890,894898d9a37ffff
891,894898d9a83ffff
892,894898d9a87ffff
893,894898d9a8fffff
894,894898d9a93ffff
895,894898d9a97ffff
896,894898d9a9bffff
897,894898d9aa3ffff
898,894898d9aa7ffff
899,894898d9aabffff
900,894898d9aafffff
901,894898d9ab3ffff
902,894898d9ab7ffff
903,894898d9abbffff
904,894898d9b03ffff
905,894898d9b07ffff
906,894898d9b0bffff
907,894898d9b0fffff
908,894898d9b13ffff
909,894898d9b17ffff
910,894898d9b1bffff
911,894898d9b2bffff
912,894898d9b3bffff
913,894898d9b47ffff
914,894898d9b5bffff
915,894898d9b73ffff
916,894898d9b77ffff
917,894898d9b83ffff
918,894898d9b87ffff
919,894898d9b8bffff
920,894898d9b8fffff
921,894898d9b93ffff
922,894898d9b97ffff
923,894898d9b9bffff
924,894898d9bbbffff
925,894898d9bc3ffff
926,894898d9bc7ffff
927,894898d9bcbffff
928,894898d9bd3ffff
929,894898d9bd7ffff
930,894898d9bdbffff
931,894898d9c07ffff
932,894898d9c17ffff
933,894898d9c43ffff
934,894898d9c47ffff
935,894898d9c4bffff
936,894898d9c4fffff
937,894898d9c53ffff
938,894898d9c57ffff
939,894898d9c5bffff
940,894898d9c63ffff
941,894898d9c67ffff
942,894898d9c6bffff
943,894898d9c6fffff
944,894898d9c77ffff
945,894898d9c87ffff
946,894898d9c8fffff
947,894898d9ca3ffff
948,894898d9cb3ffff
949,894898d9ccbffff
950,894898d9cd3ffff
951,894898d9cdbffff
952,894898d9e03ffff
953,894898d9e07ffff
954,894898d9e0bffff
955,894898d9e0fffff
956,894898d9e13ffff
957,894898d9e17ffff
958,894898d9e1bffff
959,894898d9e23ffff
960,894898d9e27ffff
961,894898d9e2bffff
962,894898d9e2fffff
963,894898d9e33ffff
964,894898d9e37ffff
965,894898d9e3bffff
966,894898d9e43ffff
967,894898d9e47ffff
968,894898d9e4bffff
969,894898d9e4fffff
970,894898d9e53ffff
971,894898d9e57ffff
972,894898d9e5bffff
973,894898d9e67ffff
974,894898d9e73ffff
975,894898d9e77ffff
976,894898d9e83ffff
977,894898d9e87ffff
978,894898d9e8bffff
979,894898d9e8fffff
980,894898d9e93ffff
981,894898d9e97ffff
982,894898d9e9bffff
983,894898d9ea3ffff
984,894898d9ea7ffff
985,894898d9eabffff
986,894898d9eafffff
987,894898d9eb3ffff
988,894898d9eb7ffff
989,894898d9ebbffff
990,894898d9ec3ffff
991,894898d9ec7ffff
992,894898d9ecbffff
993,894898d9ecfffff
994,894898d9ed3ffff
995,894898d9ed7ffff
996,894898d9edbffff
997,894898db017ffff
998,894898db023ffff
999,894898db027ffff
1000,894898db02fffff
1001,894898db033ffff
1002,894898db037ffff
1003,894898db043ffff
1004,894898db04bffff
1005,894898db04fffff
1006,894898db05bffff
1007,894898db083ffff
1008,894898db087ffff
1009,894898db08bffff
1010,894898db08fffff
1011,894898db093ffff
1012,894898db097ffff
1013,894898db09bffff
1014,894898db0a3ffff
1015,894898db0a7ffff
1016,894898db0abffff
1017,894898db0afffff
1018,894898db0b3ffff
1019,894898db0b7ffff
1020,894898db0bbffff
1021,894898db0c7ffff
1022,894898db0d3ffff
1023,894898db0d7ffff
1024,894898db0dbffff
1025,894898db103ffff
1026,894898db107ffff
1027,894898db10bffff
1028,894898db10fffff
1029,894898db113ffff
1030,894898db117ffff
1031,894898db11bffff
1032,894898db12bffff
1033,894898db13bffff
1034,894898db143ffff
1035,894898db147ffff
1036,894898db14bffff
1037,894898db14fffff
1038,894898db153ffff
1039,894898db157ffff
1040,894898db15bffff
1041,894898db163ffff
1042,894898db167ffff
1043,894898db16bffff
1044,894898db16fffff
1045,894898db173ffff
1046,894898db177ffff
1047,894898db17bffff
1048,894898db18fffff
1049,894898db1c3ffff
1050,894898db1c7ffff
1051,894898db1cbffff
1052,894898db1cfffff
1053,894898db1d3ffff
1054,894898db1dbffff
1055,894898db203ffff
1056,894898db207ffff
1057,894898db20bffff
1058,894898db20fffff
1059,894898db213ffff
1060,894898db217ffff
1061,894898db21bffff
1062,894898db223ffff
1063,894898db227ffff
1064,894898db22bffff
1065,894898db22fffff
1066,894898db233ffff
1067,894898db237ffff
1068,894898db23bffff
1069,894898db247ffff
1070,894898db263ffff
1071,894898db267ffff
1072,894898db26bffff
1073,894898db26fffff
1074,894898db273ffff
1075,894898db277ffff
1076,894898db27bffff
1077,894898db283ffff
1078,894898db287ffff
1079,894898db28bffff
1080,894898db28fffff
1081,894898db293ffff
1082,894898db297ffff
1083,894898db29bffff
1084,894898db2a3ffff
1085,894898db2abffff
1086,894898db2afffff
1087,894898db2b3ffff
1088,894898db2b7ffff
1089,894898db2bbffff
1090,894898db2c7ffff
1091,894898db2d7ffff
1092,894898db303ffff
1093,894898db307ffff
1094,894898db30bffff
1095,894898db30fffff
1096,894898db313ffff
1097,894898db317ffff
1098,894898db31bffff
1099,894898db323ffff
1100,894898db32bffff
1101,894898db32fffff
1102,894898db333ffff
1103,894898db337ffff
1104,894898db33bffff
1105,894898db343ffff
1106,894898db347ffff
1107,894898db34bffff
1108,894898db34fffff
1109,894898db353ffff
1110,894898db357ffff
1111,894898db35bffff
1112,894898db363ffff
1113,894898db367ffff
1114,894898db36bffff
1115,894898db373ffff
1116,894898db377ffff
1117,894898db37bffff
1118,894898db383ffff
1119,894898db387ffff
1120,894898db38bffff
1121,894898db38fffff
1122,894898db397ffff
1123,894898db3a3ffff
1124,894898db3a7ffff
1125,894898db3abffff
1126,894898db3afffff
1127,894898db3b3ffff
1128,894898db3b7ffff
1129,894898db3bbffff
1130,894898db3c3ffff
1131,894898db3c7ffff
1132,894898db3cbffff
1133,894898db3cfffff
1134,894898db3dbffff
1135,894898db403ffff
1136,894898db407ffff
1137,894898db40bffff
1138,894898db40fffff
1139,894898db413ffff
1140,894898db417ffff
1141,894898db41bffff
1142,894898db423ffff
1143,894898db427ffff
1144,894898db42bffff
1145,894898db42fffff
1146,894898db433ffff
1147,894898db43bffff
1148,894898db447ffff
1149,894898db44fffff
1150,894898db453ffff
1151,894898db463ffff
1152,894898db467ffff
1153,894898db46bffff
1154,894898db46fffff
1155,894898db473ffff
1156,894898db477ffff
1157,894898db47bffff
1158,894898db48bffff
1159,894898db48fffff
1160,894898db4c7ffff
1161,894898db54bffff
1162,894898db54fffff
1163,894898db55bffff
1164,894898db607ffff
1165,894898db623ffff
1166,894898db627ffff
1167,894898db62bffff
1168,894898db62fffff
1169,894898db633ffff
1170,894898db637ffff
1171,894898db63bffff
1172,894898db64bffff
1173,894898db64fffff
1174,894898db65bffff
1175,894898db663ffff
1176,894898db667ffff
1177,894898db66fffff
1178,894898db673ffff
1179,894898db677ffff
1180,894898db6a7ffff
1181,894898db6abffff
1182,894898db6b7ffff
1183,89489e20003ffff
1184,89489e20007ffff
1185,89489e2000bffff
1186,89489e2000fffff
1187,89489e20013ffff
1188,89489e20017ffff
1189,89489e2001bffff
1190,89489e20023ffff
1191,89489e20027ffff
1192,89489e2002fffff
1193,89489e20033ffff
1194,89489e20037ffff
1195,89489e2003bffff
1196,89489e20043ffff
1197,89489e20047ffff
1198,89489e2004bffff
1199,89489e2004fffff
1200,89489e20053ffff
1201,89489e20057ffff
1202,89489e2005bffff
1203,89489e20063ffff
1204,89489e20067ffff
1205,89489e2006bffff
1206,89489e2006fffff
1207,89489e20073ffff
1208,89489e20077ffff
1209,89489e2007bffff
1210,89489e20083ffff
1211,89489e20087ffff
1212,89489e2008bffff
1213,89489e2008fffff
1214,89489e20093ffff
1215,89489e20097ffff
1216,89489e2009bffff
1217,89489e200a3ffff
1218,89489e200a7ffff
1219,89489e200abffff
1220,89489e200afffff
1221,89489e200b7ffff
1222,89489e200bbffff
1223,89489e200c3ffff
1224,89489e200c7ffff
1225,89489e200cbffff
1226,89489e200cfffff
1227,89489e200d3ffff
1228,89489e200d7ffff
1229,89489e200dbffff
1230,89489e20103ffff
1231,89489e20107ffff
1232,89489e2010bffff
1233,89489e2010fffff
1234,89489e20113ffff
1235,89489e20117ffff
1236,89489e2011bffff
1237,89489e20123ffff
1238,89489e2012bffff
1239,89489e2012fffff
1240,89489e20133ffff
1241,89489e2013bffff
1242,89489e20143ffff
1243,89489e20147ffff
1244,89489e2014fffff
1245,89489e20157ffff
1246,89489e20167ffff
1247,89489e20173ffff
1248,89489e20177ffff
1249,89489e2017bffff
1250,89489e20187ffff
1251,89489e2018bffff
1252,89489e2018fffff
1253,89489e20193ffff
1254,89489e2019bffff
1255,89489e201abffff
1256,89489e201bbffff
1257,89489e201c7ffff
1258,89489e201cbffff
1259,89489e201d3ffff
1260,89489e201d7ffff
1261,89489e201dbffff
1262,89489e20293ffff
1263,89489e20297ffff
1264,89489e202b3ffff
1265,89489e202b7ffff
1266,89489e20327ffff
1267,89489e20403ffff
1268,89489e20407ffff
1269,89489e2040bffff
1270,89489e2040fffff
1271,89489e20413ffff
1272,89489e20417ffff
1273,89489e2041bffff
1274,89489e20423ffff
1275,89489e20427ffff
1276,89489e2042bffff
1277,89489e2042fffff
1278,89489e20433ffff
1279,89489e20437ffff
1280,89489e2043bffff
1281,89489e20447ffff
1282,89489e2044bffff
1283,89489e2044fffff
1284,89489e20463ffff
1285,89489e20467ffff
1286,89489e2046bffff
1287,89489e2046fffff
1288,89489e20473ffff
1289,89489e20477ffff
1290,89489e2047bffff
1291,89489e20483ffff
1292,89489e20487ffff
1293,89489e2048bffff
1294,89489e2048fffff
1295,89489e20493ffff
1296,89489e20497ffff
1297,89489e2049bffff
1298,89489e204a3ffff
1299,89489e204a7ffff
1300,89489e204abffff
1301,89489e204afffff
1302,89489e204b3ffff
1303,89489e204b7ffff
1304,89489e204bbffff
1305,89489e204c3ffff
1306,89489e204c7ffff
1307,89489e204d3ffff
1308,89489e204d7ffff
1309,89489e204dbffff
1310,89489e2052bffff
1311,89489e20533ffff
1312,89489e2053bffff
1313,89489e2054bffff
1314,89489e2055bffff
1315,89489e20563ffff
1316,89489e20567ffff
1317,89489e2056bffff
1318,89489e2056fffff
1319,89489e20577ffff
1320,89489e205afffff
1321,89489e205cbffff
1322,89489e205dbffff
1323,89489e20603ffff
1324,89489e20607ffff
1325,89489e2060bffff
1326,89489e2060fffff
1327,89489e20613ffff
1328,89489e20617ffff
1329,89489e2061bffff
1330,89489e20623ffff
1331,89489e20627ffff
1332,89489e2062bffff
1333,89489e2062fffff
1334,89489e20633ffff
1335,89489e20637ffff
1336,89489e2063bffff
1337,89489e20647ffff
1338,89489e20657ffff
1339,89489e20663ffff
1340,89489e20667ffff
1341,89489e20673ffff
1342,89489e20677ffff
1343,89489e2067bffff
1344,89489e20683ffff
1345,89489e20687ffff
1346,89489e2068bffff
1347,89489e2068fffff
1348,89489e20693ffff
1349,89489e20697ffff
1350,89489e2069bffff
1351,89489e206a3ffff
1352,89489e206a7ffff
1353,89489e206abffff
1354,89489e206afffff
1355,89489e206b3ffff
1356,89489e206b7ffff
1357,89489e206bbffff
1358,89489e206c7ffff
1359,89489e206cfffff
1360,89489e206d7ffff
1361,89489e2081bffff
1362,89489e2082bffff
1363,89489e2084bffff
1364,89489e2084fffff
1365,89489e20853ffff
1366,89489e2085bffff
1367,89489e2087bffff
1368,89489e20893ffff
1369,89489e20897ffff
1370,89489e2089bffff
1371,89489e208b3ffff
1372,89489e208b7ffff
1373,89489e208c3ffff
1374,89489e208c7ffff
1375,89489e208cbffff
1376,89489e208cfffff
1377,89489e208d3ffff
1378,89489e208d7ffff
1379,89489e20903ffff
1380,89489e20907ffff
1381,89489e2090bffff
1382,89489e2090fffff
1383,89489e20913ffff
1384,89489e20917ffff
1385,89489e2091bffff
1386,89489e20923ffff
1387,89489e20927ffff
1388,89489e2092bffff
1389,89489e2092fffff
1390,89489e20933ffff
1391,89489e20937ffff
1392,89489e2093bffff
1393,89489e20943ffff
1394,89489e20947ffff
1395,89489e2094bffff
1396,89489e2094fffff
1397,89489e20953ffff
1398,89489e20957ffff
1399,89489e2095bffff
1400,89489e2096bffff
1401,89489e20973ffff
1402,89489e20977ffff
1403,89489e2097bffff
1404,89489e20983ffff
1405,89489e20987ffff
1406,89489e2098bffff
1407,89489e2098fffff
1408,89489e20993ffff
1409,89489e20997ffff
1410,89489e2099bffff
1411,89489e209a3ffff
1412,89489e209a7ffff
1413,89489e209abffff
1414,89489e209afffff
1415,89489e209b3ffff
1416,89489e209b7ffff
1417,89489e209bbffff
1418,89489e209c3ffff
1419,89489e209c7ffff
1420,89489e209cbffff
1421,89489e209cfffff
1422,89489e209d3ffff
1423,89489e209d7ffff
1424,89489e20a87ffff
1425,89489e20aa3ffff
1426,89489e20aabffff
1427,89489e20aafffff
1428,89489e20ab3ffff
1429,89489e20ab7ffff
1430,89489e20b93ffff
1431,89489e20b97ffff
1432,89489e20b9bffff
1433,89489e20ba3ffff
1434,89489e20ba7ffff
1435,89489e20babffff
1436,89489e20bb3ffff
1437,89489e20bb7ffff
1438,89489e20c03ffff
1439,89489e20c07ffff
1440,89489e20c0fffff
1441,89489e20c13ffff
1442,89489e20c17ffff
1443,89489e20c23ffff
1444,89489e20c27ffff
1445,89489e20c2bffff
1446,89489e20c2fffff
1447,89489e20c33ffff
1448,89489e20c37ffff
1449,89489e20c3bffff
1450,89489e20c43ffff
1451,89489e20c4bffff
1452,89489e20c63ffff
1453,89489e20c67ffff
1454,89489e20c6bffff
1455,89489e20c6fffff
1456,89489e20c77ffff
1457,89489e20c87ffff
1458,89489e20c8fffff
1459,89489e20c97ffff
1460,89489e20ca3ffff
1461,89489e20ca7ffff
1462,89489e20cabffff
1463,89489e20cafffff
1464,89489e20cb3ffff
1465,89489e20cb7ffff
1466,89489e20cbbffff
1467,89489e20cc3ffff
1468,89489e20cd3ffff
1469,89489e20cd7ffff
1470,89489e20d03ffff
1471,89489e20d07ffff
1472,89489e20d0bffff
1473,89489e20d0fffff
1474,89489e20d13ffff
1475,89489e20d17ffff
1476,89489e20d1bffff
1477,89489e20d23ffff
1478,89489e20d27ffff
1479,89489e20d2bffff
1480,89489e20d2fffff
1481,89489e20d33ffff
1482,89489e20d37ffff
1483,89489e20d3bffff
1484,89489e20d43ffff
1485,89489e20d47ffff
1486,89489e20d4bffff
1487,89489e20d4fffff
1488,89489e20d53ffff
1489,89489e20d57ffff
1490,89489e20d5bffff
1491,89489e20d63ffff
1492,89489e20d67ffff
1493,89489e20d6bffff
1494,89489e20d6fffff
1495,89489e20d73ffff
1496,89489e20d77ffff
1497,89489e20d7bffff
1498,89489e20d83ffff
1499,89489e20d87ffff
1500,89489e20d8bffff
1501,89489e20d8fffff
1502,89489e20d93ffff
1503,89489e20d97ffff
1504,89489e20d9bffff
1505,89489e20da3ffff
1506,89489e20da7ffff
1507,89489e20dabffff
1508,89489e20dafffff
1509,89489e20db3ffff
1510,89489e20db7ffff
1511,89489e20dbbffff
1512,89489e20dc3ffff
1513,89489e20dc7ffff
1514,89489e20dcbffff
1515,89489e20dcfffff
1516,89489e20dd3ffff
1517,89489e20dd7ffff
1518,89489e20ddbffff
1519,89489e20e03ffff
1520,89489e20e0bffff
1521,89489e20e0fffff
1522,89489e20e13ffff
1523,89489e20e17ffff
1524,89489e20e1bffff
1525,89489e20e27ffff
1526,89489e20e37ffff
1527,89489e20e43ffff
1528,89489e20e47ffff
1529,89489e20e53ffff
1530,89489e20e57ffff
1531,89489e20e5bffff
1532,89489e20e73ffff
1533,89489e20e83ffff
1534,89489e20e87ffff
1535,89489e20e8bffff
1536,89489e20e8fffff
1537,89489e20e93ffff
1538,89489e20e97ffff
1539,89489e20e9bffff
1540,89489e20eb3ffff
1541,89489e20ebbffff
1542,89489e20ec7ffff
1543,89489e20ecbffff
1544,89489e20ecfffff
1545,89489e20ed7ffff
1546,89489e21d97ffff
1547,89489e22007ffff
1548,89489e22013ffff
1549,89489e22017ffff
1550,89489e22027ffff
1551,89489e2202bffff
1552,89489e2202fffff
1553,89489e2204bffff
1554,89489e2204fffff
1555,89489e22063ffff
1556,89489e2206bffff
1557,89489e2206fffff
1558,89489e22073ffff
1559,89489e2207bffff
1560,89489e22087ffff
1561,89489e22093ffff
1562,89489e22097ffff
1563,89489e220b3ffff
1564,89489e220b7ffff
1565,89489e220bbffff
1566,89489e22103ffff
1567,89489e22107ffff
1568,89489e2210bffff
1569,89489e2210fffff
1570,89489e22113ffff
1571,89489e22117ffff
1572,89489e2211bffff
1573,89489e22123ffff
1574,89489e22127ffff
1575,89489e2212bffff
1576,89489e2212fffff
1577,89489e22133ffff
1578,89489e22137ffff
1579,89489e2213bffff
1580,89489e22143ffff
1581,89489e22147ffff
1582,89489e2214bffff
1583,89489e2214fffff
1584,89489e22153ffff
1585,89489e22157ffff
1586,89489e2215bffff
1587,89489e22163ffff
1588,89489e22167ffff
1589,89489e2216bffff
1590,89489e22173ffff
1591,89489e22177ffff
1592,89489e2217bffff
1593,89489e22183ffff
1594,89489e22187ffff
1595,89489e2218bffff
1596,89489e2218fffff
1597,89489e22193ffff
1598,89489e22197ffff
1599,89489e2219bffff
1600,89489e221a3ffff
1601,89489e221a7ffff
1602,89489e221abffff
1603,89489e221afffff
1604,89489e221b3ffff
1605,89489e221b7ffff
1606,89489e221bbffff
1607,89489e221c3ffff
1608,89489e221c7ffff
1609,89489e221cbffff
1610,89489e221cfffff
1611,89489e221d3ffff
1612,89489e221d7ffff
1613,89489e22203ffff
1614,89489e22207ffff
1615,89489e2220bffff
1616,89489e2220fffff
1617,89489e22213ffff
1618,89489e22217ffff
1619,89489e2221bffff
1620,89489e22223ffff
1621,89489e22227ffff
1622,89489e2222bffff
1623,89489e2222fffff
1624,89489e22233ffff
1625,89489e22237ffff
1626,89489e2223bffff
1627,89489e22243ffff
1628,89489e22247ffff
1629,89489e2224bffff
1630,89489e2224fffff
1631,89489e22257ffff
1632,89489e22263ffff
1633,89489e22267ffff
1634,89489e2226bffff
1635,89489e2226fffff
1636,89489e22273ffff
1637,89489e22277ffff
1638,89489e2227bffff
1639,89489e22283ffff
1640,89489e22287ffff
1641,89489e2228bffff
1642,89489e2228fffff
1643,89489e22293ffff
1644,89489e22297ffff
1645,89489e2229bffff
1646,89489e222a3ffff
1647,89489e222a7ffff
1648,89489e222abffff
1649,89489e222afffff
1650,89489e222b3ffff
1651,89489e222b7ffff
1652,89489e222bbffff
1653,89489e222c7ffff
1654,89489e222d7ffff
1655,89489e22303ffff
1656,89489e2230bffff
1657,89489e22313ffff
1658,89489e22317ffff
1659,89489e2231bffff
1660,89489e22327ffff
1661,89489e22343ffff
1662,89489e22347ffff
1663,89489e2234bffff
1664,89489e2234fffff
1665,89489e22353ffff
1666,89489e22357ffff
1667,89489e2235bffff
1668,89489e2236bffff
1669,89489e22373ffff
1670,89489e2237bffff
1671,89489e22383ffff
1672,89489e22387ffff
1673,89489e2238bffff
1674,89489e2238fffff
1675,89489e22393ffff
1676,89489e22397ffff
1677,89489e2239bffff
1678,89489e223a3ffff
1679,89489e223abffff
1680,89489e223afffff
1681,89489e223b3ffff
1682,89489e223b7ffff
1683,89489e223bbffff
1684,89489e223c3ffff
1685,89489e223c7ffff
1686,89489e223cbffff
1687,89489e223cfffff
1688,89489e223d3ffff
1689,89489e223d7ffff
1690,89489e223dbffff
1691,89489e22423ffff
1692,89489e22427ffff
1693,89489e2242bffff
1694,89489e2242fffff
1695,89489e22433ffff
1696,89489e22437ffff
1697,89489e2243bffff
1698,89489e224a3ffff
1699,89489e224a7ffff
1700,89489e224abffff
1701,89489e224afffff
1702,89489e224b7ffff
1703,89489e224bbffff
1704,89489e224c7ffff
1705,89489e224d7ffff
1706,89489e22503ffff
1707,89489e22507ffff
1708,89489e2250bffff
1709,89489e2250fffff
1710,89489e22513ffff
1711,89489e22517ffff
1712,89489e2251bffff
1713,89489e22523ffff
1714,89489e22527ffff
1715,89489e2252bffff
1716,89489e2252fffff
1717,89489e22533ffff
1718,89489e22537ffff
1719,89489e2253bffff
1720,89489e22543ffff
1721,89489e22547ffff
1722,89489e2254bffff
1723,89489e2254fffff
1724,89489e22553ffff
1725,89489e22557ffff
1726,89489e2255bffff
1727,89489e22563ffff
1728,89489e22567ffff
1729,89489e2256bffff
1730,89489e2256fffff
1731,89489e22573ffff
1732,89489e22577ffff
1733,89489e2257bffff
1734,89489e22583ffff
1735,89489e22587ffff
1736,89489e2258bffff
1737,89489e2258fffff
1738,89489e22597ffff
1739,89489e2259bffff
1740,89489e225a3ffff
1741,89489e225a7ffff
1742,89489e225abffff
1743,89489e225afffff
1744,89489e225b3ffff
1745,89489e225b7ffff
1746,89489e225bbffff
1747,89489e225c3ffff
1748,89489e225c7ffff
1749,89489e225cbffff
1750,89489e225cfffff
1751,89489e225d7ffff
1752,89489e225dbffff
1753,89489e2260bffff
1754,89489e2260fffff
1755,89489e2262bffff
1756,89489e22663ffff
1757,89489e22667ffff
1758,89489e2266bffff
1759,89489e2266fffff
1760,89489e22673ffff
1761,89489e2267bffff
1762,89489e22803ffff
1763,89489e22807ffff
1764,89489e2280bffff
1765,89489e2280fffff
1766,89489e22813ffff
1767,89489e22817ffff
1768,89489e2281bffff
1769,89489e22823ffff
1770,89489e22827ffff
1771,89489e22833ffff
1772,89489e22837ffff
1773,89489e2283bffff
1774,89489e22847ffff
1775,89489e22857ffff
1776,89489e22873ffff
1777,89489e22877ffff
1778,89489e22887ffff
1779,89489e2288bffff
1780,89489e2288fffff
1781,89489e22897ffff
1782,89489e228a3ffff
1783,89489e228a7ffff
1784,89489e228abffff
1785,89489e228afffff
1786,89489e228b3ffff
1787,89489e228b7ffff
1788,89489e228bbffff
1789,89489e228c3ffff
1790,89489e228c7ffff
1791,89489e228cbffff
1792,89489e228cfffff
1793,89489e228d3ffff
1794,89489e228dbffff
1795,89489e22903ffff
1796,89489e22907ffff
1797,89489e2290bffff
1798,89489e2290fffff
1799,89489e22913ffff
1800,89489e22917ffff
1801,89489e2291bffff
1802,89489e22923ffff
1803,89489e22927ffff
1804,89489e2292bffff
1805,89489e2292fffff
1806,89489e22933ffff
1807,89489e22937ffff
1808,89489e2293bffff
1809,89489e22943ffff
1810,89489e22947ffff
1811,89489e2294bffff
1812,89489e2294fffff
1813,89489e22953ffff
1814,89489e22957ffff
1815,89489e2295bffff
1816,89489e22963ffff
1817,89489e22967ffff
1818,89489e2296bffff
1819,89489e2296fffff
1820,89489e22973ffff
1821,89489e22977ffff
1822,89489e2297bffff
1823,89489e22983ffff
1824,89489e22987ffff
1825,89489e2298bffff
1826,89489e2298fffff
1827,89489e22993ffff
1828,89489e22997ffff
1829,89489e2299bffff
1830,89489e229a3ffff
1831,89489e229a7ffff
1832,89489e229abffff
1833,89489e229afffff
1834,89489e229b3ffff
1835,89489e229b7ffff
1836,89489e229bbffff
1837,89489e229c3ffff
1838,89489e229c7ffff
1839,89489e229cbffff
1840,89489e229cfffff
1841,89489e229d3ffff
1842,89489e229d7ffff
1843,89489e229dbffff
1844,89489e22a67ffff
1845,89489e22a6bffff
1846,89489e22a6fffff
1847,89489e22b03ffff
1848,89489e22b07ffff
1849,89489e22b0bffff
1850,89489e22b0fffff
1851,89489e22b13ffff
1852,89489e22b17ffff
1853,89489e22b1bffff
1854,89489e22b23ffff
1855,89489e22b27ffff
1856,89489e22b2bffff
1857,89489e22b2fffff
1858,89489e22b33ffff
1859,89489e22b37ffff
1860,89489e22b3bffff
1861,89489e22b43ffff
1862,89489e22b47ffff
1863,89489e22b4bffff
1864,89489e22b4fffff
1865,89489e22b53ffff
1866,89489e22b57ffff
1867,89489e22b5bffff
1868,89489e22b63ffff
1869,89489e22b67ffff
1870,89489e22b6bffff
1871,89489e22b6fffff
1872,89489e22b73ffff
1873,89489e22b77ffff
1874,89489e22b7bffff
1875,89489e22b8fffff
1876,89489e22ba3ffff
1877,89489e22ba7ffff
1878,89489e22babffff
1879,89489e22bafffff
1880,89489e22bb3ffff
1881,89489e22bb7ffff
1882,89489e22bbbffff
1883,89489e22bc7ffff
1884,89489e22c03ffff
1885,89489e22c07ffff
1886,89489e22c0bffff
1887,89489e22c0fffff
1888,89489e22c13ffff
1889,89489e22c17ffff
1890,89489e22c1bffff
1891,89489e22c23ffff
1892,89489e22c27ffff
1893,89489e22c2bffff
1894,89489e22c2fffff
1895,89489e22c33ffff
1896,89489e22c37ffff
1897,89489e22c3bffff
1898,89489e22c43ffff
1899,89489e22c47ffff
1900,89489e22c4bffff
1901,89489e22c4fffff
1902,89489e22c53ffff
1903,89489e22c57ffff
1904,89489e22c5bffff
1905,89489e22c6bffff
1906,89489e22c73ffff
1907,89489e22c77ffff
1908,89489e22c7bffff
1909,89489e22c83ffff
1910,89489e22c87ffff
1911,89489e22c8bffff
1912,89489e22c8fffff
1913,89489e22c93ffff
1914,89489e22c97ffff
1915,89489e22c9bffff
1916,89489e22ca3ffff
1917,89489e22ca7ffff
1918,89489e22cabffff
1919,89489e22cafffff
1920,89489e22cb3ffff
1921,89489e22cb7ffff
1922,89489e22cbbffff
1923,89489e22cc3ffff
1924,89489e22cc7ffff
1925,89489e22ccbffff
1926,89489e22ccfffff
1927,89489e22cd3ffff
1928,89489e22cd7ffff
1929,89489e22cdbffff
1930,89489e22d03ffff
1931,89489e22d07ffff
1932,89489e22d0bffff
1933,89489e22d0fffff
1934,89489e22d13ffff
1935,89489e22d17ffff
1936,89489e22d1bffff
1937,89489e22d23ffff
1938,89489e22d27ffff
1939,89489e22d2bffff
1940,89489e22d2fffff
1941,89489e22d33ffff
1942,89489e22d37ffff
1943,89489e22d3bffff
1944,89489e22d43ffff
1945,89489e22d47ffff
1946,89489e22d4bffff
1947,89489e22d4fffff
1948,89489e22d53ffff
1949,89489e22d57ffff
1950,89489e22d5bffff
1951,89489e22d63ffff
1952,89489e22d67ffff
1953,89489e22d6bffff
1954,89489e22d6fffff
1955,89489e22d73ffff
1956,89489e22d77ffff
1957,89489e22d7bffff
1958,89489e22d83ffff
1959,89489e22d87ffff
1960,89489e22d8bffff
1961,89489e22d8fffff
1962,89489e22d93ffff
1963,89489e22d97ffff
1964,89489e22d9bffff
1965,89489e22da3ffff
1966,89489e22da7ffff
1967,89489e22dabffff
1968,89489e22dafffff
1969,89489e22db3ffff
1970,89489e22db7ffff
1971,89489e22dbbffff
1972,89489e22dc3ffff
1973,89489e22dc7ffff
1974,89489e22dcbffff
1975,89489e22dcfffff
1976,89489e22dd3ffff
1977,89489e22dd7ffff
1978,89489e22ddbffff
1979,89489e22e03ffff
1980,89489e22e07ffff
1981,89489e22e0bffff
1982,89489e22e0fffff
1983,89489e22e13ffff
1984,89489e22e17ffff
1985,89489e22e1bffff
1986,89489e22e27ffff
1987,89489e22e2bffff
1988,89489e22e37ffff
1989,89489e22e47ffff
1990,89489e22e4fffff
1991,89489e22e53ffff
1992,89489e22e57ffff
1993,89489e22e67ffff
1994,89489e22e6fffff
1995,89489e22e73ffff
1996,89489e22e7bffff
1997,89489e22e83ffff
1998,89489e22e87ffff
1999,89489e22e8bffff
2000,89489e22e8fffff
2001,89489e22e93ffff
2002,89489e22e97ffff
2003,89489e22e9bffff
2004,89489e22ea3ffff
2005,89489e22ea7ffff
2006,89489e22eabffff
2007,89489e22eb3ffff
2008,89489e22eb7ffff
2009,89489e22ebbffff
2010,89489e22ec3ffff
2011,89489e22ec7ffff
2012,89489e22ecbffff
2013,89489e22ecfffff
2014,89489e22edbffff
2015,89489e23003ffff
2016,89489e23007ffff
2017,89489e2300bffff
2018,89489e2300fffff
2019,89489e23013ffff
2020,89489e23017ffff
2021,89489e2301bffff
2022,89489e23023ffff
2023,89489e23027ffff
2024,89489e2302bffff
2025,89489e2302fffff
2026,89489e23033ffff
2027,89489e23037ffff
2028,89489e2303bffff
2029,89489e23043ffff
2030,89489e23047ffff
2031,89489e2304bffff
2032,89489e23053ffff
2033,89489e23057ffff
2034,89489e2305bffff
2035,89489e23063ffff
2036,89489e23067ffff
2037,89489e2306fffff
2038,89489e23077ffff
2039,89489e23083ffff
2040,89489e23087ffff
2041,89489e2308bffff
2042,89489e2308fffff
2043,89489e23093ffff
2044,89489e2309bffff
2045,89489e230a3ffff
2046,89489e230abffff
2047,89489e230afffff
2048,89489e230b3ffff
2049,89489e230b7ffff
2050,89489e230bbffff
2051,89489e230c3ffff
2052,89489e230c7ffff
2053,89489e230cbffff
2054,89489e230cfffff
2055,89489e230d3ffff
2056,89489e230d7ffff
2057,89489e23103ffff
2058,89489e23107ffff
2059,89489e23117ffff
2060,89489e23123ffff
2061,89489e2312bffff
2062,89489e2312fffff
2063,89489e23133ffff
2064,89489e23137ffff
2065,89489e2313bffff
2066,89489e23143ffff
2067,89489e2314bffff
2068,89489e2314fffff
2069,89489e23153ffff
2070,89489e23157ffff
2071,89489e2315bffff
2072,89489e23167ffff
2073,89489e23183ffff
2074,89489e23187ffff
2075,89489e2318fffff
2076,89489e23197ffff
2077,89489e231a3ffff
2078,89489e231a7ffff
2079,89489e231abffff
2080,89489e231afffff
2081,89489e231b3ffff
2082,89489e231b7ffff
2083,89489e231bbffff
2084,89489e231cbffff
2085,89489e231dbffff
2086,89489e23293ffff
2087,89489e23297ffff
2088,89489e23383ffff
2089,89489e23387ffff
2090,89489e23393ffff
2091,89489e23397ffff
2092,89489e2339bffff
2093,89489e23463ffff
2094,89489e23467ffff
2095,89489e2346bffff
2096,89489e2346fffff
2097,89489e23473ffff
2098,89489e2354fffff
2099,89489e23623ffff
2100,89489e23627ffff
2101,89489e2362bffff
2102,89489e2362fffff
2103,89489e23667ffff
2104,89489e24003ffff
2105,89489e24007ffff
2106,89489e2400bffff
2107,89489e2400fffff
2108,89489e24013ffff
2109,89489e24017ffff
2110,89489e2401bffff
2111,89489e2402bffff
2112,89489e2402fffff
2113,89489e24043ffff
2114,89489e24047ffff
2115,89489e2404bffff
2116,89489e2404fffff
2117,89489e24053ffff
2118,89489e24057ffff
2119,89489e2405bffff
2120,89489e24067ffff
2121,89489e2406fffff
2122,89489e24073ffff
2123,89489e24077ffff
2124,89489e24083ffff
2125,89489e24087ffff
2126,89489e2408bffff
2127,89489e2408fffff
2128,89489e24093ffff
2129,89489e24097ffff
2130,89489e2409bffff
2131,89489e240a3ffff
2132,89489e240a7ffff
2133,89489e240abffff
2134,89489e240afffff
2135,89489e240b3ffff
2136,89489e240b7ffff
2137,89489e240bbffff
2138,89489e240c3ffff
2139,89489e240c7ffff
2140,89489e240cbffff
2141,89489e240cfffff
2142,89489e240d3ffff
2143,89489e240d7ffff
2144,89489e240dbffff
2145,89489e24107ffff
2146,89489e24113ffff
2147,89489e24117ffff
2148,89489e24123ffff
2149,89489e24127ffff
2150,89489e2412fffff
2151,89489e24133ffff
2152,89489e24137ffff
2153,89489e2413bffff
2154,89489e2414bffff
2155,89489e2414fffff
2156,89489e2415bffff
2157,89489e2416bffff
2158,89489e2416fffff
2159,89489e24183ffff
2160,89489e24187ffff
2161,89489e2418bffff
2162,89489e2418fffff
2163,89489e24193ffff
2164,89489e24197ffff
2165,89489e2419bffff
2166,89489e241a3ffff
2167,89489e241abffff
2168,89489e241afffff
2169,89489e241b3ffff
2170,89489e241b7ffff
2171,89489e241bbffff
2172,89489e24203ffff
2173,89489e24207ffff
2174,89489e2420bffff
2175,89489e2420fffff
2176,89489e24213ffff
2177,89489e24217ffff
2178,89489e2421bffff
2179,89489e24223ffff
2180,89489e24227ffff
2181,89489e2422bffff
2182,89489e2422fffff
2183,89489e24233ffff
2184,89489e24237ffff
2185,89489e2423bffff
2186,89489e24243ffff
2187,89489e24247ffff
2188,89489e2424bffff
2189,89489e2424fffff
2190,89489e24253ffff
2191,89489e24257ffff
2192,89489e2425bffff
2193,89489e24263ffff
2194,89489e24267ffff
2195,89489e2426bffff
2196,89489e2426fffff
2197,89489e24273ffff
2198,89489e24277ffff
2199,89489e2427bffff
2200,89489e24283ffff
2201,89489e24287ffff
2202,89489e2428bffff
2203,89489e2428fffff
2204,89489e24293ffff
2205,89489e24297ffff
2206,89489e2429bffff
2207,89489e242a3ffff
2208,89489e242abffff
2209,89489e242afffff
2210,89489e242b3ffff
2211,89489e242bbffff
2212,89489e242c3ffff
2213,89489e242c7ffff
2214,89489e242cbffff
2215,89489e242cfffff
2216,89489e242d3ffff
2217,89489e242d7ffff
2218,89489e242dbffff
2219,89489e24303ffff
2220,89489e24307ffff
2221,89489e2430bffff
2222,89489e2430fffff
2223,89489e24313ffff
2224,89489e24317ffff
2225,89489e2431bffff
2226,89489e24323ffff
2227,89489e24327ffff
2228,89489e2432bffff
2229,89489e2432fffff
2230,89489e24333ffff
2231,89489e24337ffff
2232,89489e2433bffff
2233,89489e24343ffff
2234,89489e24347ffff
2235,89489e2434bffff
2236,89489e2434fffff
2237,89489e24353ffff
2238,89489e24357ffff
2239,89489e2435bffff
2240,89489e24363ffff
2241,89489e24367ffff
2242,89489e2436bffff
2243,89489e2436fffff
2244,89489e24373ffff
2245,89489e24377ffff
2246,89489e2437bffff
2247,89489e24383ffff
2248,89489e24387ffff
2249,89489e2438bffff
2250,89489e2438fffff
2251,89489e24393ffff
2252,89489e24397ffff
2253,89489e2439bffff
2254,89489e243a3ffff
2255,89489e243a7ffff
2256,89489e243abffff
2257,89489e243afffff
2258,89489e243b3ffff
2259,89489e243b7ffff
2260,89489e243bbffff
2261,89489e243c3ffff
2262,89489e243c7ffff
2263,89489e243cbffff
2264,89489e243cfffff
2265,89489e243d3ffff
2266,89489e243d7ffff
2267,89489e243dbffff
2268,89489e24403ffff
2269,89489e24407ffff
2270,89489e2440bffff
2271,89489e2440fffff
2272,89489e24413ffff
2273,89489e24417ffff
2274,89489e2441bffff
2275,89489e24423ffff
2276,89489e24427ffff
2277,89489e2442bffff
2278,89489e2442fffff
2279,89489e24433ffff
2280,89489e24437ffff
2281,89489e2443bffff
2282,89489e24443ffff
2283,89489e24447ffff
2284,89489e2444bffff
2285,89489e2444fffff
2286,89489e24453ffff
2287,89489e24457ffff
2288,89489e2445bffff
2289,89489e24463ffff
2290,89489e24467ffff
2291,89489e2446bffff
2292,89489e2446fffff
2293,89489e24473ffff
2294,89489e24477ffff
2295,89489e2447bffff
2296,89489e24483ffff
2297,89489e24487ffff
2298,89489e2448bffff
2299,89489e2448fffff
2300,89489e24493ffff
2301,89489e24497ffff
2302,89489e2449bffff
2303,89489e244a3ffff
2304,89489e244a7ffff
2305,89489e244abffff
2306,89489e244afffff
2307,89489e244b3ffff
2308,89489e244b7ffff
2309,89489e244bbffff
2310,89489e244c3ffff
2311,89489e244c7ffff
2312,89489e244cbffff
2313,89489e244cfffff
2314,89489e244d3ffff
2315,89489e244d7ffff
2316,89489e244dbffff
2317,89489e24503ffff
2318,89489e24507ffff
2319,89489e2450bffff
2320,89489e2450fffff
2321,89489e24513ffff
2322,89489e24517ffff
2323,89489e2451bffff
2324,89489e24523ffff
2325,89489e24527ffff
2326,89489e2452bffff
2327,89489e2452fffff
2328,89489e24533ffff
2329,89489e24537ffff
2330,89489e2453bffff
2331,89489e24543ffff
2332,89489e24547ffff
2333,89489e2454bffff
2334,89489e2454fffff
2335,89489e24553ffff
2336,89489e24557ffff
2337,89489e2455bffff
2338,89489e24563ffff
2339,89489e24567ffff
2340,89489e2456bffff
2341,89489e24573ffff
2342,89489e24577ffff
2343,89489e2457bffff
2344,89489e24583ffff
2345,89489e24587ffff
2346,89489e2458bffff
2347,89489e2458fffff
2348,89489e24593ffff
2349,89489e24597ffff
2350,89489e2459bffff
2351,89489e245a3ffff
2352,89489e245a7ffff
2353,89489e245abffff
2354,89489e245afffff
2355,89489e245b3ffff
2356,89489e245b7ffff
2357,89489e245bbffff
2358,89489e245c3ffff
2359,89489e245c7ffff
2360,89489e245cbffff
2361,89489e245cfffff
2362,89489e245d3ffff
2363,89489e245d7ffff
2364,89489e245dbffff
2365,89489e24603ffff
2366,89489e24607ffff
2367,89489e2460bffff
2368,89489e2460fffff
2369,89489e24613ffff
2370,89489e24617ffff
2371,89489e2461bffff
2372,89489e24623ffff
2373,89489e24627ffff
2374,89489e2462bffff
2375,89489e2462fffff
2376,89489e24633ffff
2377,89489e24637ffff
2378,89489e2463bffff
2379,89489e24643ffff
2380,89489e24647ffff
2381,89489e2464bffff
2382,89489e2464fffff
2383,89489e24653ffff
2384,89489e24657ffff
2385,89489e2465bffff
2386,89489e24663ffff
2387,89489e24667ffff
2388,89489e2466bffff
2389,89489e2466fffff
2390,89489e24673ffff
2391,89489e24677ffff
2392,89489e2467bffff
2393,89489e24683ffff
2394,89489e24687ffff
2395,89489e2468bffff
2396,89489e2468fffff
2397,89489e24693ffff
2398,89489e24697ffff
2399,89489e2469bffff
2400,89489e246a3ffff
2401,89489e246a7ffff
2402,89489e246abffff
2403,89489e246afffff
2404,89489e246b3ffff
2405,89489e246b7ffff
2406,89489e246bbffff
2407,89489e246c3ffff
2408,89489e246c7ffff
2409,89489e246cbffff
2410,89489e246cfffff
2411,89489e246d3ffff
2412,89489e246d7ffff
2413,89489e246dbffff
2414,89489e24803ffff
2415,89489e24807ffff
2416,89489e2480bffff
2417,89489e2480fffff
2418,89489e24813ffff
2419,89489e24817ffff
2420,89489e2481bffff
2421,89489e24823ffff
2422,89489e24827ffff
2423,89489e2482bffff
2424,89489e2482fffff
2425,89489e24833ffff
2426,89489e24837ffff
2427,89489e2483bffff
2428,89489e24843ffff
2429,89489e24847ffff
2430,89489e2484bffff
2431,89489e2484fffff
2432,89489e24853ffff
2433,89489e24857ffff
2434,89489e2485bffff
2435,89489e24863ffff
2436,89489e24867ffff
2437,89489e2486bffff
2438,89489e2486fffff
2439,89489e24873ffff
2440,89489e24877ffff
2441,89489e2487bffff
2442,89489e24883ffff
2443,89489e24887ffff
2444,89489e2488bffff
2445,89489e2488fffff
2446,89489e24893ffff
2447,89489e24897ffff
2448,89489e2489bffff
2449,89489e248a3ffff
2450,89489e248a7ffff
2451,89489e248abffff
2452,89489e248afffff
2453,89489e248b3ffff
2454,89489e248b7ffff
2455,89489e248bbffff
2456,89489e248c3ffff
2457,89489e248c7ffff
2458,89489e248cbffff
2459,89489e248cfffff
2460,89489e248d3ffff
2461,89489e248d7ffff
2462,89489e248dbffff
2463,89489e24953ffff
2464,89489e2495bffff
2465,89489e249c3ffff
2466,89489e249cbffff
2467,89489e249d3ffff
2468,89489e249dbffff
2469,89489e24a03ffff
2470,89489e24a07ffff
2471,89489e24a0bffff
2472,89489e24a0fffff
2473,89489e24a13ffff
2474,89489e24a17ffff
2475,89489e24a1bffff
2476,89489e24a33ffff
2477,89489e24a37ffff
2478,89489e24a3bffff
2479,89489e24a43ffff
2480,89489e24a47ffff
2481,89489e24a63ffff
2482,89489e24a67ffff
2483,89489e24a6bffff
2484,89489e24a6fffff
2485,89489e24a73ffff
2486,89489e24a77ffff
2487,89489e24a7bffff
2488,89489e24a83ffff
2489,89489e24a87ffff
2490,89489e24a8bffff
2491,89489e24a8fffff
2492,89489e24a93ffff
2493,89489e24a97ffff
2494,89489e24a9bffff
2495,89489e24aa3ffff
2496,89489e24aa7ffff
2497,89489e24aabffff
2498,89489e24aafffff
2499,89489e24ab3ffff
2500,89489e24ab7ffff
2501,89489e24abbffff
2502,89489e24ad7ffff
2503,89489e24c03ffff
2504,89489e24c07ffff
2505,89489e24c0bffff
2506,89489e24c0fffff
2507,89489e24c13ffff
2508,89489e24c17ffff
2509,89489e24c23ffff
2510,89489e24c27ffff
2511,89489e24c2bffff
2512,89489e24c2fffff
2513,89489e24c33ffff
2514,89489e24c37ffff
2515,89489e24c3bffff
2516,89489e24c63ffff
2517,89489e24c67ffff
2518,89489e24c6bffff
2519,89489e24c6fffff
2520,89489e24c73ffff
2521,89489e24c77ffff
2522,89489e24c7bffff
2523,89489e24c83ffff
2524,89489e24c87ffff
2525,89489e24c8bffff
2526,89489e24c8fffff
2527,89489e24c93ffff
2528,89489e24c97ffff
2529,89489e24ca3ffff
2530,89489e24ca7ffff
2531,89489e24cabffff
2532,89489e24cafffff
2533,89489e24cb3ffff
2534,89489e24cb7ffff
2535,89489e24cbbffff
2536,89489e24cdbffff
2537,89489e24d03ffff
2538,89489e24d0bffff
2539,89489e24d0fffff
2540,89489e24d1bffff
2541,89489e24d43ffff
2542,89489e24d47ffff
2543,89489e24d4bffff
2544,89489e24d4fffff
2545,89489e24d53ffff
2546,89489e24d57ffff
2547,89489e24d5bffff
2548,89489e24d63ffff
2549,89489e24d67ffff
2550,89489e24d6bffff
2551,89489e24d6fffff
2552,89489e24d73ffff
2553,89489e24d77ffff
2554,89489e24d7bffff
2555,89489e24d83ffff
2556,89489e24d8bffff
2557,89489e24d93ffff
2558,89489e24d97ffff
2559,89489e24d9bffff
2560,89489e24dc3ffff
2561,89489e24dc7ffff
2562,89489e24dcbffff
2563,89489e24dcfffff
2564,89489e24dd3ffff
2565,89489e24dd7ffff
2566,89489e24ddbffff
2567,89489e24e03ffff
2568,89489e24e0bffff
2569,89489e24e13ffff
2570,89489e24e17ffff
2571,89489e24e1bffff
2572,89489e24e23ffff
2573,89489e24e27ffff
2574,89489e24e2bffff
2575,89489e24e2fffff
2576,89489e24e33ffff
2577,89489e24e37ffff
2578,89489e24e3bffff
2579,89489e24e43ffff
2580,89489e24e47ffff
2581,89489e24e4bffff
2582,89489e24e4fffff
2583,89489e24e53ffff
2584,89489e24e57ffff
2585,89489e24e5bffff
2586,89489e24e63ffff
2587,89489e24e67ffff
2588,89489e24e6bffff
2589,89489e24e6fffff
2590,89489e24e77ffff
2591,89489e24e8bffff
2592,89489e24ea3ffff
2593,89489e24ea7ffff
2594,89489e24eabffff
2595,89489e24eafffff
2596,89489e24eb7ffff
2597,89489e24ebbffff
2598,89489e24ec3ffff
2599,89489e24ec7ffff
2600,89489e24ecbffff
2601,89489e24ecfffff
2602,89489e24ed3ffff
2603,89489e24ed7ffff
2604,89489e24edbffff
2605,89489e2500bffff
2606,89489e2501bffff
2607,89489e25053ffff
2608,89489e25057ffff
2609,89489e25073ffff
2610,89489e2507bffff
2611,89489e250c3ffff
2612,89489e250c7ffff
2613,89489e250cbffff
2614,89489e250cfffff
2615,89489e250d3ffff
2616,89489e250d7ffff
2617,89489e25127ffff
2618,89489e2512fffff
2619,89489e25133ffff
2620,89489e25137ffff
2621,89489e25183ffff
2622,89489e2518fffff
2623,89489e25193ffff
2624,89489e25197ffff
2625,89489e251a3ffff
2626,89489e251a7ffff
2627,89489e251abffff
2628,89489e251afffff
2629,89489e251b3ffff
2630,89489e251b7ffff
2631,89489e251bbffff
2632,89489e25307ffff
2633,89489e25313ffff
2634,89489e25333ffff
2635,89489e2538bffff
2636,89489e2538fffff
2637,89489e2539bffff
2638,89489e253abffff
2639,89489e253bbffff
2640,89489e25403ffff
2641,89489e25407ffff
2642,89489e2540bffff
2643,89489e2540fffff
2644,89489e25413ffff
2645,89489e25417ffff
2646,89489e2541bffff
2647,89489e25423ffff
2648,89489e25427ffff
2649,89489e25433ffff
2650,89489e25437ffff
2651,89489e2543bffff
2652,89489e25443ffff
2653,89489e25447ffff
2654,89489e2544fffff
2655,89489e25453ffff
2656,89489e25457ffff
2657,89489e2545bffff
2658,89489e25463ffff
2659,89489e2546fffff
2660,89489e25473ffff
2661,89489e25483ffff
2662,89489e25487ffff
2663,89489e2548bffff
2664,89489e2548fffff
2665,89489e25493ffff
2666,89489e25497ffff
2667,89489e2549bffff
2668,89489e254a3ffff
2669,89489e254a7ffff
2670,89489e254abffff
2671,89489e254afffff
2672,89489e254b3ffff
2673,89489e254b7ffff
2674,89489e254bbffff
2675,89489e254c3ffff
2676,89489e254c7ffff
2677,89489e254cbffff
2678,89489e254cfffff
2679,89489e254d3ffff
2680,89489e254d7ffff
2681,89489e254dbffff
2682,89489e25503ffff
2683,89489e25507ffff
2684,89489e2550bffff
2685,89489e2550fffff
2686,89489e25513ffff
2687,89489e25517ffff
2688,89489e2551bffff
2689,89489e25523ffff
2690,89489e25527ffff
2691,89489e2552fffff
2692,89489e25533ffff
2693,89489e25537ffff
2694,89489e2553bffff
2695,89489e25543ffff
2696,89489e25553ffff
2697,89489e25557ffff
2698,89489e25583ffff
2699,89489e25587ffff
2700,89489e2558bffff
2701,89489e2558fffff
2702,89489e25593ffff
2703,89489e25597ffff
2704,89489e2559bffff
2705,89489e255a3ffff
2706,89489e255a7ffff
2707,89489e255abffff
2708,89489e255afffff
2709,89489e255b3ffff
2710,89489e255b7ffff
2711,89489e255bbffff
2712,89489e255c3ffff
2713,89489e255c7ffff
2714,89489e255cbffff
2715,89489e255cfffff
2716,89489e255d3ffff
2717,89489e255d7ffff
2718,89489e255dbffff
2719,89489e25607ffff
2720,89489e25623ffff
2721,89489e25627ffff
2722,89489e25633ffff
2723,89489e25637ffff
2724,89489e256b7ffff
2725,89489e256d3ffff
2726,89489e25817ffff
2727,89489e25827ffff
2728,89489e25833ffff
2729,89489e25837ffff
2730,89489e25883ffff
2731,89489e25887ffff
2732,89489e2588bffff
2733,89489e2588fffff
2734,89489e25893ffff
2735,89489e25897ffff
2736,89489e2589bffff
2737,89489e258a3ffff
2738,89489e258a7ffff
2739,89489e258abffff
2740,89489e258afffff
2741,89489e258b3ffff
2742,89489e258bbffff
2743,89489e25c03ffff
2744,89489e25c07ffff
2745,89489e25c0bffff
2746,89489e25c0fffff
2747,89489e25c13ffff
2748,89489e25c17ffff
2749,89489e25c1bffff
2750,89489e25c23ffff
2751,89489e25c2bffff
2752,89489e25c2fffff
2753,89489e25c33ffff
2754,89489e25c3bffff
2755,89489e25c43ffff
2756,89489e25c47ffff
2757,89489e25c4bffff
2758,89489e25c4fffff
2759,89489e25c53ffff
2760,89489e25c57ffff
2761,89489e25c5bffff
2762,89489e25c63ffff
2763,89489e25c67ffff
2764,89489e25c6fffff
2765,89489e25c73ffff
2766,89489e25c77ffff
2767,89489e25c7bffff
2768,89489e25c83ffff
2769,89489e25c87ffff
2770,89489e25c8bffff
2771,89489e25c8fffff
2772,89489e25c93ffff
2773,89489e25c97ffff
2774,89489e25c9bffff
2775,89489e25ca3ffff
2776,89489e25ca7ffff
2777,89489e25cabffff
2778,89489e25cb3ffff
2779,89489e25cb7ffff
2780,89489e25cbbffff
2781,89489e25cc3ffff
2782,89489e25cc7ffff
2783,89489e25ccbffff
2784,89489e25ccfffff
2785,89489e25cd3ffff
2786,89489e25cd7ffff
2787,89489e25cdbffff
2788,89489e25d13ffff
2789,89489e25d5bffff
2790,89489e25d83ffff
2791,89489e25d87ffff
2792,89489e25d8bffff
2793,89489e25d8fffff
2794,89489e25d93ffff
2795,89489e25d97ffff
2796,89489e25d9bffff
2797,89489e25db3ffff
2798,89489e25dbbffff
2799,89489e25dc3ffff
2800,89489e25dd3ffff
2801,89489e25dd7ffff
2802,89489e25e83ffff
2803,89489e25e87ffff
2804,89489e25e97ffff
2805,89489e25eb3ffff
2806,89489e25eb7ffff
2807,89489e25ebbffff
2808,89489e26003ffff
2809,89489e26007ffff
2810,89489e2600bffff
2811,89489e2600fffff
2812,89489e26013ffff
2813,89489e26017ffff
2814,89489e2601bffff
2815,89489e26027ffff
2816,89489e2602bffff
2817,89489e2602fffff
2818,89489e26033ffff
2819,89489e26037ffff
2820,89489e26043ffff
2821,89489e26047ffff
2822,89489e2604bffff
2823,89489e2604fffff
2824,89489e26053ffff
2825,89489e26057ffff
2826,89489e2605bffff
2827,89489e26063ffff
2828,89489e26067ffff
2829,89489e2606bffff
2830,89489e2606fffff
2831,89489e26073ffff
2832,89489e26077ffff
2833,89489e2607bffff
2834,89489e26083ffff
2835,89489e26087ffff
2836,89489e2608bffff
2837,89489e2608fffff
2838,89489e26093ffff
2839,89489e26097ffff
2840,89489e2609bffff
2841,89489e260a3ffff
2842,89489e260a7ffff
2843,89489e260abffff
2844,89489e260afffff
2845,89489e260b3ffff
2846,89489e260b7ffff
2847,89489e260bbffff
2848,89489e260c3ffff
2849,89489e260c7ffff
2850,89489e260cbffff
2851,89489e260cfffff
2852,89489e260d3ffff
2853,89489e260d7ffff
2854,89489e260dbffff
2855,89489e2610fffff
2856,89489e26113ffff
2857,89489e26117ffff
2858,89489e2614bffff
2859,89489e26153ffff
2860,89489e2615bffff
2861,89489e26163ffff
2862,89489e2616bffff
2863,89489e2616fffff
2864,89489e26173ffff
2865,89489e26177ffff
2866,89489e26183ffff
2867,89489e26187ffff
2868,89489e2618bffff
2869,89489e2618fffff
2870,89489e26193ffff
2871,89489e26197ffff
2872,89489e2619bffff
2873,89489e261a3ffff
2874,89489e261a7ffff
2875,89489e261b3ffff
2876,89489e261b7ffff
2877,89489e261bbffff
2878,89489e261c3ffff
2879,89489e261c7ffff
2880,89489e261cbffff
2881,89489e261cfffff
2882,89489e261d3ffff
2883,89489e261d7ffff
2884,89489e261dbffff
2885,89489e26203ffff
2886,89489e26207ffff
2887,89489e2620bffff
2888,89489e2620fffff
2889,89489e26213ffff
2890,89489e26217ffff
2891,89489e2621bffff
2892,89489e26223ffff
2893,89489e26227ffff
2894,89489e2622bffff
2895,89489e2622fffff
2896,89489e26233ffff
2897,89489e26237ffff
2898,89489e2623bffff
2899,89489e26243ffff
2900,89489e26247ffff
2901,89489e2624bffff
2902,89489e2624fffff
2903,89489e26253ffff
2904,89489e26257ffff
2905,89489e2625bffff
2906,89489e26263ffff
2907,89489e26267ffff
2908,89489e2626bffff
2909,89489e2626fffff
2910,89489e26273ffff
2911,89489e26277ffff
2912,89489e2627bffff
2913,89489e26283ffff
2914,89489e26287ffff
2915,89489e2628bffff
2916,89489e2628fffff
2917,89489e26293ffff
2918,89489e26297ffff
2919,89489e2629bffff
2920,89489e262a3ffff
2921,89489e262a7ffff
2922,89489e262abffff
2923,89489e262afffff
2924,89489e262b3ffff
2925,89489e262b7ffff
2926,89489e262bbffff
2927,89489e262c3ffff
2928,89489e262c7ffff
2929,89489e262cbffff
2930,89489e262cfffff
2931,89489e262d3ffff
2932,89489e262d7ffff
2933,89489e262dbffff
2934,89489e26303ffff
2935,89489e26307ffff
2936,89489e2630bffff
2937,89489e2630fffff
2938,89489e26313ffff
2939,89489e26317ffff
2940,89489e2631bffff
2941,89489e26323ffff
2942,89489e26327ffff
2943,89489e2632bffff
2944,89489e2632fffff
2945,89489e26333ffff
2946,89489e26337ffff
2947,89489e2633bffff
2948,89489e26343ffff
2949,89489e26347ffff
2950,89489e2634bffff
2951,89489e2634fffff
2952,89489e26353ffff
2953,89489e26357ffff
2954,89489e2635bffff
2955,89489e26363ffff
2956,89489e26367ffff
2957,89489e2636bffff
2958,89489e2636fffff
2959,89489e26373ffff
2960,89489e26377ffff
2961,89489e2637bffff
2962,89489e26383ffff
2963,89489e26387ffff
2964,89489e2638bffff
2965,89489e2638fffff
2966,89489e26393ffff
2967,89489e2639bffff
2968,89489e263a3ffff
2969,89489e263a7ffff
2970,89489e263abffff
2971,89489e263afffff
2972,89489e263b3ffff
2973,89489e263b7ffff
2974,89489e263bbffff
2975,89489e263c3ffff
2976,89489e263c7ffff
2977,89489e263cbffff
2978,89489e263cfffff
2979,89489e263d3ffff
2980,89489e263d7ffff
2981,89489e263dbffff
2982,89489e26403ffff
2983,89489e26407ffff
2984,89489e2640bffff
2985,89489e2640fffff
2986,89489e26413ffff
2987,89489e26417ffff
2988,89489e2641bffff
2989,89489e26423ffff
2990,89489e26427ffff
2991,89489e2642bffff
2992,89489e2642fffff
2993,89489e26433ffff
2994,89489e26437ffff
2995,89489e2643bffff
2996,89489e26443ffff
2997,89489e26447ffff
2998,89489e2644bffff
2999,89489e2644fffff
3000,89489e26453ffff
3001,89489e26457ffff
3002,89489e2645bffff
3003,89489e26463ffff
3004,89489e26467ffff
3005,89489e2646bffff
3006,89489e2646fffff
3007,89489e26473ffff
3008,89489e26477ffff
3009,89489e2647bffff
3010,89489e26483ffff
3011,89489e26487ffff
3012,89489e2648bffff
3013,89489e2648fffff
3014,89489e26493ffff
3015,89489e26497ffff
3016,89489e2649bffff
3017,89489e264a3ffff
3018,89489e264a7ffff
3019,89489e264abffff
3020,89489e264afffff
3021,89489e264b3ffff
3022,89489e264b7ffff
3023,89489e264bbffff
3024,89489e264c3ffff
3025,89489e264c7ffff
3026,89489e264cbffff
3027,89489e264cfffff
3028,89489e264d3ffff
3029,89489e264d7ffff
3030,89489e264dbffff
3031,89489e26503ffff
3032,89489e26507ffff
3033,89489e2650bffff
3034,89489e2650fffff
3035,89489e26513ffff
3036,89489e26517ffff
3037,89489e2651bffff
3038,89489e26523ffff
3039,89489e26527ffff
3040,89489e2652bffff
3041,89489e2652fffff
3042,89489e26533ffff
3043,89489e26537ffff
3044,89489e2653bffff
3045,89489e26543ffff
3046,89489e26547ffff
3047,89489e2654bffff
3048,89489e2654fffff
3049,89489e26553ffff
3050,89489e26557ffff
3051,89489e2655bffff
3052,89489e26563ffff
3053,89489e26567ffff
3054,89489e2656bffff
3055,89489e2656fffff
3056,89489e26573ffff
3057,89489e26577ffff
3058,89489e2657bffff
3059,89489e26583ffff
3060,89489e26587ffff
3061,89489e2658bffff
3062,89489e2658fffff
3063,89489e2659bffff
3064,89489e265a3ffff
3065,89489e265a7ffff
3066,89489e265abffff
3067,89489e265afffff
3068,89489e265b3ffff
3069,89489e265b7ffff
3070,89489e265c3ffff
3071,89489e265c7ffff
3072,89489e265cbffff
3073,89489e265cfffff
3074,89489e265d3ffff
3075,89489e265d7ffff
3076,89489e265dbffff
3077,89489e26603ffff
3078,89489e26607ffff
3079,89489e2660bffff
3080,89489e2660fffff
3081,89489e26613ffff
3082,89489e26617ffff
3083,89489e2661bffff
3084,89489e26623ffff
3085,89489e26627ffff
3086,89489e2662bffff
3087,89489e2662fffff
3088,89489e26633ffff
3089,89489e26637ffff
3090,89489e2663bffff
3091,89489e26643ffff
3092,89489e26647ffff
3093,89489e2664bffff
3094,89489e2664fffff
3095,89489e26653ffff
3096,89489e26657ffff
3097,89489e2665bffff
3098,89489e26663ffff
3099,89489e26667ffff
3100,89489e2666bffff
3101,89489e2666fffff
3102,89489e26673ffff
3103,89489e26677ffff
3104,89489e2667bffff
3105,89489e26683ffff
3106,89489e26687ffff
3107,89489e2668bffff
3108,89489e2668fffff
3109,89489e26693ffff
3110,89489e26697ffff
3111,89489e2669bffff
3112,89489e266a3ffff
3113,89489e266a7ffff
3114,89489e266abffff
3115,89489e266afffff
3116,89489e266b3ffff
3117,89489e266b7ffff
3118,89489e266bbffff
3119,89489e266c3ffff
3120,89489e266c7ffff
3121,89489e266cbffff
3122,89489e266cfffff
3123,89489e266d3ffff
3124,89489e266d7ffff
3125,89489e266dbffff
3126,89489e26803ffff
3127,89489e26807ffff
3128,89489e2680bffff
3129,89489e2680fffff
3130,89489e26813ffff
3131,89489e26817ffff
3132,89489e2681bffff
3133,89489e26823ffff
3134,89489e26827ffff
3135,89489e2682bffff
3136,89489e2682fffff
3137,89489e26833ffff
3138,89489e26837ffff
3139,89489e2683bffff
3140,89489e26843ffff
3141,89489e26847ffff
3142,89489e2684bffff
3143,89489e2684fffff
3144,89489e26853ffff
3145,89489e26857ffff
3146,89489e2685bffff
3147,89489e26863ffff
3148,89489e26867ffff
3149,89489e2686bffff
3150,89489e2686fffff
3151,89489e26873ffff
3152,89489e26877ffff
3153,89489e2687bffff
3154,89489e26883ffff
3155,89489e26887ffff
3156,89489e2688bffff
3157,89489e2688fffff
3158,89489e26893ffff
3159,89489e26897ffff
3160,89489e2689bffff
3161,89489e268a3ffff
3162,89489e268a7ffff
3163,89489e268abffff
3164,89489e268afffff
3165,89489e268b3ffff
3166,89489e268b7ffff
3167,89489e268bbffff
3168,89489e268c3ffff
3169,89489e268c7ffff
3170,89489e268cbffff
3171,89489e268cfffff
3172,89489e268d3ffff
3173,89489e268d7ffff
3174,89489e268dbffff
3175,89489e26903ffff
3176,89489e26917ffff
3177,89489e26923ffff
3178,89489e26933ffff
3179,89489e26937ffff
3180,89489e26943ffff
3181,89489e26947ffff
3182,89489e2694bffff
3183,89489e2694fffff
3184,89489e2695bffff
3185,89489e26983ffff
3186,89489e26987ffff
3187,89489e2698bffff
3188,89489e26997ffff
3189,89489e269abffff
3190,89489e269afffff
3191,89489e269b3ffff
3192,89489e269c7ffff
3193,89489e269d3ffff
3194,89489e269d7ffff
3195,89489e269dbffff
3196,89489e26a03ffff
3197,89489e26a07ffff
3198,89489e26a0bffff
3199,89489e26a0fffff
3200,89489e26a13ffff
3201,89489e26a17ffff
3202,89489e26a1bffff
3203,89489e26a23ffff
3204,89489e26a27ffff
3205,89489e26a2bffff
3206,89489e26a2fffff
3207,89489e26a33ffff
3208,89489e26a37ffff
3209,89489e26a3bffff
3210,89489e26a43ffff
3211,89489e26a47ffff
3212,89489e26a4bffff
3213,89489e26a4fffff
3214,89489e26a53ffff
3215,89489e26a57ffff
3216,89489e26a5bffff
3217,89489e26a73ffff
3218,89489e26a77ffff
3219,89489e26a7bffff
3220,89489e26a83ffff
3221,89489e26a87ffff
3222,89489e26a8bffff
3223,89489e26a8fffff
3224,89489e26a93ffff
3225,89489e26a97ffff
3226,89489e26a9bffff
3227,89489e26aa3ffff
3228,89489e26aa7ffff
3229,89489e26aabffff
3230,89489e26aafffff
3231,89489e26ab3ffff
3232,89489e26ab7ffff
3233,89489e26abbffff
3234,89489e26ac3ffff
3235,89489e26ac7ffff
3236,89489e26acbffff
3237,89489e26acfffff
3238,89489e26ad3ffff
3239,89489e26ad7ffff
3240,89489e26adbffff
3241,89489e26b03ffff
3242,89489e26b07ffff
3243,89489e26b0bffff
3244,89489e26b0fffff
3245,89489e26b13ffff
3246,89489e26b17ffff
3247,89489e26b1bffff
3248,89489e26b2bffff
3249,89489e26b43ffff
3250,89489e26b47ffff
3251,89489e26b4bffff
3252,89489e26b4fffff
3253,89489e26b53ffff
3254,89489e26b57ffff
3255,89489e26b5bffff
3256,89489e26b63ffff
3257,89489e26b67ffff
3258,89489e26b6bffff
3259,89489e26b6fffff
3260,89489e26b73ffff
3261,89489e26b77ffff
3262,89489e26b7bffff
3263,89489e26b83ffff
3264,89489e26b87ffff
3265,89489e26b8bffff
3266,89489e26b8fffff
3267,89489e26b93ffff
3268,89489e26b97ffff
3269,89489e26b9bffff
3270,89489e26ba3ffff
3271,89489e26babffff
3272,89489e26bb3ffff
3273,89489e26bbbffff
3274,89489e26bc3ffff
3275,89489e26bc7ffff
3276,89489e26bcbffff
3277,89489e26bcfffff
3278,89489e26bd3ffff
3279,89489e26bd7ffff
3280,89489e26bdbffff
3281,89489e26c03ffff
3282,89489e26c07ffff
3283,89489e26c0bffff
3284,89489e26c0fffff
3285,89489e26c13ffff
3286,89489e26c17ffff
3287,89489e26c23ffff
3288,89489e26c27ffff
3289,89489e26c2bffff
3290,89489e26c2fffff
3291,89489e26c33ffff
3292,89489e26c37ffff
3293,89489e26c3bffff
3294,89489e26c47ffff
3295,89489e26c63ffff
3296,89489e26c67ffff
3297,89489e26c6bffff
3298,89489e26c6fffff
3299,89489e26c73ffff
3300,89489e26c77ffff
3301,89489e26c83ffff
3302,89489e26c87ffff
3303,89489e26c8bffff
3304,89489e26c8fffff
3305,89489e26c93ffff
3306,89489e26c97ffff
3307,89489e26c9bffff
3308,89489e26ca3ffff
3309,89489e26ca7ffff
3310,89489e26cabffff
3311,89489e26cafffff
3312,89489e26cb3ffff
3313,89489e26cb7ffff
3314,89489e26cbbffff
3315,89489e26cc3ffff
3316,89489e26cd3ffff
3317,89489e26cd7ffff
3318,89489e26d03ffff
3319,89489e26d07ffff
3320,89489e26d0bffff
3321,89489e26d0fffff
3322,89489e26d13ffff
3323,89489e26d17ffff
3324,89489e26d1bffff
3325,89489e26d2bffff
3326,89489e26d33ffff
3327,89489e26d37ffff
3328,89489e26d3bffff
3329,89489e26d43ffff
3330,89489e26d47ffff
3331,89489e26d4bffff
3332,89489e26d4fffff
3333,89489e26d53ffff
3334,89489e26d57ffff
3335,89489e26d5bffff
3336,89489e26d63ffff
3337,89489e26d67ffff
3338,89489e26d6bffff
3339,89489e26d6fffff
3340,89489e26d73ffff
3341,89489e26d77ffff
3342,89489e26d7bffff
3343,89489e26d83ffff
3344,89489e26d87ffff
3345,89489e26d8bffff
3346,89489e26d8fffff
3347,89489e26d93ffff
3348,89489e26d97ffff
3349,89489e26d9bffff
3350,89489e26da3ffff
3351,89489e26da7ffff
3352,89489e26dabffff
3353,89489e26dafffff
3354,89489e26db3ffff
3355,89489e26db7ffff
3356,89489e26dbbffff
3357,89489e26dc3ffff
3358,89489e26dc7ffff
3359,89489e26dcbffff
3360,89489e26dcfffff
3361,89489e26dd3ffff
3362,89489e26dd7ffff
3363,89489e26ddbffff
3364,89489e26e03ffff
3365,89489e26e07ffff
3366,89489e26e0bffff
3367,89489e26e0fffff
3368,89489e26e13ffff
3369,89489e26e17ffff
3370,89489e26e1bffff
3371,89489e26e23ffff
3372,89489e26e27ffff
3373,89489e26e2bffff
3374,89489e26e2fffff
3375,89489e26e33ffff
3376,89489e26e37ffff
3377,89489e26e3bffff
3378,89489e26e43ffff
3379,89489e26e47ffff
3380,89489e26e4bffff
3381,89489e26e4fffff
3382,89489e26e53ffff
3383,89489e26e57ffff
3384,89489e26e5bffff
3385,89489e26e63ffff
3386,89489e26e67ffff
3387,89489e26e6bffff
3388,89489e26e6fffff
3389,89489e26e73ffff
3390,89489e26e77ffff
3391,89489e26e7bffff
3392,89489e26e8bffff
3393,89489e26ea3ffff
3394,89489e26ea7ffff
3395,89489e26eabffff
3396,89489e26eafffff
3397,89489e26eb7ffff
3398,89489e26ec3ffff
3399,89489e26ec7ffff
3400,89489e26ecbffff
3401,89489e26ecfffff
3402,89489e26ed3ffff
3403,89489e26ed7ffff
3404,89489e26edbffff
3405,89489e27003ffff
3406,89489e27007ffff
3407,89489e2700bffff
3408,89489e2700fffff
3409,89489e27013ffff
3410,89489e27017ffff
3411,89489e2701bffff
3412,89489e27023ffff
3413,89489e27027ffff
3414,89489e2702bffff
3415,89489e2702fffff
3416,89489e27033ffff
3417,89489e27037ffff
3418,89489e2703bffff
3419,89489e27043ffff
3420,89489e27047ffff
3421,89489e2704bffff
3422,89489e2704fffff
3423,89489e27053ffff
3424,89489e27057ffff
3425,89489e2705bffff
3426,89489e27063ffff
3427,89489e27067ffff
3428,89489e2706bffff
3429,89489e2706fffff
3430,89489e27073ffff
3431,89489e27077ffff
3432,89489e2707bffff
3433,89489e27083ffff
3434,89489e27087ffff
3435,89489e2708bffff
3436,89489e2708fffff
3437,89489e27093ffff
3438,89489e27097ffff
3439,89489e2709bffff
3440,89489e270a3ffff
3441,89489e270a7ffff
3442,89489e270abffff
3443,89489e270afffff
3444,89489e270b3ffff
3445,89489e270b7ffff
3446,89489e270bbffff
3447,89489e270c3ffff
3448,89489e270c7ffff
3449,89489e270cbffff
3450,89489e270cfffff
3451,89489e270d3ffff
3452,89489e270d7ffff
3453,89489e270dbffff
3454,89489e27103ffff
3455,89489e27107ffff
3456,89489e2710bffff
3457,89489e2710fffff
3458,89489e27113ffff
3459,89489e27117ffff
3460,89489e2711bffff
3461,89489e27123ffff
3462,89489e27127ffff
3463,89489e2712bffff
3464,89489e2712fffff
3465,89489e27133ffff
3466,89489e27137ffff
3467,89489e2713bffff
3468,89489e27143ffff
3469,89489e27147ffff
3470,89489e2714bffff
3471,89489e2714fffff
3472,89489e27153ffff
3473,89489e27157ffff
3474,89489e2715bffff
3475,89489e27163ffff
3476,89489e27167ffff
3477,89489e2716bffff
3478,89489e2716fffff
3479,89489e27173ffff
3480,89489e27177ffff
3481,89489e2717bffff
3482,89489e27183ffff
3483,89489e27187ffff
3484,89489e2718bffff
3485,89489e2718fffff
3486,89489e27193ffff
3487,89489e27197ffff
3488,89489e2719bffff
3489,89489e271a3ffff
3490,89489e271a7ffff
3491,89489e271abffff
3492,89489e271afffff
3493,89489e271b3ffff
3494,89489e271b7ffff
3495,89489e271bbffff
3496,89489e271c3ffff
3497,89489e271c7ffff
3498,89489e271cbffff
3499,89489e271cfffff
3500,89489e271d3ffff
3501,89489e271d7ffff
3502,89489e271dbffff
3503,89489e27203ffff
3504,89489e27207ffff
3505,89489e2720bffff
3506,89489e2720fffff
3507,89489e27213ffff
3508,89489e27217ffff
3509,89489e2721bffff
3510,89489e27223ffff
3511,89489e27227ffff
3512,89489e2722bffff
3513,89489e2722fffff
3514,89489e27233ffff
3515,89489e27237ffff
3516,89489e2723bffff
3517,89489e27243ffff
3518,89489e27247ffff
3519,89489e2724bffff
3520,89489e2724fffff
3521,89489e27253ffff
3522,89489e27257ffff
3523,89489e2725bffff
3524,89489e27263ffff
3525,89489e27267ffff
3526,89489e2726bffff
3527,89489e2726fffff
3528,89489e27273ffff
3529,89489e27277ffff
3530,89489e2727bffff
3531,89489e27283ffff
3532,89489e27287ffff
3533,89489e2728bffff
3534,89489e2728fffff
3535,89489e27293ffff
3536,89489e27297ffff
3537,89489e2729bffff
3538,89489e272a3ffff
3539,89489e272a7ffff
3540,89489e272abffff
3541,89489e272afffff
3542,89489e272b3ffff
3543,89489e272b7ffff
3544,89489e272bbffff
3545,89489e272c3ffff
3546,89489e272c7ffff
3547,89489e272cbffff
3548,89489e272cfffff
3549,89489e272d3ffff
3550,89489e272d7ffff
3551,89489e272dbffff
3552,89489e27303ffff
3553,89489e27307ffff
3554,89489e2730bffff
3555,89489e2730fffff
3556,89489e27313ffff
3557,89489e27317ffff
3558,89489e2731bffff
3559,89489e27323ffff
3560,89489e27327ffff
3561,89489e2732bffff
3562,89489e2732fffff
3563,89489e27333ffff
3564,89489e27337ffff
3565,89489e2733bffff
3566,89489e27343ffff
3567,89489e27347ffff
3568,89489e2734bffff
3569,89489e2734fffff
3570,89489e27353ffff
3571,89489e27357ffff
3572,89489e2735bffff
3573,89489e27363ffff
3574,89489e27367ffff
3575,89489e2736bffff
3576,89489e2736fffff
3577,89489e27373ffff
3578,89489e27377ffff
3579,89489e2737bffff
3580,89489e27383ffff
3581,89489e27387ffff
3582,89489e2738bffff
3583,89489e2738fffff
3584,89489e27393ffff
3585,89489e27397ffff
3586,89489e2739bffff
3587,89489e273a3ffff
3588,89489e273a7ffff
3589,89489e273abffff
3590,89489e273afffff
3591,89489e273b3ffff
3592,89489e273b7ffff
3593,89489e273bbffff
3594,89489e273c3ffff
3595,89489e273c7ffff
3596,89489e273cbffff
3597,89489e273cfffff
3598,89489e273d3ffff
3599,89489e273d7ffff
3600,89489e273dbffff
3601,89489e27403ffff
3602,89489e27407ffff
3603,89489e2740bffff
3604,89489e2740fffff
3605,89489e27413ffff
3606,89489e27417ffff
3607,89489e2741bffff
3608,89489e27423ffff
3609,89489e27427ffff
3610,89489e2742bffff
3611,89489e2742fffff
3612,89489e27433ffff
3613,89489e27437ffff
3614,89489e2743bffff
3615,89489e27443ffff
3616,89489e27447ffff
3617,89489e2744bffff
3618,89489e2744fffff
3619,89489e27453ffff
3620,89489e27457ffff
3621,89489e2745bffff
3622,89489e27463ffff
3623,89489e27467ffff
3624,89489e2746bffff
3625,89489e2746fffff
3626,89489e27473ffff
3627,89489e27477ffff
3628,89489e2747bffff
3629,89489e27483ffff
3630,89489e27487ffff
3631,89489e2748bffff
3632,89489e2748fffff
3633,89489e27493ffff
3634,89489e27497ffff
3635,89489e2749bffff
3636,89489e274a3ffff
3637,89489e274a7ffff
3638,89489e274abffff
3639,89489e274afffff
3640,89489e274b3ffff
3641,89489e274b7ffff
3642,89489e274bbffff
3643,89489e274c3ffff
3644,89489e274c7ffff
3645,89489e274cbffff
3646,89489e274cfffff
3647,89489e274d3ffff
3648,89489e274d7ffff
3649,89489e274dbffff
3650,89489e27503ffff
3651,89489e27507ffff
3652,89489e2750bffff
3653,89489e2750fffff
3654,89489e27513ffff
3655,89489e27517ffff
3656,89489e2751bffff
3657,89489e27523ffff
3658,89489e27527ffff
3659,89489e2752bffff
3660,89489e2752fffff
3661,89489e27533ffff
3662,89489e27537ffff
3663,89489e2753bffff
3664,89489e27543ffff
3665,89489e27547ffff
3666,89489e2754bffff
3667,89489e2754fffff
3668,89489e27553ffff
3669,89489e27557ffff
3670,89489e2755bffff
3671,89489e27563ffff
3672,89489e27567ffff
3673,89489e2756bffff
3674,89489e2756fffff
3675,89489e27573ffff
3676,89489e27577ffff
3677,89489e2757bffff
3678,89489e27583ffff
3679,89489e27587ffff
3680,89489e2758bffff
3681,89489e2758fffff
3682,89489e27593ffff
3683,89489e27597ffff
3684,89489e2759bffff
3685,89489e275a3ffff
3686,89489e275a7ffff
3687,89489e275abffff
3688,89489e275afffff
3689,89489e275b3ffff
3690,89489e275b7ffff
3691,89489e275bbffff
3692,89489e275c3ffff
3693,89489e275c7ffff
3694,89489e275cbffff
3695,89489e275cfffff
3696,89489e275d3ffff
3697,89489e275d7ffff
3698,89489e275dbffff
3699,89489e27603ffff
3700,89489e27607ffff
3701,89489e2760bffff
3702,89489e2760fffff
3703,89489e27613ffff
3704,89489e27617ffff
3705,89489e2761bffff
3706,89489e27623ffff
3707,89489e27627ffff
3708,89489e2762bffff
3709,89489e2762fffff
3710,89489e27633ffff
3711,89489e27637ffff
3712,89489e2763bffff
3713,89489e27643ffff
3714,89489e27647ffff
3715,89489e2764bffff
3716,89489e2764fffff
3717,89489e27653ffff
3718,89489e27657ffff
3719,89489e2765bffff
3720,89489e27663ffff
3721,89489e27667ffff
3722,89489e2766bffff
3723,89489e2766fffff
3724,89489e27673ffff
3725,89489e27677ffff
3726,89489e2767bffff
3727,89489e27683ffff
3728,89489e27687ffff
3729,89489e2768bffff
3730,89489e2768fffff
3731,89489e27693ffff
3732,89489e27697ffff
3733,89489e2769bffff
3734,89489e276a3ffff
3735,89489e276a7ffff
3736,89489e276abffff
3737,89489e276afffff
3738,89489e276b3ffff
3739,89489e276b7ffff
3740,89489e276bbffff
3741,89489e276c3ffff
3742,89489e276c7ffff
3743,89489e276cbffff
3744,89489e276cfffff
3745,89489e276d3ffff
3746,89489e276d7ffff
3747,89489e276dbffff
3748,89489e30003ffff
3749,89489e30007ffff
3750,89489e3000bffff
3751,89489e3000fffff
3752,89489e30013ffff
3753,89489e30017ffff
3754,89489e3001bffff
3755,89489e30023ffff
3756,89489e30033ffff
3757,89489e30037ffff
3758,89489e3003bffff
3759,89489e30057ffff
3760,89489e30083ffff
3761,89489e30087ffff
3762,89489e3008bffff
3763,89489e3008fffff
3764,89489e30093ffff
3765,89489e3009bffff
3766,89489e300a3ffff
3767,89489e300a7ffff
3768,89489e300abffff
3769,89489e300afffff
3770,89489e300b3ffff
3771,89489e300bbffff
3772,89489e300c7ffff
3773,89489e300cfffff
3774,89489e300d3ffff
3775,89489e300d7ffff
3776,89489e30103ffff
3777,89489e30107ffff
3778,89489e3010bffff
3779,89489e3010fffff
3780,89489e30117ffff
3781,89489e30123ffff
3782,89489e3012bffff
3783,89489e30133ffff
3784,89489e30137ffff
3785,89489e3013bffff
3786,89489e3014fffff
3787,89489e30163ffff
3788,89489e30167ffff
3789,89489e3016bffff
3790,89489e3016fffff
3791,89489e30173ffff
3792,89489e30177ffff
3793,89489e3017bffff
3794,89489e30187ffff
3795,89489e301a3ffff
3796,89489e301a7ffff
3797,89489e301abffff
3798,89489e301afffff
3799,89489e301b3ffff
3800,89489e301b7ffff
3801,89489e301bbffff
3802,89489e301d7ffff
3803,89489e301dbffff
3804,89489e30223ffff
3805,89489e30227ffff
3806,89489e3022fffff
3807,89489e30237ffff
3808,89489e30303ffff
3809,89489e30307ffff
3810,89489e3030fffff
3811,89489e30313ffff
3812,89489e30317ffff
3813,89489e30323ffff
3814,89489e30327ffff
3815,89489e3032bffff
3816,89489e3032fffff
3817,89489e30333ffff
3818,89489e30337ffff
3819,89489e3033bffff
3820,89489e30347ffff
3821,89489e3034bffff
3822,89489e3034fffff
3823,89489e30353ffff
3824,89489e3035bffff
3825,89489e30363ffff
3826,89489e30367ffff
3827,89489e3036bffff
3828,89489e3036fffff
3829,89489e30373ffff
3830,89489e30377ffff
3831,89489e3037bffff
3832,89489e3038fffff
3833,89489e303a3ffff
3834,89489e303a7ffff
3835,89489e303abffff
3836,89489e303afffff
3837,89489e303b7ffff
3838,89489e303bbffff
3839,89489e30403ffff
3840,89489e30407ffff
3841,89489e30413ffff
3842,89489e30417ffff
3843,89489e3041bffff
3844,89489e30423ffff
3845,89489e30433ffff
3846,89489e30437ffff
3847,89489e30443ffff
3848,89489e30447ffff
3849,89489e3044fffff
3850,89489e3046bffff
3851,89489e3046fffff
3852,89489e3047bffff
3853,89489e30483ffff
3854,89489e30493ffff
3855,89489e30497ffff
3856,89489e3049bffff
3857,89489e304a3ffff
3858,89489e304abffff
3859,89489e304afffff
3860,89489e304c7ffff
3861,89489e304cfffff
3862,89489e30513ffff
3863,89489e30527ffff
3864,89489e3054bffff
3865,89489e3054fffff
3866,89489e30557ffff
3867,89489e3056fffff
3868,89489e30583ffff
3869,89489e30587ffff
3870,89489e3058bffff
3871,89489e30593ffff
3872,89489e30597ffff
3873,89489e3059bffff
3874,89489e305b3ffff
3875,89489e305b7ffff
3876,89489e305c3ffff
3877,89489e305c7ffff
3878,89489e305cbffff
3879,89489e305cfffff
3880,89489e305d7ffff
3881,89489e30603ffff
3882,89489e3060bffff
3883,89489e3060fffff
3884,89489e3061bffff
3885,89489e30643ffff
3886,89489e30647ffff
3887,89489e3064bffff
3888,89489e3064fffff
3889,89489e30653ffff
3890,89489e30657ffff
3891,89489e3065bffff
3892,89489e306a3ffff
3893,89489e306a7ffff
3894,89489e306b7ffff
3895,89489e306c3ffff
3896,89489e306c7ffff
3897,89489e306cbffff
3898,89489e306cfffff
3899,89489e306d3ffff
3900,89489e306d7ffff
3901,89489e3080fffff
3902,89489e30813ffff
3903,89489e30817ffff
3904,89489e30863ffff
3905,89489e3086bffff
3906,89489e30883ffff
3907,89489e30887ffff
3908,89489e3088bffff
3909,89489e3088fffff
3910,89489e30893ffff
3911,89489e30897ffff
3912,89489e3089bffff
3913,89489e308a3ffff
3914,89489e308a7ffff
3915,89489e308b3ffff
3916,89489e308b7ffff
3917,89489e308bbffff
3918,89489e308d3ffff
3919,89489e308d7ffff
3920,89489e30907ffff
3921,89489e30913ffff
3922,89489e30917ffff
3923,89489e30923ffff
3924,89489e30927ffff
3925,89489e3092bffff
3926,89489e3092fffff
3927,89489e30933ffff
3928,89489e30937ffff
3929,89489e3093bffff
3930,89489e30967ffff
3931,89489e30983ffff
3932,89489e30987ffff
3933,89489e3098bffff
3934,89489e3098fffff
3935,89489e30993ffff
3936,89489e30997ffff
3937,89489e3099bffff
3938,89489e309a3ffff
3939,89489e309a7ffff
3940,89489e309abffff
3941,89489e309afffff
3942,89489e309b3ffff
3943,89489e309b7ffff
3944,89489e309bbffff
3945,89489e309c3ffff
3946,89489e309d3ffff
3947,89489e309d7ffff
3948,89489e30a77ffff
3949,89489e30aa7ffff
3950,89489e30aafffff
3951,89489e30c03ffff
3952,89489e30c07ffff
3953,89489e30c0bffff
3954,89489e30c0fffff
3955,89489e30c13ffff
3956,89489e30c17ffff
3957,89489e30c1bffff
3958,89489e30c23ffff
3959,89489e30c27ffff
3960,89489e30c2bffff
3961,89489e30c2fffff
3962,89489e30c33ffff
3963,89489e30c37ffff
3964,89489e30c3bffff
3965,89489e30c43ffff
3966,89489e30c47ffff
3967,89489e30c4bffff
3968,89489e30c4fffff
3969,89489e30c53ffff
3970,89489e30c57ffff
3971,89489e30c63ffff
3972,89489e30c67ffff
3973,89489e30c6bffff
3974,89489e30c6fffff
3975,89489e30c73ffff
3976,89489e30c77ffff
3977,89489e30c7bffff
3978,89489e30c83ffff
3979,89489e30c87ffff
3980,89489e30c8bffff
3981,89489e30c8fffff
3982,89489e30c93ffff
3983,89489e30c97ffff
3984,89489e30c9bffff
3985,89489e30ca3ffff
3986,89489e30ca7ffff
3987,89489e30cabffff
3988,89489e30cafffff
3989,89489e30cb3ffff
3990,89489e30cb7ffff
3991,89489e30cbbffff
3992,89489e30cc3ffff
3993,89489e30cc7ffff
3994,89489e30ccbffff
3995,89489e30ccfffff
3996,89489e30cd3ffff
3997,89489e30cd7ffff
3998,89489e30cdbffff
3999,89489e30d03ffff
4000,89489e30d07ffff
4001,89489e30d0bffff
4002,89489e30d0fffff
4003,89489e30d13ffff
4004,89489e30d17ffff
4005,89489e30d1bffff
4006,89489e30d23ffff
4007,89489e30d27ffff
4008,89489e30d2bffff
4009,89489e30d2fffff
4010,89489e30d33ffff
4011,89489e30d37ffff
4012,89489e30d3bffff
4013,89489e30d43ffff
4014,89489e30d47ffff
4015,89489e30d4bffff
4016,89489e30d4fffff
4017,89489e30d53ffff
4018,89489e30d57ffff
4019,89489e30d5bffff
4020,89489e30d63ffff
4021,89489e30d67ffff
4022,89489e30d6bffff
4023,89489e30d6fffff
4024,89489e30d73ffff
4025,89489e30d77ffff
4026,89489e30d7bffff
4027,89489e30d83ffff
4028,89489e30d87ffff
4029,89489e30d8bffff
4030,89489e30d8fffff
4031,89489e30d93ffff
4032,89489e30d97ffff
4033,89489e30d9bffff
4034,89489e30da3ffff
4035,89489e30da7ffff
4036,89489e30dabffff
4037,89489e30dafffff
4038,89489e30db3ffff
4039,89489e30db7ffff
4040,89489e30dbbffff
4041,89489e30dc3ffff
4042,89489e30dc7ffff
4043,89489e30dcbffff
4044,89489e30dcfffff
4045,89489e30dd3ffff
4046,89489e30dd7ffff
4047,89489e30ddbffff
4048,89489e30e13ffff
4049,89489e30e53ffff
4050,89489e30e5bffff
4051,89489e30e83ffff
4052,89489e30e87ffff
4053,89489e30e8bffff
4054,89489e30e8fffff
4055,89489e30e93ffff
4056,89489e30e97ffff
4057,89489e30e9bffff
4058,89489e30ea3ffff
4059,89489e30ea7ffff
4060,89489e30eb3ffff
4061,89489e30eb7ffff
4062,89489e30ebbffff
4063,89489e30ec3ffff
4064,89489e30ec7ffff
4065,89489e30ecbffff
4066,89489e30ecfffff
4067,89489e30ed3ffff
4068,89489e30ed7ffff
4069,89489e30edbffff
4070,89489e314a7ffff
4071,89489e314afffff
4072,89489e314b7ffff
4073,89489e31513ffff
4074,89489e31583ffff
4075,89489e31587ffff
4076,89489e3158bffff
4077,89489e3158fffff
4078,89489e31593ffff
4079,89489e31597ffff
4080,89489e3159bffff
4081,89489e315b3ffff
4082,89489e315b7ffff
4083,89489e315c3ffff
4084,89489e315d3ffff
4085,89489e315d7ffff
4086,89489e315dbffff
4087,89489e31c03ffff
4088,89489e31c17ffff
4089,89489e31c83ffff
4090,89489e31c87ffff
4091,89489e31c8fffff
4092,89489e31c97ffff
4093,89489e31ca3ffff
4094,89489e31ca7ffff
4095,89489e31cb3ffff
4096,89489e31cb7ffff
4097,89489e31cbbffff
4098,89489e31d83ffff
4099,89489e31d93ffff
4100,89489e31d97ffff
4101,89489e31d9bffff
4102,89489e31dd3ffff
4103,89489e32223ffff
4104,89489e32227ffff
4105,89489e3222bffff
4106,89489e3222fffff
4107,89489e32233ffff
4108,89489e32237ffff
4109,89489e3226fffff
4110,89489e322a3ffff
4111,89489e322a7ffff
4112,89489e322b3ffff
4113,89489e322b7ffff
4114,89489e32303ffff
4115,89489e3230bffff
4116,89489e3230fffff
4117,89489e32313ffff
4118,89489e3231bffff
4119,89489e32343ffff
4120,89489e32347ffff
4121,89489e3234bffff
4122,89489e3234fffff
4123,89489e32353ffff
4124,89489e32357ffff
4125,89489e3235bffff
4126,89489e32367ffff
4127,89489e3236fffff
4128,89489e32373ffff
4129,89489e3238bffff
4130,89489e323c3ffff
4131,89489e323c7ffff
4132,89489e323cbffff
4133,89489e323cfffff
4134,89489e323d3ffff
4135,89489e323d7ffff
4136,89489e323dbffff
4137,89489e3282bffff
4138,89489e3282fffff
4139,89489e32847ffff
4140,89489e3284fffff
4141,89489e3286bffff
4142,89489e3286fffff
4143,89489e3287bffff
4144,89489e32903ffff
4145,89489e32907ffff
4146,89489e32913ffff
4147,89489e32917ffff
4148,89489e3291bffff
4149,89489e32923ffff
4150,89489e32927ffff
4151,89489e3292bffff
4152,89489e3292fffff
4153,89489e32933ffff
4154,89489e32937ffff
4155,89489e32963ffff
4156,89489e3296bffff
4157,89489e3296fffff
4158,89489e329a3ffff
4159,89489e329a7ffff
4160,89489e329afffff
4161,89489e329b3ffff
4162,89489e329b7ffff
4163,89489e32a03ffff
4164,89489e32a07ffff
4165,89489e32a0bffff
4166,89489e32a0fffff
4167,89489e32a13ffff
4168,89489e32a17ffff
4169,89489e32a1bffff
4170,89489e32a23ffff
4171,89489e32a27ffff
4172,89489e32a2bffff
4173,89489e32a2fffff
4174,89489e32a33ffff
4175,89489e32a37ffff
4176,89489e32a3bffff
4177,89489e32a43ffff
4178,89489e32a47ffff
4179,89489e32a4bffff
4180,89489e32a4fffff
4181,89489e32a53ffff
4182,89489e32a57ffff
4183,89489e32a5bffff
4184,89489e32a63ffff
4185,89489e32a67ffff
4186,89489e32a6bffff
4187,89489e32a6fffff
4188,89489e32a73ffff
4189,89489e32a77ffff
4190,89489e32a7bffff
4191,89489e32a87ffff
4192,89489e32a8bffff
4193,89489e32a8fffff
4194,89489e32a93ffff
4195,89489e32aa3ffff
4196,89489e32aa7ffff
4197,89489e32aabffff
4198,89489e32aafffff
4199,89489e32ab3ffff
4200,89489e32ab7ffff
4201,89489e32abbffff
4202,89489e32ac3ffff
4203,89489e32ac7ffff
4204,89489e32acbffff
4205,89489e32acfffff
4206,89489e32ad3ffff
4207,89489e32ad7ffff
4208,89489e32b03ffff
4209,89489e32b07ffff
4210,89489e32b0bffff
4211,89489e32b0fffff
4212,89489e32b13ffff
4213,89489e32b17ffff
4214,89489e32b1bffff
4215,89489e32b23ffff
4216,89489e32b27ffff
4217,89489e32b2bffff
4218,89489e32b2fffff
4219,89489e32b33ffff
4220,89489e32b37ffff
4221,89489e32b3bffff
4222,89489e32b43ffff
4223,89489e32b47ffff
4224,89489e32b4bffff
4225,89489e32b4fffff
4226,89489e32b53ffff
4227,89489e32b57ffff
4228,89489e32b5bffff
4229,89489e32b63ffff
4230,89489e32b67ffff
4231,89489e32b6bffff
4232,89489e32b6fffff
4233,89489e32b73ffff
4234,89489e32b77ffff
4235,89489e32b7bffff
4236,89489e32b83ffff
4237,89489e32b87ffff
4238,89489e32b8bffff
4239,89489e32b8fffff
4240,89489e32b93ffff
4241,89489e32b97ffff
4242,89489e32b9bffff
4243,89489e32ba3ffff
4244,89489e32ba7ffff
4245,89489e32babffff
4246,89489e32bafffff
4247,89489e32bb3ffff
4248,89489e32bb7ffff
4249,89489e32bbbffff
4250,89489e32bc3ffff
4251,89489e32bc7ffff
4252,89489e32bcbffff
4253,89489e32bcfffff
4254,89489e32bd3ffff
4255,89489e32bd7ffff
4256,89489e32bdbffff
4257,89489e32c33ffff
4258,89489e32c37ffff
4259,89489e32c83ffff
4260,89489e32c87ffff
4261,89489e32c93ffff
4262,89489e32c97ffff
4263,89489e32ca3ffff
4264,89489e32ca7ffff
4265,89489e32cabffff
4266,89489e32cafffff
4267,89489e32cb3ffff
4268,89489e32cb7ffff
4269,89489e32cbbffff
4270,89489e32d13ffff
4271,89489e32d17ffff
4272,89489e32d27ffff
4273,89489e32d83ffff
4274,89489e32d87ffff
4275,89489e32d8bffff
4276,89489e32d8fffff
4277,89489e32d93ffff
4278,89489e32d9bffff
4279,89489e32da3ffff
4280,89489e32da7ffff
4281,89489e32dafffff
4282,89489e32db3ffff
4283,89489e32db7ffff
4284,89489e32dbbffff
4285,89489e32dc7ffff
4286,89489e32dd3ffff
4287,89489e32dd7ffff
4288,89489e32e07ffff
4289,89489e32e0fffff
4290,89489e32e17ffff
4291,89489e32e23ffff
4292,89489e32e27ffff
4293,89489e32e2bffff
4294,89489e32e2fffff
4295,89489e32e33ffff
4296,89489e32e3bffff
4297,89489e32e43ffff
4298,89489e32e4bffff
4299,89489e32e4fffff
4300,89489e32e63ffff
4301,89489e32e67ffff
4302,89489e32e6bffff
4303,89489e32e6fffff
4304,89489e32e77ffff
4305,89489e32e7bffff
4306,89489e32eabffff
4307,89489e33163ffff
4308,89489e33167ffff
4309,89489e3316fffff
4310,89489e3330bffff
4311,89489e3330fffff
4312,89489e33323ffff
4313,89489e33327ffff
4314,89489e3332bffff
4315,89489e3332fffff
4316,89489e3333bffff
4317,89489e33347ffff
4318,89489e3334fffff
4319,89489e33357ffff
4320,89489e33363ffff
4321,89489e33367ffff
4322,89489e3336bffff
4323,89489e3336fffff
4324,89489e33373ffff
4325,89489e33377ffff
4326,89489e3337bffff
4327,89489e34003ffff
4328,89489e34007ffff
4329,89489e3400bffff
4330,89489e3400fffff
4331,89489e34013ffff
4332,89489e34017ffff
4333,89489e3401bffff
4334,89489e34023ffff
4335,89489e34027ffff
4336,89489e3402bffff
4337,89489e3402fffff
4338,89489e34033ffff
4339,89489e34037ffff
4340,89489e3403bffff
4341,89489e34043ffff
4342,89489e34047ffff
4343,89489e3404bffff
4344,89489e3404fffff
4345,89489e34053ffff
4346,89489e34057ffff
4347,89489e3405bffff
4348,89489e34063ffff
4349,89489e34067ffff
4350,89489e3406bffff
4351,89489e3406fffff
4352,89489e34073ffff
4353,89489e34077ffff
4354,89489e3407bffff
4355,89489e34083ffff
4356,89489e34087ffff
4357,89489e3408bffff
4358,89489e3408fffff
4359,89489e34093ffff
4360,89489e34097ffff
4361,89489e3409bffff
4362,89489e340a3ffff
4363,89489e340a7ffff
4364,89489e340abffff
4365,89489e340afffff
4366,89489e340b3ffff
4367,89489e340bbffff
4368,89489e340c3ffff
4369,89489e340c7ffff
4370,89489e340cbffff
4371,89489e340cfffff
4372,89489e340d3ffff
4373,89489e340d7ffff
4374,89489e340dbffff
4375,89489e34103ffff
4376,89489e34107ffff
4377,89489e3410bffff
4378,89489e3410fffff
4379,89489e34113ffff
4380,89489e34117ffff
4381,89489e3411bffff
4382,89489e3412fffff
4383,89489e3413bffff
4384,89489e34143ffff
4385,89489e34147ffff
4386,89489e3414bffff
4387,89489e3414fffff
4388,89489e34153ffff
4389,89489e34157ffff
4390,89489e3415bffff
4391,89489e34163ffff
4392,89489e34167ffff
4393,89489e3416bffff
4394,89489e3416fffff
4395,89489e34173ffff
4396,89489e34177ffff
4397,89489e3417bffff
4398,89489e3418fffff
4399,89489e341a3ffff
4400,89489e341abffff
4401,89489e341bbffff
4402,89489e341c3ffff
4403,89489e341c7ffff
4404,89489e341cbffff
4405,89489e341cfffff
4406,89489e341d3ffff
4407,89489e341d7ffff
4408,89489e341dbffff
4409,89489e34203ffff
4410,89489e34207ffff
4411,89489e3420bffff
4412,89489e3420fffff
4413,89489e34213ffff
4414,89489e34217ffff
4415,89489e3421bffff
4416,89489e34223ffff
4417,89489e34227ffff
4418,89489e3422bffff
4419,89489e3422fffff
4420,89489e34233ffff
4421,89489e34237ffff
4422,89489e3423bffff
4423,89489e34243ffff
4424,89489e34247ffff
4425,89489e3424bffff
4426,89489e3424fffff
4427,89489e34253ffff
4428,89489e34257ffff
4429,89489e3425bffff
4430,89489e34263ffff
4431,89489e34267ffff
4432,89489e3426bffff
4433,89489e3426fffff
4434,89489e34273ffff
4435,89489e34277ffff
4436,89489e3427bffff
4437,89489e34283ffff
4438,89489e34287ffff
4439,89489e3428bffff
4440,89489e3428fffff
4441,89489e34293ffff
4442,89489e34297ffff
4443,89489e3429bffff
4444,89489e342a3ffff
4445,89489e342a7ffff
4446,89489e342abffff
4447,89489e342afffff
4448,89489e342b3ffff
4449,89489e342b7ffff
4450,89489e342bbffff
4451,89489e342c3ffff
4452,89489e342c7ffff
4453,89489e342cbffff
4454,89489e342cfffff
4455,89489e342d3ffff
4456,89489e342d7ffff
4457,89489e342dbffff
4458,89489e34303ffff
4459,89489e34307ffff
4460,89489e3430bffff
4461,89489e3430fffff
4462,89489e34313ffff
4463,89489e34317ffff
4464,89489e3431bffff
4465,89489e34323ffff
4466,89489e34327ffff
4467,89489e3432bffff
4468,89489e3432fffff
4469,89489e34333ffff
4470,89489e34337ffff
4471,89489e3433bffff
4472,89489e34343ffff
4473,89489e34347ffff
4474,89489e3434bffff
4475,89489e3434fffff
4476,89489e34353ffff
4477,89489e34357ffff
4478,89489e3435bffff
4479,89489e34363ffff
4480,89489e34367ffff
4481,89489e3436bffff
4482,89489e3436fffff
4483,89489e34373ffff
4484,89489e34377ffff
4485,89489e3437bffff
4486,89489e34383ffff
4487,89489e34387ffff
4488,89489e3438bffff
4489,89489e3438fffff
4490,89489e34393ffff
4491,89489e34397ffff
4492,89489e3439bffff
4493,89489e343a3ffff
4494,89489e343a7ffff
4495,89489e343abffff
4496,89489e343afffff
4497,89489e343b3ffff
4498,89489e343b7ffff
4499,89489e343bbffff
4500,89489e343c3ffff
4501,89489e343c7ffff
4502,89489e343cbffff
4503,89489e343cfffff
4504,89489e343d3ffff
4505,89489e343d7ffff
4506,89489e343dbffff
4507,89489e34403ffff
4508,89489e34407ffff
4509,89489e3440bffff
4510,89489e3440fffff
4511,89489e34413ffff
4512,89489e34417ffff
4513,89489e3441bffff
4514,89489e34423ffff
4515,89489e34427ffff
4516,89489e3442bffff
4517,89489e3442fffff
4518,89489e34433ffff
4519,89489e34437ffff
4520,89489e3443bffff
4521,89489e34443ffff
4522,89489e34447ffff
4523,89489e3444bffff
4524,89489e3444fffff
4525,89489e34453ffff
4526,89489e34457ffff
4527,89489e3445bffff
4528,89489e34463ffff
4529,89489e34467ffff
4530,89489e3446bffff
4531,89489e3446fffff
4532,89489e34473ffff
4533,89489e34477ffff
4534,89489e3447bffff
4535,89489e34483ffff
4536,89489e34487ffff
4537,89489e3448bffff
4538,89489e3448fffff
4539,89489e34493ffff
4540,89489e34497ffff
4541,89489e3449bffff
4542,89489e344a3ffff
4543,89489e344a7ffff
4544,89489e344abffff
4545,89489e344afffff
4546,89489e344b3ffff
4547,89489e344b7ffff
4548,89489e344bbffff
4549,89489e344c3ffff
4550,89489e344c7ffff
4551,89489e344cbffff
4552,89489e344cfffff
4553,89489e344d3ffff
4554,89489e344d7ffff
4555,89489e344dbffff
4556,89489e34503ffff
4557,89489e3450bffff
4558,89489e34513ffff
4559,89489e34517ffff
4560,89489e3451bffff
4561,89489e34537ffff
4562,89489e3454bffff
4563,89489e34553ffff
4564,89489e34557ffff
4565,89489e3455bffff
4566,89489e34583ffff
4567,89489e34587ffff
4568,89489e3458bffff
4569,89489e3458fffff
4570,89489e34593ffff
4571,89489e34597ffff
4572,89489e3459bffff
4573,89489e345a3ffff
4574,89489e345a7ffff
4575,89489e345abffff
4576,89489e345afffff
4577,89489e345b3ffff
4578,89489e345b7ffff
4579,89489e345bbffff
4580,89489e345c3ffff
4581,89489e345c7ffff
4582,89489e345cbffff
4583,89489e345cfffff
4584,89489e345d3ffff
4585,89489e345d7ffff
4586,89489e345dbffff
4587,89489e34603ffff
4588,89489e34607ffff
4589,89489e3460bffff
4590,89489e3460fffff
4591,89489e34613ffff
4592,89489e34617ffff
4593,89489e3461bffff
4594,89489e34623ffff
4595,89489e34627ffff
4596,89489e3462bffff
4597,89489e3462fffff
4598,89489e34633ffff
4599,89489e34637ffff
4600,89489e3463bffff
4601,89489e34643ffff
4602,89489e34647ffff
4603,89489e3464bffff
4604,89489e3464fffff
4605,89489e34653ffff
4606,89489e34657ffff
4607,89489e3465bffff
4608,89489e34663ffff
4609,89489e34667ffff
4610,89489e3466bffff
4611,89489e3466fffff
4612,89489e34673ffff
4613,89489e34677ffff
4614,89489e3467bffff
4615,89489e34683ffff
4616,89489e34687ffff
4617,89489e3468bffff
4618,89489e3468fffff
4619,89489e34693ffff
4620,89489e34697ffff
4621,89489e3469bffff
4622,89489e346a3ffff
4623,89489e346a7ffff
4624,89489e346abffff
4625,89489e346afffff
4626,89489e346b3ffff
4627,89489e346b7ffff
4628,89489e346bbffff
4629,89489e346c3ffff
4630,89489e346c7ffff
4631,89489e346cbffff
4632,89489e346cfffff
4633,89489e346d3ffff
4634,89489e346d7ffff
4635,89489e346dbffff
4636,89489e34803ffff
4637,89489e34807ffff
4638,89489e3480bffff
4639,89489e3480fffff
4640,89489e34813ffff
4641,89489e34817ffff
4642,89489e3481bffff
4643,89489e34823ffff
4644,89489e34827ffff
4645,89489e3482bffff
4646,89489e3482fffff
4647,89489e34837ffff
4648,89489e3483bffff
4649,89489e34863ffff
4650,89489e34867ffff
4651,89489e3486bffff
4652,89489e3486fffff
4653,89489e34873ffff
4654,89489e34877ffff
4655,89489e3487bffff
4656,89489e34883ffff
4657,89489e34887ffff
4658,89489e3488bffff
4659,89489e3488fffff
4660,89489e34893ffff
4661,89489e34897ffff
4662,89489e3489bffff
4663,89489e348bbffff
4664,89489e34903ffff
4665,89489e34907ffff
4666,89489e3490bffff
4667,89489e3490fffff
4668,89489e34913ffff
4669,89489e34917ffff
4670,89489e3491bffff
4671,89489e34923ffff
4672,89489e34927ffff
4673,89489e3492bffff
4674,89489e3492fffff
4675,89489e34933ffff
4676,89489e34937ffff
4677,89489e3493bffff
4678,89489e34943ffff
4679,89489e34947ffff
4680,89489e3494bffff
4681,89489e34953ffff
4682,89489e34957ffff
4683,89489e3495bffff
4684,89489e34973ffff
4685,89489e34977ffff
4686,89489e34983ffff
4687,89489e34987ffff
4688,89489e3498bffff
4689,89489e3498fffff
4690,89489e34993ffff
4691,89489e34997ffff
4692,89489e3499bffff
4693,89489e349a3ffff
4694,89489e349a7ffff
4695,89489e349abffff
4696,89489e349afffff
4697,89489e349b3ffff
4698,89489e349b7ffff
4699,89489e349bbffff
4700,89489e349c3ffff
4701,89489e349c7ffff
4702,89489e349cbffff
4703,89489e349cfffff
4704,89489e349d3ffff
4705,89489e349d7ffff
4706,89489e349dbffff
4707,89489e34a03ffff
4708,89489e34a07ffff
4709,89489e34a0bffff
4710,89489e34a0fffff
4711,89489e34a13ffff
4712,89489e34a17ffff
4713,89489e34a1bffff
4714,89489e34a23ffff
4715,89489e34a27ffff
4716,89489e34a2bffff
4717,89489e34a2fffff
4718,89489e34a33ffff
4719,89489e34a37ffff
4720,89489e34a3bffff
4721,89489e34a43ffff
4722,89489e34a47ffff
4723,89489e34a4bffff
4724,89489e34a4fffff
4725,89489e34a53ffff
4726,89489e34a57ffff
4727,89489e34a5bffff
4728,89489e34a63ffff
4729,89489e34a67ffff
4730,89489e34a6bffff
4731,89489e34a6fffff
4732,89489e34a73ffff
4733,89489e34a77ffff
4734,89489e34a7bffff
4735,89489e34a8bffff
4736,89489e34a8fffff
4737,89489e34a9bffff
4738,89489e34aa7ffff
4739,89489e34aabffff
4740,89489e34aafffff
4741,89489e34ac3ffff
4742,89489e34ac7ffff
4743,89489e34acbffff
4744,89489e34acfffff
4745,89489e34ad3ffff
4746,89489e34ad7ffff
4747,89489e34adbffff
4748,89489e34b03ffff
4749,89489e34b07ffff
4750,89489e34b0bffff
4751,89489e34b0fffff
4752,89489e34b13ffff
4753,89489e34b17ffff
4754,89489e34b1bffff
4755,89489e34b23ffff
4756,89489e34b2bffff
4757,89489e34b2fffff
4758,89489e34b33ffff
4759,89489e34b3bffff
4760,89489e34b43ffff
4761,89489e34b47ffff
4762,89489e34b4bffff
4763,89489e34b4fffff
4764,89489e34b53ffff
4765,89489e34b57ffff
4766,89489e34b5bffff
4767,89489e34b63ffff
4768,89489e34b67ffff
4769,89489e34b6bffff
4770,89489e34b6fffff
4771,89489e34b73ffff
4772,89489e34b77ffff
4773,89489e34b7bffff
4774,89489e34b83ffff
4775,89489e34b87ffff
4776,89489e34b8bffff
4777,89489e34b93ffff
4778,89489e34b97ffff
4779,89489e34b9bffff
4780,89489e34bbbffff
4781,89489e34bc3ffff
4782,89489e34bc7ffff
4783,89489e34bcbffff
4784,89489e34bcfffff
4785,89489e34bd3ffff
4786,89489e34bd7ffff
4787,89489e34bdbffff
4788,89489e34c23ffff
4789,89489e34c27ffff
4790,89489e34c2bffff
4791,89489e34c2fffff
4792,89489e34c33ffff
4793,89489e34c37ffff
4794,89489e34c3bffff
4795,89489e34ca7ffff
4796,89489e34d07ffff
4797,89489e34d0fffff
4798,89489e34d23ffff
4799,89489e34d27ffff
4800,89489e34d2fffff
4801,89489e34d33ffff
4802,89489e34d37ffff
4803,89489e34d3bffff
4804,89489e34d43ffff
4805,89489e34d47ffff
4806,89489e34d4bffff
4807,89489e34d4fffff
4808,89489e34d53ffff
4809,89489e34d57ffff
4810,89489e34d5bffff
4811,89489e34d63ffff
4812,89489e34d6bffff
4813,89489e34d6fffff
4814,89489e34d73ffff
4815,89489e34d77ffff
4816,89489e34d7bffff
4817,89489e34da7ffff
4818,89489e34dafffff
4819,89489e34dc3ffff
4820,89489e34dc7ffff
4821,89489e34dcbffff
4822,89489e34dcfffff
4823,89489e34dd3ffff
4824,89489e34dd7ffff
4825,89489e34e0bffff
4826,89489e34e1bffff
4827,89489e34e43ffff
4828,89489e34e47ffff
4829,89489e34e4bffff
4830,89489e34e4fffff
4831,89489e34e53ffff
4832,89489e34e57ffff
4833,89489e34e5bffff
4834,89489e34e63ffff
4835,89489e34e6bffff
4836,89489e34e6fffff
4837,89489e34e77ffff
4838,89489e34e7bffff
4839,89489e34e9bffff
4840,89489e34ec3ffff
4841,89489e34ec7ffff
4842,89489e34ecbffff
4843,89489e34ecfffff
4844,89489e34ed3ffff
4845,89489e34ed7ffff
4846,89489e34edbffff
4847,89489e35003ffff
4848,89489e35007ffff
4849,89489e3500bffff
4850,89489e3500fffff
4851,89489e35013ffff
4852,89489e35017ffff
4853,89489e3501bffff
4854,89489e35023ffff
4855,89489e35027ffff
4856,89489e3502bffff
4857,89489e3502fffff
4858,89489e35033ffff
4859,89489e35037ffff
4860,89489e3503bffff
4861,89489e35043ffff
4862,89489e35047ffff
4863,89489e3504bffff
4864,89489e3504fffff
4865,89489e35053ffff
4866,89489e35057ffff
4867,89489e3505bffff
4868,89489e35063ffff
4869,89489e35067ffff
4870,89489e3506bffff
4871,89489e3506fffff
4872,89489e35073ffff
4873,89489e35077ffff
4874,89489e3507bffff
4875,89489e35083ffff
4876,89489e35087ffff
4877,89489e3508bffff
4878,89489e3508fffff
4879,89489e35093ffff
4880,89489e35097ffff
4881,89489e3509bffff
4882,89489e350a3ffff
4883,89489e350a7ffff
4884,89489e350abffff
4885,89489e350afffff
4886,89489e350b3ffff
4887,89489e350b7ffff
4888,89489e350bbffff
4889,89489e350c3ffff
4890,89489e350c7ffff
4891,89489e350cbffff
4892,89489e350cfffff
4893,89489e350d3ffff
4894,89489e350d7ffff
4895,89489e350dbffff
4896,89489e35103ffff
4897,89489e35107ffff
4898,89489e3510bffff
4899,89489e3510fffff
4900,89489e35113ffff
4901,89489e35117ffff
4902,89489e3511bffff
4903,89489e35123ffff
4904,89489e35127ffff
4905,89489e3512bffff
4906,89489e3512fffff
4907,89489e35133ffff
4908,89489e35137ffff
4909,89489e3513bffff
4910,89489e35143ffff
4911,89489e35147ffff
4912,89489e3514bffff
4913,89489e3514fffff
4914,89489e35153ffff
4915,89489e35157ffff
4916,89489e3515bffff
4917,89489e35163ffff
4918,89489e35167ffff
4919,89489e3516bffff
4920,89489e3516fffff
4921,89489e35173ffff
4922,89489e35177ffff
4923,89489e3517bffff
4924,89489e35183ffff
4925,89489e35187ffff
4926,89489e3518bffff
4927,89489e3518fffff
4928,89489e35193ffff
4929,89489e35197ffff
4930,89489e3519bffff
4931,89489e351a3ffff
4932,89489e351a7ffff
4933,89489e351abffff
4934,89489e351afffff
4935,89489e351b3ffff
4936,89489e351b7ffff
4937,89489e351bbffff
4938,89489e351c3ffff
4939,89489e351c7ffff
4940,89489e351cbffff
4941,89489e351cfffff
4942,89489e351d3ffff
4943,89489e351d7ffff
4944,89489e351dbffff
4945,89489e35203ffff
4946,89489e35207ffff
4947,89489e3520bffff
4948,89489e3520fffff
4949,89489e35213ffff
4950,89489e35217ffff
4951,89489e3521bffff
4952,89489e35223ffff
4953,89489e35227ffff
4954,89489e3522bffff
4955,89489e3522fffff
4956,89489e35233ffff
4957,89489e35237ffff
4958,89489e3523bffff
4959,89489e35243ffff
4960,89489e35247ffff
4961,89489e3524bffff
4962,89489e3524fffff
4963,89489e35253ffff
4964,89489e35257ffff
4965,89489e3525bffff
4966,89489e35263ffff
4967,89489e35267ffff
4968,89489e3526bffff
4969,89489e3526fffff
4970,89489e35273ffff
4971,89489e35277ffff
4972,89489e3527bffff
4973,89489e35283ffff
4974,89489e35287ffff
4975,89489e3528bffff
4976,89489e3528fffff
4977,89489e35293ffff
4978,89489e35297ffff
4979,89489e3529bffff
4980,89489e352a3ffff
4981,89489e352a7ffff
4982,89489e352abffff
4983,89489e352afffff
4984,89489e352b3ffff
4985,89489e352b7ffff
4986,89489e352bbffff
4987,89489e352c3ffff
4988,89489e352c7ffff
4989,89489e352cbffff
4990,89489e352cfffff
4991,89489e352d3ffff
4992,89489e352d7ffff
4993,89489e352dbffff
4994,89489e35303ffff
4995,89489e35307ffff
4996,89489e3530bffff
4997,89489e3530fffff
4998,89489e35313ffff
4999,89489e35317ffff
5000,89489e3531bffff
5001,89489e35323ffff
5002,89489e35327ffff
5003,89489e3532bffff
5004,89489e3532fffff
5005,89489e35333ffff
5006,89489e35337ffff
5007,89489e3533bffff
5008,89489e35343ffff
5009,89489e35347ffff
5010,89489e3534bffff
5011,89489e3534fffff
5012,89489e35353ffff
5013,89489e35357ffff
5014,89489e3535bffff
5015,89489e35363ffff
5016,89489e35367ffff
5017,89489e3536bffff
5018,89489e3536fffff
5019,89489e35373ffff
5020,89489e35377ffff
5021,89489e3537bffff
5022,89489e35383ffff
5023,89489e35387ffff
5024,89489e3538bffff
5025,89489e3538fffff
5026,89489e35393ffff
5027,89489e35397ffff
5028,89489e3539bffff
5029,89489e353a3ffff
5030,89489e353a7ffff
5031,89489e353abffff
5032,89489e353afffff
5033,89489e353b3ffff
5034,89489e353b7ffff
5035,89489e353bbffff
5036,89489e353c3ffff
5037,89489e353c7ffff
5038,89489e353cbffff
5039,89489e353cfffff
5040,89489e353d3ffff
5041,89489e353d7ffff
5042,89489e353dbffff
5043,89489e35403ffff
5044,89489e35407ffff
5045,89489e3540bffff
5046,89489e3540fffff
5047,89489e35413ffff
5048,89489e35417ffff
5049,89489e3541bffff
5050,89489e35423ffff
5051,89489e35427ffff
5052,89489e3542bffff
5053,89489e3542fffff
5054,89489e35433ffff
5055,89489e35437ffff
5056,89489e3543bffff
5057,89489e35443ffff
5058,89489e35447ffff
5059,89489e3544bffff
5060,89489e3544fffff
5061,89489e35453ffff
5062,89489e35457ffff
5063,89489e3545bffff
5064,89489e35463ffff
5065,89489e35467ffff
5066,89489e3546bffff
5067,89489e3546fffff
5068,89489e35473ffff
5069,89489e35477ffff
5070,89489e3547bffff
5071,89489e35483ffff
5072,89489e35487ffff
5073,89489e3548bffff
5074,89489e3548fffff
5075,89489e35493ffff
5076,89489e35497ffff
5077,89489e3549bffff
5078,89489e354a3ffff
5079,89489e354a7ffff
5080,89489e354abffff
5081,89489e354afffff
5082,89489e354b3ffff
5083,89489e354b7ffff
5084,89489e354bbffff
5085,89489e354c3ffff
5086,89489e354c7ffff
5087,89489e354cbffff
5088,89489e354cfffff
5089,89489e354d3ffff
5090,89489e354d7ffff
5091,89489e354dbffff
5092,89489e35503ffff
5093,89489e35507ffff
5094,89489e3550bffff
5095,89489e3550fffff
5096,89489e35513ffff
5097,89489e35517ffff
5098,89489e3551bffff
5099,89489e35523ffff
5100,89489e35527ffff
5101,89489e3552bffff
5102,89489e3552fffff
5103,89489e35533ffff
5104,89489e35537ffff
5105,89489e3553bffff
5106,89489e35543ffff
5107,89489e35547ffff
5108,89489e3554bffff
5109,89489e3554fffff
5110,89489e35553ffff
5111,89489e35557ffff
5112,89489e3555bffff
5113,89489e35563ffff
5114,89489e35567ffff
5115,89489e3556bffff
5116,89489e3556fffff
5117,89489e35573ffff
5118,89489e35577ffff
5119,89489e3557bffff
5120,89489e35583ffff
5121,89489e35587ffff
5122,89489e3558bffff
5123,89489e3558fffff
5124,89489e35593ffff
5125,89489e35597ffff
5126,89489e3559bffff
5127,89489e355a3ffff
5128,89489e355a7ffff
5129,89489e355abffff
5130,89489e355afffff
5131,89489e355b3ffff
5132,89489e355b7ffff
5133,89489e355bbffff
5134,89489e355c3ffff
5135,89489e355c7ffff
5136,89489e355cbffff
5137,89489e355cfffff
5138,89489e355d3ffff
5139,89489e355d7ffff
5140,89489e355dbffff
5141,89489e35603ffff
5142,89489e35607ffff
5143,89489e3560bffff
5144,89489e3560fffff
5145,89489e35613ffff
5146,89489e35617ffff
5147,89489e3561bffff
5148,89489e35623ffff
5149,89489e35627ffff
5150,89489e3562bffff
5151,89489e3562fffff
5152,89489e35633ffff
5153,89489e35637ffff
5154,89489e3563bffff
5155,89489e35643ffff
5156,89489e35647ffff
5157,89489e3564bffff
5158,89489e3564fffff
5159,89489e35653ffff
5160,89489e35657ffff
5161,89489e3565bffff
5162,89489e35663ffff
5163,89489e35667ffff
5164,89489e3566bffff
5165,89489e3566fffff
5166,89489e35673ffff
5167,89489e35677ffff
5168,89489e3567bffff
5169,89489e35683ffff
5170,89489e35687ffff
5171,89489e3568bffff
5172,89489e3568fffff
5173,89489e35693ffff
5174,89489e35697ffff
5175,89489e3569bffff
5176,89489e356a3ffff
5177,89489e356a7ffff
5178,89489e356abffff
5179,89489e356afffff
5180,89489e356b3ffff
5181,89489e356b7ffff
5182,89489e356bbffff
5183,89489e356c7ffff
5184,89489e356cfffff
5185,89489e356d7ffff
5186,89489e35803ffff
5187,89489e35807ffff
5188,89489e3580bffff
5189,89489e3580fffff
5190,89489e35813ffff
5191,89489e35817ffff
5192,89489e3581bffff
5193,89489e35823ffff
5194,89489e35827ffff
5195,89489e3582bffff
5196,89489e3582fffff
5197,89489e35833ffff
5198,89489e35837ffff
5199,89489e3583bffff
5200,89489e35843ffff
5201,89489e35847ffff
5202,89489e3584bffff
5203,89489e3584fffff
5204,89489e35853ffff
5205,89489e35857ffff
5206,89489e3585bffff
5207,89489e35863ffff
5208,89489e35867ffff
5209,89489e3586bffff
5210,89489e3586fffff
5211,89489e35873ffff
5212,89489e35877ffff
5213,89489e3587bffff
5214,89489e35883ffff
5215,89489e35887ffff
5216,89489e3588bffff
5217,89489e3588fffff
5218,89489e35893ffff
5219,89489e35897ffff
5220,89489e3589bffff
5221,89489e358a3ffff
5222,89489e358a7ffff
5223,89489e358abffff
5224,89489e358afffff
5225,89489e358b3ffff
5226,89489e358b7ffff
5227,89489e358bbffff
5228,89489e358c3ffff
5229,89489e358c7ffff
5230,89489e358cbffff
5231,89489e358cfffff
5232,89489e358d3ffff
5233,89489e358d7ffff
5234,89489e358dbffff
5235,89489e35903ffff
5236,89489e35907ffff
5237,89489e3590bffff
5238,89489e3590fffff
5239,89489e35913ffff
5240,89489e35917ffff
5241,89489e3591bffff
5242,89489e35923ffff
5243,89489e35927ffff
5244,89489e3592bffff
5245,89489e3592fffff
5246,89489e35933ffff
5247,89489e35937ffff
5248,89489e3593bffff
5249,89489e35943ffff
5250,89489e35947ffff
5251,89489e3594bffff
5252,89489e3594fffff
5253,89489e35953ffff
5254,89489e35957ffff
5255,89489e3595bffff
5256,89489e35963ffff
5257,89489e35967ffff
5258,89489e3596bffff
5259,89489e3596fffff
5260,89489e35973ffff
5261,89489e35977ffff
5262,89489e3597bffff
5263,89489e35983ffff
5264,89489e35987ffff
5265,89489e3598bffff
5266,89489e3598fffff
5267,89489e35993ffff
5268,89489e35997ffff
5269,89489e3599bffff
5270,89489e359a3ffff
5271,89489e359a7ffff
5272,89489e359abffff
5273,89489e359afffff
5274,89489e359b3ffff
5275,89489e359b7ffff
5276,89489e359bbffff
5277,89489e359c3ffff
5278,89489e359c7ffff
5279,89489e359cbffff
5280,89489e359cfffff
5281,89489e359d3ffff
5282,89489e359d7ffff
5283,89489e359dbffff
5284,89489e35a03ffff
5285,89489e35a07ffff
5286,89489e35a0bffff
5287,89489e35a0fffff
5288,89489e35a13ffff
5289,89489e35a17ffff
5290,89489e35a1bffff
5291,89489e35a23ffff
5292,89489e35a27ffff
5293,89489e35a2bffff
5294,89489e35a2fffff
5295,89489e35a33ffff
5296,89489e35a37ffff
5297,89489e35a3bffff
5298,89489e35a43ffff
5299,89489e35a47ffff
5300,89489e35a4bffff
5301,89489e35a4fffff
5302,89489e35a53ffff
5303,89489e35a57ffff
5304,89489e35a5bffff
5305,89489e35a63ffff
5306,89489e35a67ffff
5307,89489e35a6bffff
5308,89489e35a6fffff
5309,89489e35a73ffff
5310,89489e35a77ffff
5311,89489e35a7bffff
5312,89489e35a83ffff
5313,89489e35a87ffff
5314,89489e35a8bffff
5315,89489e35a8fffff
5316,89489e35a93ffff
5317,89489e35a97ffff
5318,89489e35a9bffff
5319,89489e35aa3ffff
5320,89489e35aa7ffff
5321,89489e35aabffff
5322,89489e35aafffff
5323,89489e35ab3ffff
5324,89489e35ab7ffff
5325,89489e35abbffff
5326,89489e35ac3ffff
5327,89489e35ac7ffff
5328,89489e35acbffff
5329,89489e35acfffff
5330,89489e35ad3ffff
5331,89489e35ad7ffff
5332,89489e35adbffff
5333,89489e35b03ffff
5334,89489e35b07ffff
5335,89489e35b0bffff
5336,89489e35b0fffff
5337,89489e35b13ffff
5338,89489e35b17ffff
5339,89489e35b1bffff
5340,89489e35b23ffff
5341,89489e35b27ffff
5342,89489e35b2bffff
5343,89489e35b2fffff
5344,89489e35b33ffff
5345,89489e35b37ffff
5346,89489e35b3bffff
5347,89489e35b43ffff
5348,89489e35b47ffff
5349,89489e35b4bffff
5350,89489e35b4fffff
5351,89489e35b53ffff
5352,89489e35b57ffff
5353,89489e35b5bffff
5354,89489e35b63ffff
5355,89489e35b67ffff
5356,89489e35b6bffff
5357,89489e35b6fffff
5358,89489e35b73ffff
5359,89489e35b77ffff
5360,89489e35b7bffff
5361,89489e35b83ffff
5362,89489e35b87ffff
5363,89489e35b8bffff
5364,89489e35b8fffff
5365,89489e35b93ffff
5366,89489e35b97ffff
5367,89489e35b9bffff
5368,89489e35ba3ffff
5369,89489e35ba7ffff
5370,89489e35babffff
5371,89489e35bafffff
5372,89489e35bb3ffff
5373,89489e35bb7ffff
5374,89489e35bbbffff
5375,89489e35bc3ffff
5376,89489e35bc7ffff
5377,89489e35bcbffff
5378,89489e35bcfffff
5379,89489e35bd3ffff
5380,89489e35bd7ffff
5381,89489e35bdbffff
5382,89489e35c03ffff
5383,89489e35c07ffff
5384,89489e35c0bffff
5385,89489e35c0fffff
5386,89489e35c13ffff
5387,89489e35c17ffff
5388,89489e35c1bffff
5389,89489e35c23ffff
5390,89489e35c27ffff
5391,89489e35c2bffff
5392,89489e35c2fffff
5393,89489e35c33ffff
5394,89489e35c37ffff
5395,89489e35c3bffff
5396,89489e35c43ffff
5397,89489e35c47ffff
5398,89489e35c4bffff
5399,89489e35c4fffff
5400,89489e35c53ffff
5401,89489e35c57ffff
5402,89489e35c5bffff
5403,89489e35c63ffff
5404,89489e35c67ffff
5405,89489e35c6bffff
5406,89489e35c6fffff
5407,89489e35c73ffff
5408,89489e35c77ffff
5409,89489e35c7bffff
5410,89489e35c83ffff
5411,89489e35c87ffff
5412,89489e35c8bffff
5413,89489e35c8fffff
5414,89489e35c93ffff
5415,89489e35c97ffff
5416,89489e35c9bffff
5417,89489e35ca3ffff
5418,89489e35ca7ffff
5419,89489e35cabffff
5420,89489e35cafffff
5421,89489e35cb3ffff
5422,89489e35cb7ffff
5423,89489e35cbbffff
5424,89489e35cc3ffff
5425,89489e35cc7ffff
5426,89489e35ccbffff
5427,89489e35ccfffff
5428,89489e35cd3ffff
5429,89489e35cd7ffff
5430,89489e35cdbffff
5431,89489e35d03ffff
5432,89489e35d07ffff
5433,89489e35d0bffff
5434,89489e35d0fffff
5435,89489e35d13ffff
5436,89489e35d17ffff
5437,89489e35d1bffff
5438,89489e35d23ffff
5439,89489e35d27ffff
5440,89489e35d2bffff
5441,89489e35d2fffff
5442,89489e35d33ffff
5443,89489e35d37ffff
5444,89489e35d3bffff
5445,89489e35d43ffff
5446,89489e35d47ffff
5447,89489e35d4bffff
5448,89489e35d4fffff
5449,89489e35d53ffff
5450,89489e35d57ffff
5451,89489e35d5bffff
5452,89489e35d63ffff
5453,89489e35d67ffff
5454,89489e35d6bffff
5455,89489e35d6fffff
5456,89489e35d73ffff
5457,89489e35d77ffff
5458,89489e35d7bffff
5459,89489e35d83ffff
5460,89489e35d87ffff
5461,89489e35d8bffff
5462,89489e35d8fffff
5463,89489e35d93ffff
5464,89489e35d97ffff
5465,89489e35d9bffff
5466,89489e35da3ffff
5467,89489e35da7ffff
5468,89489e35dabffff
5469,89489e35dafffff
5470,89489e35db3ffff
5471,89489e35db7ffff
5472,89489e35dbbffff
5473,89489e35dc3ffff
5474,89489e35dc7ffff
5475,89489e35dcbffff
5476,89489e35dcfffff
5477,89489e35dd3ffff
5478,89489e35dd7ffff
5479,89489e35ddbffff
5480,89489e35e03ffff
5481,89489e35e07ffff
5482,89489e35e0bffff
5483,89489e35e0fffff
5484,89489e35e13ffff
5485,89489e35e17ffff
5486,89489e35e1bffff
5487,89489e35e23ffff
5488,89489e35e27ffff
5489,89489e35e2bffff
5490,89489e35e2fffff
5491,89489e35e33ffff
5492,89489e35e37ffff
5493,89489e35e3bffff
5494,89489e35e43ffff
5495,89489e35e47ffff
5496,89489e35e4bffff
5497,89489e35e4fffff
5498,89489e35e53ffff
5499,89489e35e57ffff
5500,89489e35e5bffff
5501,89489e35e63ffff
5502,89489e35e67ffff
5503,89489e35e6bffff
5504,89489e35e6fffff
5505,89489e35e73ffff
5506,89489e35e77ffff
5507,89489e35e7bffff
5508,89489e35e83ffff
5509,89489e35e87ffff
5510,89489e35e8bffff
5511,89489e35e8fffff
5512,89489e35e93ffff
5513,89489e35e97ffff
5514,89489e35e9bffff
5515,89489e35ea3ffff
5516,89489e35ea7ffff
5517,89489e35eabffff
5518,89489e35eafffff
5519,89489e35eb3ffff
5520,89489e35eb7ffff
5521,89489e35ebbffff
5522,89489e35ec3ffff
5523,89489e35ec7ffff
5524,89489e35ecbffff
5525,89489e35ecfffff
5526,89489e35ed3ffff
5527,89489e35ed7ffff
5528,89489e35edbffff
5529,89489e36003ffff
5530,89489e36007ffff
5531,89489e3600bffff
5532,89489e3600fffff
5533,89489e36013ffff
5534,89489e36017ffff
5535,89489e3601bffff
5536,89489e36023ffff
5537,89489e3602bffff
5538,89489e3603bffff
5539,89489e36043ffff
5540,89489e36047ffff
5541,89489e3604bffff
5542,89489e3604fffff
5543,89489e36053ffff
5544,89489e36057ffff
5545,89489e3605bffff
5546,89489e36063ffff
5547,89489e36067ffff
5548,89489e3606bffff
5549,89489e3606fffff
5550,89489e36073ffff
5551,89489e36077ffff
5552,89489e3607bffff
5553,89489e36083ffff
5554,89489e36087ffff
5555,89489e3608bffff
5556,89489e3608fffff
5557,89489e36093ffff
5558,89489e36097ffff
5559,89489e3609bffff
5560,89489e360abffff
5561,89489e360b3ffff
5562,89489e360bbffff
5563,89489e360c3ffff
5564,89489e360c7ffff
5565,89489e360cbffff
5566,89489e360cfffff
5567,89489e360d3ffff
5568,89489e360d7ffff
5569,89489e360dbffff
5570,89489e36103ffff
5571,89489e36107ffff
5572,89489e3610bffff
5573,89489e3610fffff
5574,89489e36117ffff
5575,89489e3611bffff
5576,89489e36123ffff
5577,89489e36127ffff
5578,89489e3612bffff
5579,89489e3612fffff
5580,89489e36133ffff
5581,89489e36137ffff
5582,89489e3613bffff
5583,89489e3614bffff
5584,89489e3615bffff
5585,89489e36163ffff
5586,89489e36167ffff
5587,89489e3616bffff
5588,89489e3616fffff
5589,89489e36173ffff
5590,89489e36177ffff
5591,89489e3617bffff
5592,89489e36187ffff
5593,89489e3618fffff
5594,89489e36197ffff
5595,89489e361a3ffff
5596,89489e361a7ffff
5597,89489e361abffff
5598,89489e361afffff
5599,89489e361b3ffff
5600,89489e361b7ffff
5601,89489e361bbffff
5602,89489e36203ffff
5603,89489e36207ffff
5604,89489e3620bffff
5605,89489e3620fffff
5606,89489e36213ffff
5607,89489e36217ffff
5608,89489e3621bffff
5609,89489e36223ffff
5610,89489e36227ffff
5611,89489e3622bffff
5612,89489e3622fffff
5613,89489e36233ffff
5614,89489e36237ffff
5615,89489e3623bffff
5616,89489e36243ffff
5617,89489e36247ffff
5618,89489e3624bffff
5619,89489e3624fffff
5620,89489e36253ffff
5621,89489e36257ffff
5622,89489e3625bffff
5623,89489e36263ffff
5624,89489e36267ffff
5625,89489e3626bffff
5626,89489e3626fffff
5627,89489e36273ffff
5628,89489e36277ffff
5629,89489e3627bffff
5630,89489e36283ffff
5631,89489e36287ffff
5632,89489e3628bffff
5633,89489e3628fffff
5634,89489e36293ffff
5635,89489e36297ffff
5636,89489e3629bffff
5637,89489e362a3ffff
5638,89489e362a7ffff
5639,89489e362abffff
5640,89489e362afffff
5641,89489e362b3ffff
5642,89489e362b7ffff
5643,89489e362bbffff
5644,89489e362c3ffff
5645,89489e362c7ffff
5646,89489e362cbffff
5647,89489e362cfffff
5648,89489e362d3ffff
5649,89489e362d7ffff
5650,89489e362dbffff
5651,89489e36303ffff
5652,89489e36307ffff
5653,89489e3630bffff
5654,89489e3630fffff
5655,89489e36313ffff
5656,89489e36317ffff
5657,89489e3631bffff
5658,89489e36323ffff
5659,89489e36327ffff
5660,89489e3632bffff
5661,89489e3632fffff
5662,89489e36333ffff
5663,89489e36337ffff
5664,89489e3633bffff
5665,89489e36343ffff
5666,89489e36347ffff
5667,89489e3634bffff
5668,89489e3634fffff
5669,89489e36353ffff
5670,89489e36357ffff
5671,89489e3635bffff
5672,89489e36363ffff
5673,89489e36367ffff
5674,89489e3636bffff
5675,89489e3636fffff
5676,89489e36373ffff
5677,89489e36377ffff
5678,89489e3637bffff
5679,89489e36383ffff
5680,89489e36387ffff
5681,89489e3638bffff
5682,89489e3638fffff
5683,89489e36393ffff
5684,89489e36397ffff
5685,89489e3639bffff
5686,89489e363a3ffff
5687,89489e363a7ffff
5688,89489e363abffff
5689,89489e363afffff
5690,89489e363b3ffff
5691,89489e363b7ffff
5692,89489e363bbffff
5693,89489e363c3ffff
5694,89489e363c7ffff
5695,89489e363cbffff
5696,89489e363cfffff
5697,89489e363d3ffff
5698,89489e363d7ffff
5699,89489e363dbffff
5700,89489e36403ffff
5701,89489e36407ffff
5702,89489e3640bffff
5703,89489e3640fffff
5704,89489e36413ffff
5705,89489e36417ffff
5706,89489e3641bffff
5707,89489e36423ffff
5708,89489e36427ffff
5709,89489e3642bffff
5710,89489e3642fffff
5711,89489e36433ffff
5712,89489e36437ffff
5713,89489e3643bffff
5714,89489e36443ffff
5715,89489e36447ffff
5716,89489e3644bffff
5717,89489e3644fffff
5718,89489e36453ffff
5719,89489e36457ffff
5720,89489e3645bffff
5721,89489e36463ffff
5722,89489e36467ffff
5723,89489e3646bffff
5724,89489e3646fffff
5725,89489e36473ffff
5726,89489e36477ffff
5727,89489e3647bffff
5728,89489e36483ffff
5729,89489e36487ffff
5730,89489e3648bffff
5731,89489e3648fffff
5732,89489e36493ffff
5733,89489e36497ffff
5734,89489e3649bffff
5735,89489e364a3ffff
5736,89489e364a7ffff
5737,89489e364abffff
5738,89489e364afffff
5739,89489e364b3ffff
5740,89489e364b7ffff
5741,89489e364bbffff
5742,89489e364c3ffff
5743,89489e364c7ffff
5744,89489e364cbffff
5745,89489e364cfffff
5746,89489e364d3ffff
5747,89489e364d7ffff
5748,89489e364dbffff
5749,89489e36503ffff
5750,89489e36507ffff
5751,89489e3650bffff
5752,89489e3650fffff
5753,89489e36513ffff
5754,89489e36517ffff
5755,89489e3651bffff
5756,89489e36523ffff
5757,89489e36527ffff
5758,89489e36533ffff
5759,89489e36537ffff
5760,89489e36543ffff
5761,89489e3654bffff
5762,89489e3654fffff
5763,89489e36553ffff
5764,89489e36557ffff
5765,89489e3655bffff
5766,89489e36583ffff
5767,89489e36587ffff
5768,89489e3658bffff
5769,89489e3658fffff
5770,89489e36593ffff
5771,89489e36597ffff
5772,89489e3659bffff
5773,89489e365a3ffff
5774,89489e365a7ffff
5775,89489e365abffff
5776,89489e365afffff
5777,89489e365b3ffff
5778,89489e365b7ffff
5779,89489e365bbffff
5780,89489e365c3ffff
5781,89489e365c7ffff
5782,89489e365cbffff
5783,89489e365cfffff
5784,89489e365d3ffff
5785,89489e365d7ffff
5786,89489e365dbffff
5787,89489e36603ffff
5788,89489e36607ffff
5789,89489e3660bffff
5790,89489e3660fffff
5791,89489e36613ffff
5792,89489e36617ffff
5793,89489e3661bffff
5794,89489e36623ffff
5795,89489e36627ffff
5796,89489e3662bffff
5797,89489e3662fffff
5798,89489e36633ffff
5799,89489e36637ffff
5800,89489e3663bffff
5801,89489e36643ffff
5802,89489e36647ffff
5803,89489e3664bffff
5804,89489e3664fffff
5805,89489e36653ffff
5806,89489e36657ffff
5807,89489e3665bffff
5808,89489e36663ffff
5809,89489e36667ffff
5810,89489e3666bffff
5811,89489e3666fffff
5812,89489e36673ffff
5813,89489e36677ffff
5814,89489e3667bffff
5815,89489e36683ffff
5816,89489e36687ffff
5817,89489e3668bffff
5818,89489e3668fffff
5819,89489e36693ffff
5820,89489e36697ffff
5821,89489e3669bffff
5822,89489e366a3ffff
5823,89489e366a7ffff
5824,89489e366abffff
5825,89489e366afffff
5826,89489e366b3ffff
5827,89489e366b7ffff
5828,89489e366bbffff
5829,89489e366c3ffff
5830,89489e366c7ffff
5831,89489e366cbffff
5832,89489e366cfffff
5833,89489e366d3ffff
5834,89489e366d7ffff
5835,89489e366dbffff
5836,89489e36803ffff
5837,89489e36807ffff
5838,89489e3680bffff
5839,89489e3680fffff
5840,89489e36813ffff
5841,89489e3681bffff
5842,89489e36823ffff
5843,89489e36827ffff
5844,89489e3682bffff
5845,89489e3682fffff
5846,89489e36833ffff
5847,89489e36837ffff
5848,89489e3683bffff
5849,89489e36843ffff
5850,89489e36847ffff
5851,89489e3684bffff
5852,89489e3684fffff
5853,89489e36853ffff
5854,89489e36857ffff
5855,89489e3685bffff
5856,89489e36863ffff
5857,89489e36867ffff
5858,89489e3686bffff
5859,89489e3686fffff
5860,89489e36873ffff
5861,89489e36877ffff
5862,89489e3687bffff
5863,89489e3688bffff
5864,89489e36893ffff
5865,89489e3689bffff
5866,89489e368a3ffff
5867,89489e368a7ffff
5868,89489e368abffff
5869,89489e368afffff
5870,89489e368b7ffff
5871,89489e368c3ffff
5872,89489e368c7ffff
5873,89489e368cbffff
5874,89489e368cfffff
5875,89489e368d3ffff
5876,89489e368d7ffff
5877,89489e368dbffff
5878,89489e36953ffff
5879,89489e369cbffff
5880,89489e369d3ffff
5881,89489e36a83ffff
5882,89489e36a87ffff
5883,89489e36a93ffff
5884,89489e36a97ffff
5885,89489e36a9bffff
5886,89489e36aa3ffff
5887,89489e36aa7ffff
5888,89489e36ab3ffff
5889,89489e36ab7ffff
5890,89489e36ad3ffff
5891,89489e36adbffff
5892,89489e36b03ffff
5893,89489e36b1bffff
5894,89489e36b63ffff
5895,89489e36b6bffff
5896,89489e36b6fffff
5897,89489e36b83ffff
5898,89489e36b93ffff
5899,89489e36b9bffff
5900,89489e36bc3ffff
5901,89489e36bcfffff
5902,89489e36bd3ffff
5903,89489e36bd7ffff
5904,89489e36c03ffff
5905,89489e36c07ffff
5906,89489e36c0bffff
5907,89489e36c0fffff
5908,89489e36c13ffff
5909,89489e36c17ffff
5910,89489e36c1bffff
5911,89489e36c2bffff
5912,89489e36c33ffff
5913,89489e36c3bffff
5914,89489e36c43ffff
5915,89489e36c47ffff
5916,89489e36c4bffff
5917,89489e36c4fffff
5918,89489e36c53ffff
5919,89489e36c57ffff
5920,89489e36c5bffff
5921,89489e36c63ffff
5922,89489e36c67ffff
5923,89489e36c6bffff
5924,89489e36c6fffff
5925,89489e36c73ffff
5926,89489e36c77ffff
5927,89489e36c7bffff
5928,89489e36c83ffff
5929,89489e36c87ffff
5930,89489e36c8bffff
5931,89489e36c8fffff
5932,89489e36c93ffff
5933,89489e36c97ffff
5934,89489e36c9bffff
5935,89489e36ca3ffff
5936,89489e36ca7ffff
5937,89489e36cb3ffff
5938,89489e36cb7ffff
5939,89489e36cbbffff
5940,89489e36cc3ffff
5941,89489e36cc7ffff
5942,89489e36ccbffff
5943,89489e36ccfffff
5944,89489e36cd3ffff
5945,89489e36cd7ffff
5946,89489e36cdbffff
5947,89489e36d83ffff
5948,89489e36d87ffff
5949,89489e36d93ffff
5950,89489e36d97ffff
5951,89489e36d9bffff
5952,89489e36e03ffff
5953,89489e36e07ffff
5954,89489e36e0bffff
5955,89489e36e0fffff
5956,89489e36e13ffff
5957,89489e36e17ffff
5958,89489e36e1bffff
5959,89489e36e23ffff
5960,89489e36e27ffff
5961,89489e36e2bffff
5962,89489e36e2fffff
5963,89489e36e33ffff
5964,89489e36e37ffff
5965,89489e36e3bffff
5966,89489e36e43ffff
5967,89489e36e47ffff
5968,89489e36e4bffff
5969,89489e36e4fffff
5970,89489e36e53ffff
5971,89489e36e57ffff
5972,89489e36e5bffff
5973,89489e36e63ffff
5974,89489e36e67ffff
5975,89489e36e6bffff
5976,89489e36e6fffff
5977,89489e36e73ffff
5978,89489e36e77ffff
5979,89489e36e7bffff
5980,89489e36e83ffff
5981,89489e36e87ffff
5982,89489e36e8bffff
5983,89489e36e8fffff
5984,89489e36e93ffff
5985,89489e36e97ffff
5986,89489e36e9bffff
5987,89489e36ea3ffff
5988,89489e36ea7ffff
5989,89489e36eabffff
5990,89489e36eafffff
5991,89489e36eb3ffff
5992,89489e36eb7ffff
5993,89489e36ebbffff
5994,89489e36ec3ffff
5995,89489e36ec7ffff
5996,89489e36ecbffff
5997,89489e36ecfffff
5998,89489e36ed3ffff
5999,89489e36ed7ffff
6000,89489e36edbffff
6001,89489e37003ffff
6002,89489e37007ffff
6003,89489e3700bffff
6004,89489e3700fffff
6005,89489e37013ffff
6006,89489e37017ffff
6007,89489e3701bffff
6008,89489e37023ffff
6009,89489e37027ffff
6010,89489e3702bffff
6011,89489e3702fffff
6012,89489e37033ffff
6013,89489e37037ffff
6014,89489e3703bffff
6015,89489e37043ffff
6016,89489e37047ffff
6017,89489e3704bffff
6018,89489e3704fffff
6019,89489e37053ffff
6020,89489e37057ffff
6021,89489e3705bffff
6022,89489e37063ffff
6023,89489e37067ffff
6024,89489e3706bffff
6025,89489e3706fffff
6026,89489e37073ffff
6027,89489e37077ffff
6028,89489e3707bffff
6029,89489e37083ffff
6030,89489e37087ffff
6031,89489e3708bffff
6032,89489e3708fffff
6033,89489e37093ffff
6034,89489e37097ffff
6035,89489e3709bffff
6036,89489e370a3ffff
6037,89489e370a7ffff
6038,89489e370abffff
6039,89489e370afffff
6040,89489e370b3ffff
6041,89489e370b7ffff
6042,89489e370bbffff
6043,89489e370c3ffff
6044,89489e370c7ffff
6045,89489e370cbffff
6046,89489e370cfffff
6047,89489e370d3ffff
6048,89489e370d7ffff
6049,89489e370dbffff
6050,89489e37103ffff
6051,89489e37107ffff
6052,89489e3710bffff
6053,89489e3710fffff
6054,89489e37113ffff
6055,89489e37117ffff
6056,89489e3711bffff
6057,89489e37123ffff
6058,89489e37127ffff
6059,89489e3712bffff
6060,89489e3712fffff
6061,89489e37133ffff
6062,89489e37137ffff
6063,89489e3713bffff
6064,89489e37143ffff
6065,89489e37147ffff
6066,89489e3714bffff
6067,89489e3714fffff
6068,89489e37153ffff
6069,89489e37157ffff
6070,89489e3715bffff
6071,89489e37163ffff
6072,89489e37167ffff
6073,89489e3716bffff
6074,89489e3716fffff
6075,89489e37173ffff
6076,89489e37177ffff
6077,89489e3717bffff
6078,89489e37183ffff
6079,89489e37187ffff
6080,89489e3718bffff
6081,89489e3718fffff
6082,89489e37193ffff
6083,89489e37197ffff
6084,89489e3719bffff
6085,89489e371a3ffff
6086,89489e371a7ffff
6087,89489e371abffff
6088,89489e371afffff
6089,89489e371b3ffff
6090,89489e371b7ffff
6091,89489e371bbffff
6092,89489e371c3ffff
6093,89489e371c7ffff
6094,89489e371cbffff
6095,89489e371cfffff
6096,89489e371d3ffff
6097,89489e371d7ffff
6098,89489e371dbffff
6099,89489e37203ffff
6100,89489e37207ffff
6101,89489e3720bffff
6102,89489e3720fffff
6103,89489e37213ffff
6104,89489e37217ffff
6105,89489e3721bffff
6106,89489e37223ffff
6107,89489e37227ffff
6108,89489e3722bffff
6109,89489e3722fffff
6110,89489e37233ffff
6111,89489e37237ffff
6112,89489e3723bffff
6113,89489e37243ffff
6114,89489e37247ffff
6115,89489e3724bffff
6116,89489e3724fffff
6117,89489e37253ffff
6118,89489e37257ffff
6119,89489e3725bffff
6120,89489e37263ffff
6121,89489e37267ffff
6122,89489e3726bffff
6123,89489e3726fffff
6124,89489e37273ffff
6125,89489e37277ffff
6126,89489e3727bffff
6127,89489e37283ffff
6128,89489e37287ffff
6129,89489e3728bffff
6130,89489e3728fffff
6131,89489e37293ffff
6132,89489e37297ffff
6133,89489e3729bffff
6134,89489e372a3ffff
6135,89489e372a7ffff
6136,89489e372abffff
6137,89489e372afffff
6138,89489e372b3ffff
6139,89489e372b7ffff
6140,89489e372bbffff
6141,89489e372c3ffff
6142,89489e372c7ffff
6143,89489e372cbffff
6144,89489e372cfffff
6145,89489e372d3ffff
6146,89489e372d7ffff
6147,89489e372dbffff
6148,89489e37303ffff
6149,89489e37307ffff
6150,89489e3730bffff
6151,89489e3730fffff
6152,89489e37313ffff
6153,89489e37317ffff
6154,89489e3731bffff
6155,89489e37323ffff
6156,89489e37327ffff
6157,89489e3732bffff
6158,89489e3732fffff
6159,89489e37333ffff
6160,89489e37337ffff
6161,89489e3733bffff
6162,89489e37343ffff
6163,89489e37347ffff
6164,89489e3734bffff
6165,89489e3734fffff
6166,89489e37353ffff
6167,89489e37357ffff
6168,89489e3735bffff
6169,89489e37363ffff
6170,89489e37367ffff
6171,89489e3736bffff
6172,89489e3736fffff
6173,89489e37373ffff
6174,89489e37377ffff
6175,89489e3737bffff
6176,89489e37383ffff
6177,89489e37387ffff
6178,89489e3738bffff
6179,89489e3738fffff
6180,89489e37393ffff
6181,89489e37397ffff
6182,89489e3739bffff
6183,89489e373a3ffff
6184,89489e373a7ffff
6185,89489e373abffff
6186,89489e373afffff
6187,89489e373b3ffff
6188,89489e373b7ffff
6189,89489e373bbffff
6190,89489e373c3ffff
6191,89489e373c7ffff
6192,89489e373cbffff
6193,89489e373cfffff
6194,89489e373d3ffff
6195,89489e373d7ffff
6196,89489e373dbffff
6197,89489e37403ffff
6198,89489e37407ffff
6199,89489e3740bffff
6200,89489e3740fffff
6201,89489e37413ffff
6202,89489e37417ffff
6203,89489e3741bffff
6204,89489e37423ffff
6205,89489e37427ffff
6206,89489e3742bffff
6207,89489e3742fffff
6208,89489e37433ffff
6209,89489e37437ffff
6210,89489e3743bffff
6211,89489e37443ffff
6212,89489e37447ffff
6213,89489e3744bffff
6214,89489e3744fffff
6215,89489e37453ffff
6216,89489e37457ffff
6217,89489e3745bffff
6218,89489e37463ffff
6219,89489e37467ffff
6220,89489e3746bffff
6221,89489e3746fffff
6222,89489e37473ffff
6223,89489e37477ffff
6224,89489e3747bffff
6225,89489e37483ffff
6226,89489e37487ffff
6227,89489e3748bffff
6228,89489e3748fffff
6229,89489e37493ffff
6230,89489e37497ffff
6231,89489e3749bffff
6232,89489e374a3ffff
6233,89489e374a7ffff
6234,89489e374abffff
6235,89489e374afffff
6236,89489e374b3ffff
6237,89489e374b7ffff
6238,89489e374bbffff
6239,89489e374c3ffff
6240,89489e374c7ffff
6241,89489e374cbffff
6242,89489e374cfffff
6243,89489e374d3ffff
6244,89489e374d7ffff
6245,89489e374dbffff
6246,89489e37503ffff
6247,89489e37507ffff
6248,89489e3750bffff
6249,89489e3750fffff
6250,89489e37513ffff
6251,89489e37517ffff
6252,89489e3751bffff
6253,89489e37523ffff
6254,89489e37527ffff
6255,89489e3752bffff
6256,89489e3752fffff
6257,89489e37533ffff
6258,89489e37537ffff
6259,89489e3753bffff
6260,89489e37543ffff
6261,89489e37547ffff
6262,89489e3754bffff
6263,89489e3754fffff
6264,89489e37553ffff
6265,89489e37557ffff
6266,89489e3755bffff
6267,89489e37563ffff
6268,89489e37567ffff
6269,89489e3756bffff
6270,89489e3756fffff
6271,89489e37573ffff
6272,89489e37577ffff
6273,89489e3757bffff
6274,89489e37583ffff
6275,89489e37587ffff
6276,89489e3758bffff
6277,89489e3758fffff
6278,89489e37593ffff
6279,89489e37597ffff
6280,89489e3759bffff
6281,89489e375a3ffff
6282,89489e375a7ffff
6283,89489e375abffff
6284,89489e375afffff
6285,89489e375b3ffff
6286,89489e375b7ffff
6287,89489e375bbffff
6288,89489e375c3ffff
6289,89489e375c7ffff
6290,89489e375cbffff
6291,89489e375cfffff
6292,89489e375d3ffff
6293,89489e375d7ffff
6294,89489e375dbffff
6295,89489e37603ffff
6296,89489e37607ffff
6297,89489e3760bffff
6298,89489e3760fffff
6299,89489e37613ffff
6300,89489e37617ffff
6301,89489e3761bffff
6302,89489e37623ffff
6303,89489e37627ffff
6304,89489e3762bffff
6305,89489e3762fffff
6306,89489e37633ffff
6307,89489e37637ffff
6308,89489e3763bffff
6309,89489e37643ffff
6310,89489e37647ffff
6311,89489e3764bffff
6312,89489e3764fffff
6313,89489e37653ffff
6314,89489e37657ffff
6315,89489e3765bffff
6316,89489e37663ffff
6317,89489e37667ffff
6318,89489e3766bffff
6319,89489e3766fffff
6320,89489e37673ffff
6321,89489e37677ffff
6322,89489e3767bffff
6323,89489e37683ffff
6324,89489e37687ffff
6325,89489e3768bffff
6326,89489e3768fffff
6327,89489e37693ffff
6328,89489e37697ffff
6329,89489e3769bffff
6330,89489e376a3ffff
6331,89489e376a7ffff
6332,89489e376abffff
6333,89489e376afffff
6334,89489e376b3ffff
6335,89489e376b7ffff
6336,89489e376bbffff
6337,89489e376c3ffff
6338,89489e376c7ffff
6339,89489e376cbffff
6340,89489e376cfffff
6341,89489e376d3ffff
6342,89489e376d7ffff
6343,89489e376dbffff
6344,89489eac02fffff
6345,89489eac067ffff
6346,89489eac0a7ffff
6347,89489eac10bffff
6348,89489eac11bffff
6349,89489eac143ffff
6350,89489eac147ffff
6351,89489eac14bffff
6352,89489eac14fffff
6353,89489eac153ffff
6354,89489eac157ffff
6355,89489eac15bffff
6356,89489eac17bffff
6357,89489eac1c3ffff
6358,89489eac1c7ffff
6359,89489eac1cbffff
6360,89489eac1cfffff
6361,89489eac1d3ffff
6362,89489eac1d7ffff
6363,89489eac1dbffff
6364,89489eac223ffff
6365,89489eac227ffff
6366,89489eac22bffff
6367,89489eac22fffff
6368,89489eac267ffff
6369,89489eac26fffff
6370,89489eac277ffff
6371,89489eac303ffff
6372,89489eac307ffff
6373,89489eac30bffff
6374,89489eac30fffff
6375,89489eac313ffff
6376,89489eac317ffff
6377,89489eac31bffff
6378,89489eac323ffff
6379,89489eac327ffff
6380,89489eac32bffff
6381,89489eac32fffff
6382,89489eac333ffff
6383,89489eac337ffff
6384,89489eac33bffff
6385,89489eac343ffff
6386,89489eac347ffff
6387,89489eac34bffff
6388,89489eac34fffff
6389,89489eac353ffff
6390,89489eac357ffff
6391,89489eac35bffff
6392,89489eac363ffff
6393,89489eac367ffff
6394,89489eac36bffff
6395,89489eac36fffff
6396,89489eac373ffff
6397,89489eac377ffff
6398,89489eac37bffff
6399,89489eac387ffff
6400,89489eac38bffff
6401,89489eac38fffff
6402,89489eac393ffff
6403,89489eac397ffff
6404,89489eac39bffff
6405,89489eac3a3ffff
6406,89489eac3a7ffff
6407,89489eac3abffff
6408,89489eac3afffff
6409,89489eac3b3ffff
6410,89489eac3bbffff
6411,89489eac3c3ffff
6412,89489eac3c7ffff
6413,89489eac3cbffff
6414,89489eac3cfffff
6415,89489eac403ffff
6416,89489eac407ffff
6417,89489eac40bffff
6418,89489eac40fffff
6419,89489eac413ffff
6420,89489eac417ffff
6421,89489eac41bffff
6422,89489eac433ffff
6423,89489eac443ffff
6424,89489eac447ffff
6425,89489eac44bffff
6426,89489eac453ffff
6427,89489eac457ffff
6428,89489eac45bffff
6429,89489eac4abffff
6430,89489eac4cbffff
6431,89489eac4dbffff
6432,89489eac523ffff
6433,89489eac52bffff
6434,89489eac52fffff
6435,89489eac547ffff
6436,89489eac557ffff
6437,89489eac563ffff
6438,89489eac567ffff
6439,89489eac56bffff
6440,89489eac56fffff
6441,89489eac577ffff
6442,89489eac817ffff
6443,89489eac81bffff
6444,89489eac823ffff
6445,89489eac827ffff
6446,89489eac82bffff
6447,89489eac82fffff
6448,89489eac833ffff
6449,89489eac837ffff
6450,89489eac83bffff
6451,89489eac843ffff
6452,89489eac847ffff
6453,89489eac84bffff
6454,89489eac857ffff
6455,89489eac85bffff
6456,89489eac863ffff
6457,89489eac867ffff
6458,89489eac86bffff
6459,89489eac86fffff
6460,89489eac877ffff
6461,89489eac87bffff
6462,89489eac883ffff
6463,89489eac887ffff
6464,89489eac88bffff
6465,89489eac88fffff
6466,89489eac893ffff
6467,89489eac897ffff
6468,89489eac89bffff
6469,89489eac8a3ffff
6470,89489eac8a7ffff
6471,89489eac8abffff
6472,89489eac8afffff
6473,89489eac8b3ffff
6474,89489eac8b7ffff
6475,89489eac8bbffff
6476,89489eac8c3ffff
6477,89489eac8c7ffff
6478,89489eac8cfffff
6479,89489eac8d7ffff
6480,89489eac903ffff
6481,89489eac907ffff
6482,89489eac90bffff
6483,89489eac90fffff
6484,89489eac913ffff
6485,89489eac917ffff
6486,89489eac91bffff
6487,89489eac923ffff
6488,89489eac927ffff
6489,89489eac92bffff
6490,89489eac92fffff
6491,89489eac933ffff
6492,89489eac937ffff
6493,89489eac93bffff
6494,89489eac943ffff
6495,89489eac947ffff
6496,89489eac94bffff
6497,89489eac94fffff
6498,89489eac953ffff
6499,89489eac957ffff
6500,89489eac95bffff
6501,89489eac963ffff
6502,89489eac967ffff
6503,89489eac96bffff
6504,89489eac96fffff
6505,89489eac973ffff
6506,89489eac977ffff
6507,89489eac97bffff
6508,89489eac98bffff
6509,89489eac9a3ffff
6510,89489eac9a7ffff
6511,89489eac9abffff
6512,89489eac9afffff
6513,89489eac9b7ffff
6514,89489eac9bbffff
6515,89489eac9c3ffff
6516,89489eac9c7ffff
6517,89489eac9cbffff
6518,89489eac9cfffff
6519,89489eac9d3ffff
6520,89489eac9dbffff
6521,89489eaca03ffff
6522,89489eaca07ffff
6523,89489eaca0bffff
6524,89489eaca0fffff
6525,89489eaca13ffff
6526,89489eaca17ffff
6527,89489eaca1bffff
6528,89489eaca23ffff
6529,89489eaca27ffff
6530,89489eaca2bffff
6531,89489eaca2fffff
6532,89489eaca33ffff
6533,89489eaca37ffff
6534,89489eaca3bffff
6535,89489eaca43ffff
6536,89489eaca47ffff
6537,89489eaca4bffff
6538,89489eaca4fffff
6539,89489eaca53ffff
6540,89489eaca57ffff
6541,89489eaca5bffff
6542,89489eaca63ffff
6543,89489eaca67ffff
6544,89489eaca6bffff
6545,89489eaca6fffff
6546,89489eaca73ffff
6547,89489eaca77ffff
6548,89489eaca7bffff
6549,89489eaca83ffff
6550,89489eaca87ffff
6551,89489eaca8bffff
6552,89489eaca8fffff
6553,89489eaca93ffff
6554,89489eaca97ffff
6555,89489eaca9bffff
6556,89489eacaa3ffff
6557,89489eacaa7ffff
6558,89489eacaabffff
6559,89489eacaafffff
6560,89489eacab3ffff
6561,89489eacab7ffff
6562,89489eacabbffff
6563,89489eacac3ffff
6564,89489eacac7ffff
6565,89489eacacbffff
6566,89489eacacfffff
6567,89489eacad3ffff
6568,89489eacad7ffff
6569,89489eacadbffff
6570,89489eacb03ffff
6571,89489eacb07ffff
6572,89489eacb0bffff
6573,89489eacb0fffff
6574,89489eacb13ffff
6575,89489eacb17ffff
6576,89489eacb1bffff
6577,89489eacb23ffff
6578,89489eacb27ffff
6579,89489eacb2bffff
6580,89489eacb2fffff
6581,89489eacb33ffff
6582,89489eacb37ffff
6583,89489eacb3bffff
6584,89489eacb43ffff
6585,89489eacb47ffff
6586,89489eacb4bffff
6587,89489eacb4fffff
6588,89489eacb53ffff
6589,89489eacb57ffff
6590,89489eacb5bffff
6591,89489eacb63ffff
6592,89489eacb67ffff
6593,89489eacb6bffff
6594,89489eacb6fffff
6595,89489eacb73ffff
6596,89489eacb77ffff
6597,89489eacb7bffff
6598,89489eacb83ffff
6599,89489eacb87ffff
6600,89489eacb8bffff
6601,89489eacb8fffff
6602,89489eacb93ffff
6603,89489eacb97ffff
6604,89489eacb9bffff
6605,89489eacba3ffff
6606,89489eacba7ffff
6607,89489eacbabffff
6608,89489eacbafffff
6609,89489eacbb3ffff
6610,89489eacbb7ffff
6611,89489eacbbbffff
6612,89489eacbc3ffff
6613,89489eacbc7ffff
6614,89489eacbcbffff
6615,89489eacbcfffff
6616,89489eacbd3ffff
6617,89489eacbd7ffff
6618,89489eacbdbffff
6619,89489eacc07ffff
6620,89489eacc23ffff
6621,89489eacc27ffff
6622,89489eacc2bffff
6623,89489eacc2fffff
6624,89489eacc33ffff
6625,89489eacc67ffff
6626,89489eacc6fffff
6627,89489eaccafffff
6628,89489eaccb7ffff
6629,89489eacd03ffff
6630,89489eacd0bffff
6631,89489eacd13ffff
6632,89489eacd1bffff
6633,89489eacd43ffff
6634,89489eacd47ffff
6635,89489eacd4bffff
6636,89489eacd4fffff
6637,89489eacd53ffff
6638,89489eacd57ffff
6639,89489eacd5bffff
6640,89489eacd6bffff
6641,89489eacd7bffff
6642,89489eacd83ffff
6643,89489eacd8bffff
6644,89489eacd8fffff
6645,89489eacd9bffff
6646,89489eacdc3ffff
6647,89489eacdc7ffff
6648,89489eacdcbffff
6649,89489eacdcfffff
6650,89489eacdd3ffff
6651,89489eacdd7ffff
6652,89489eace03ffff
6653,89489eace07ffff
6654,89489eace0bffff
6655,89489eace0fffff
6656,89489eace13ffff
6657,89489eace17ffff
6658,89489eace1bffff
6659,89489eace23ffff
6660,89489eace2bffff
6661,89489eace2fffff
6662,89489eace33ffff
6663,89489eace3bffff
6664,89489eace43ffff
6665,89489eace47ffff
6666,89489eace4bffff
6667,89489eace4fffff
6668,89489eace53ffff
6669,89489eace57ffff
6670,89489eace5bffff
6671,89489eace63ffff
6672,89489eace67ffff
6673,89489eace6bffff
6674,89489eace6fffff
6675,89489eace73ffff
6676,89489eace77ffff
6677,89489eace7bffff
6678,89489eace8bffff
6679,89489eaceabffff
6680,89489eacec3ffff
6681,89489eacec7ffff
6682,89489eacecbffff
6683,89489eacecfffff
6684,89489eaced7ffff
6685,89489eacedbffff
6686,89489ead063ffff
6687,89489ead067ffff
6688,89489ead06fffff
6689,89489ead073ffff
6690,89489ead077ffff
6691,89489ead22bffff
6692,89489ead22fffff
6693,89489ead303ffff
6694,89489ead30bffff
6695,89489ead30fffff
6696,89489ead313ffff
6697,89489ead31bffff
6698,89489ead323ffff
6699,89489ead32bffff
6700,89489ead32fffff
6701,89489ead333ffff
6702,89489ead33bffff
6703,89489ead343ffff
6704,89489ead347ffff
6705,89489ead34bffff
6706,89489ead34fffff
6707,89489ead353ffff
6708,89489ead357ffff
6709,89489ead35bffff
6710,89489ead363ffff
6711,89489ead367ffff
6712,89489ead36bffff
6713,89489ead36fffff
6714,89489ead373ffff
6715,89489ead377ffff
6716,89489ead37bffff
6717,89489ead383ffff
6718,89489ead387ffff
6719,89489ead38bffff
6720,89489ead38fffff
6721,89489ead393ffff
6722,89489ead39bffff
6723,89489ead3abffff
6724,89489ead3b3ffff
6725,89489ead3b7ffff
6726,89489ead3c3ffff
6727,89489ead3c7ffff
6728,89489ead3cbffff
6729,89489ead3cfffff
6730,89489ead3d3ffff
6731,89489ead3d7ffff
6732,89489ead803ffff
6733,89489ead807ffff
6734,89489ead80bffff
6735,89489ead80fffff
6736,89489ead813ffff
6737,89489ead817ffff
6738,89489ead81bffff
6739,89489ead823ffff
6740,89489ead827ffff
6741,89489ead82bffff
6742,89489ead82fffff
6743,89489ead833ffff
6744,89489ead837ffff
6745,89489ead83bffff
6746,89489ead843ffff
6747,89489ead847ffff
6748,89489ead84bffff
6749,89489ead84fffff
6750,89489ead853ffff
6751,89489ead857ffff
6752,89489ead85bffff
6753,89489ead863ffff
6754,89489ead867ffff
6755,89489ead86bffff
6756,89489ead86fffff
6757,89489ead873ffff
6758,89489ead877ffff
6759,89489ead87bffff
6760,89489ead88bffff
6761,89489ead89bffff
6762,89489ead8afffff
6763,89489ead8c3ffff
6764,89489ead8c7ffff
6765,89489ead8cbffff
6766,89489ead8cfffff
6767,89489ead8d3ffff
6768,89489ead8d7ffff
6769,89489ead8dbffff
6770,89489ead903ffff
6771,89489ead907ffff
6772,89489ead90bffff
6773,89489ead90fffff
6774,89489ead913ffff
6775,89489ead917ffff
6776,89489ead91bffff
6777,89489ead923ffff
6778,89489ead927ffff
6779,89489ead92bffff
6780,89489ead92fffff
6781,89489ead933ffff
6782,89489ead937ffff
6783,89489ead93bffff
6784,89489ead943ffff
6785,89489ead947ffff
6786,89489ead94bffff
6787,89489ead94fffff
6788,89489ead953ffff
6789,89489ead957ffff
6790,89489ead95bffff
6791,89489ead963ffff
6792,89489ead967ffff
6793,89489ead96bffff
6794,89489ead96fffff
6795,89489ead973ffff
6796,89489ead977ffff
6797,89489ead97bffff
6798,89489ead983ffff
6799,89489ead987ffff
6800,89489ead98bffff
6801,89489ead98fffff
6802,89489ead993ffff
6803,89489ead997ffff
6804,89489ead99bffff
6805,89489ead9a3ffff
6806,89489ead9a7ffff
6807,89489ead9abffff
6808,89489ead9afffff
6809,89489ead9b3ffff
6810,89489ead9b7ffff
6811,89489ead9bbffff
6812,89489ead9c3ffff
6813,89489ead9c7ffff
6814,89489ead9cfffff
6815,89489ead9d3ffff
6816,89489ead9d7ffff
6817,89489ead9dbffff
6818,89489eada03ffff
6819,89489eada07ffff
6820,89489eada0bffff
6821,89489eada0fffff
6822,89489eada13ffff
6823,89489eada17ffff
6824,89489eada1bffff
6825,89489eada23ffff
6826,89489eada27ffff
6827,89489eada2bffff
6828,89489eada2fffff
6829,89489eada33ffff
6830,89489eada37ffff
6831,89489eada3bffff
6832,89489eada43ffff
6833,89489eada47ffff
6834,89489eada4fffff
6835,89489eada53ffff
6836,89489eada57ffff
6837,89489eada63ffff
6838,89489eada67ffff
6839,89489eada6bffff
6840,89489eada6fffff
6841,89489eada73ffff
6842,89489eada77ffff
6843,89489eada7bffff
6844,89489eada83ffff
6845,89489eada87ffff
6846,89489eada8bffff
6847,89489eada8fffff
6848,89489eada93ffff
6849,89489eada97ffff
6850,89489eada9bffff
6851,89489eadaa3ffff
6852,89489eadaa7ffff
6853,89489eadaabffff
6854,89489eadaafffff
6855,89489eadab3ffff
6856,89489eadab7ffff
6857,89489eadabbffff
6858,89489eadac3ffff
6859,89489eadac7ffff
6860,89489eadacbffff
6861,89489eadacfffff
6862,89489eadad3ffff
6863,89489eadad7ffff
6864,89489eadadbffff
6865,89489eadb03ffff
6866,89489eadb07ffff
6867,89489eadb0bffff
6868,89489eadb0fffff
6869,89489eadb13ffff
6870,89489eadb17ffff
6871,89489eadb1bffff
6872,89489eadb23ffff
6873,89489eadb27ffff
6874,89489eadb2bffff
6875,89489eadb2fffff
6876,89489eadb33ffff
6877,89489eadb37ffff
6878,89489eadb3bffff
6879,89489eadb43ffff
6880,89489eadb47ffff
6881,89489eadb4bffff
6882,89489eadb4fffff
6883,89489eadb53ffff
6884,89489eadb57ffff
6885,89489eadb5bffff
6886,89489eadb63ffff
6887,89489eadb67ffff
6888,89489eadb6bffff
6889,89489eadb6fffff
6890,89489eadb73ffff
6891,89489eadb77ffff
6892,89489eadb7bffff
6893,89489eadb83ffff
6894,89489eadb87ffff
6895,89489eadb8bffff
6896,89489eadb8fffff
6897,89489eadb93ffff
6898,89489eadb97ffff
6899,89489eadb9bffff
6900,89489eadba3ffff
6901,89489eadba7ffff
6902,89489eadbabffff
6903,89489eadbafffff
6904,89489eadbb3ffff
6905,89489eadbb7ffff
6906,89489eadbbbffff
6907,89489eadbc3ffff
6908,89489eadbc7ffff
6909,89489eadbcbffff
6910,89489eadbcfffff
6911,89489eadbd3ffff
6912,89489eadbd7ffff
6913,89489eadbdbffff
6914,89489eadc07ffff
6915,89489eadc0bffff
6916,89489eadc13ffff
6917,89489eadc1bffff
6918,89489eadc43ffff
6919,89489eadc47ffff
6920,89489eadc4bffff
6921,89489eadc4fffff
6922,89489eadc53ffff
6923,89489eadc57ffff
6924,89489eadc63ffff
6925,89489eadc67ffff
6926,89489eadc6bffff
6927,89489eadc6fffff
6928,89489eadc73ffff
6929,89489eadc77ffff
6930,89489eadc7bffff
6931,89489eadc83ffff
6932,89489eadc87ffff
6933,89489eadc8bffff
6934,89489eadc8fffff
6935,89489eadc93ffff
6936,89489eadc97ffff
6937,89489eadc9bffff
6938,89489eadca3ffff
6939,89489eadca7ffff
6940,89489eadcb3ffff
6941,89489eadcbbffff
6942,89489eadcc3ffff
6943,89489eadcc7ffff
6944,89489eadccbffff
6945,89489eadccfffff
6946,89489eadcd7ffff
6947,89489eadd03ffff
6948,89489eadd07ffff
6949,89489eadd0bffff
6950,89489eadd0fffff
6951,89489eadd13ffff
6952,89489eadd17ffff
6953,89489eadd1bffff
6954,89489eadd23ffff
6955,89489eadd27ffff
6956,89489eadd2bffff
6957,89489eadd2fffff
6958,89489eadd33ffff
6959,89489eadd37ffff
6960,89489eadd3bffff
6961,89489eadd43ffff
6962,89489eadd47ffff
6963,89489eadd57ffff
6964,89489eadd63ffff
6965,89489eadd67ffff
6966,89489eadd73ffff
6967,89489eadd77ffff
6968,89489eadd7bffff
6969,89489eadd83ffff
6970,89489eadd87ffff
6971,89489eadd8bffff
6972,89489eadd8fffff
6973,89489eadd93ffff
6974,89489eadd97ffff
6975,89489eadd9bffff
6976,89489eadda3ffff
6977,89489eadda7ffff
6978,89489eaddabffff
6979,89489eaddafffff
6980,89489eaddb3ffff
6981,89489eaddb7ffff
6982,89489eaddbbffff
6983,89489eaddc7ffff
6984,89489eaddd3ffff
6985,89489eaddd7ffff
6986,89489eade03ffff
6987,89489eade07ffff
6988,89489eade0fffff
6989,89489eade13ffff
6990,89489eade17ffff
6991,89489eade23ffff
6992,89489eade27ffff
6993,89489eade2bffff
6994,89489eade2fffff
6995,89489eade33ffff
6996,89489eade37ffff
6997,89489eade3bffff
6998,89489eade47ffff
6999,89489eade4bffff
7000,89489eade4fffff
7001,89489eade53ffff
7002,89489eade5bffff
7003,89489eade63ffff
7004,89489eade67ffff
7005,89489eade6bffff
7006,89489eade6fffff
7007,89489eade73ffff
7008,89489eade77ffff
7009,89489eade7bffff
7010,89489eade8bffff
7011,89489eade8fffff
7012,89489eadea3ffff
7013,89489eadea7ffff
7014,89489eadeabffff
7015,89489eadeafffff
7016,89489eadeb3ffff
7017,89489eadeb7ffff
7018,89489eadebbffff
7019,89489eaeb23ffff
7020,89489eaeb2fffff
7021,89489eaeb63ffff
7022,89489eaeb67ffff
7023,89489eaeb6bffff
7024,89489eaeb6fffff
7025,89489eaf127ffff
7026,89489eaf137ffff
7027,89489eaf1a7ffff
7028,8948985a493ffff
7029,8948985a49bffff
7030,8948985a4d3ffff
7031,8948985a4d7ffff
7032,894898c8003ffff
7033,894898c8067ffff
7034,894898c80c3ffff
7035,894898c80cfffff
7036,894898c8223ffff
7037,894898c822bffff
7038,894898c823bffff
7039,894898c8267ffff
7040,894898c826bffff
7041,894898c826fffff
7042,894898c83c3ffff
7043,894898c8473ffff
7044,894898c864bffff
7045,894898c8653ffff
7046,894898c9137ffff
7047,894898c916bffff
7048,894898c916fffff
7049,894898c918bffff
7050,894898c919bffff
7051,894898c91a7ffff
7052,894898c93b7ffff
7053,894898c9483ffff
7054,894898c952bffff
7055,894898c95abffff
7056,894898c95b3ffff
7057,894898c9613ffff
7058,894898c9643ffff
7059,894898c964bffff
7060,894898c9653ffff
7061,894898c965bffff
7062,894898c9683ffff
7063,894898c968bffff
7064,894898c968fffff
7065,894898c969bffff
7066,894898c96afffff
7067,894898c96c3ffff
7068,894898c96c7ffff
7069,894898c96cbffff
7070,894898c96d3ffff
7071,894898c96d7ffff
7072,894898c96dbffff
7073,894898c9a83ffff
7074,894898c9a8bffff
7075,894898c9ac7ffff
7076,894898c9acbffff
7077,894898c9c43ffff
7078,894898c9ccbffff
7079,894898c9cd3ffff
7080,894898c9e07ffff
7081,894898c9e3bffff
7082,894898c9e67ffff
7083,894898c9e83ffff
7084,894898c9e9bffff
7085,894898c9ebbffff
7086,894898ca227ffff
7087,894898ca283ffff
7088,894898ca2a7ffff
7089,894898ca2c3ffff
7090,894898ca2cbffff
7091,894898ca2cfffff
7092,894898cb027ffff
7093,894898cb037ffff
7094,894898cb0a7ffff
7095,894898cb107ffff
7096,894898cb20fffff
7097,894898cb2dbffff
7098,894898cb327ffff
7099,894898cb337ffff
7100,894898cb38bffff
7101,894898cb3a7ffff
7102,894898d8603ffff
7103,894898d8643ffff
7104,894898d8647ffff
7105,894898d864bffff
7106,894898d864fffff
7107,894898d8653ffff
7108,894898d8657ffff
7109,894898d865bffff
7110,894898d8683ffff
7111,894898d9183ffff
7112,894898d918fffff
7113,894898d919bffff
7114,894898d9503ffff
7115,894898d9513ffff
7116,894898d951bffff
7117,894898d9567ffff
7118,894898d9583ffff
7119,894898d9587ffff
7120,894898d958bffff
7121,894898d958fffff
7122,894898d9597ffff
7123,894898d959bffff
7124,894898d95a3ffff
7125,894898d95b3ffff
7126,894898d95b7ffff
7127,894898d95bbffff
7128,894898d95c3ffff
7129,894898d95c7ffff
7130,894898d95cfffff
7131,894898d95d7ffff
7132,894898d9c1bffff
7133,894898d9c2bffff
7134,894898d9c73ffff
7135,894898d9c7bffff
7136,894898d9cc3ffff
7137,894898d9ccfffff
7138,894898d9e7bffff
7139,894898db007ffff
7140,894898db013ffff
7141,894898db01bffff
7142,894898db03bffff
7143,894898db047ffff
7144,894898db06bffff
7145,894898db07bffff
7146,894898db0c3ffff
7147,894898db0cfffff
7148,894898db123ffff
7149,894898db12fffff
7150,894898db133ffff
7151,894898db18bffff
7152,894898db1abffff
7153,894898db1d7ffff
7154,894898db24fffff
7155,894898db257ffff
7156,894898db2a7ffff
7157,894898db2d3ffff
7158,894898db327ffff
7159,894898db36fffff
7160,894898db393ffff
7161,894898db39bffff
7162,894898db3d3ffff
7163,894898db3d7ffff
7164,894898db437ffff
7165,894898db443ffff
7166,894898db44bffff
7167,894898db457ffff
7168,894898db483ffff
7169,894898db487ffff
7170,894898db493ffff
7171,894898db497ffff
7172,894898db49bffff
7173,894898db4a3ffff
7174,894898db4a7ffff
7175,894898db4abffff
7176,894898db4afffff
7177,894898db4b3ffff
7178,894898db4b7ffff
7179,894898db4bbffff
7180,894898db4c3ffff
7181,894898db4cbffff
7182,894898db4d3ffff
7183,894898db4d7ffff
7184,894898db4dbffff
7185,894898db503ffff
7186,894898db507ffff
7187,894898db50bffff
7188,894898db50fffff
7189,894898db513ffff
7190,894898db517ffff
7191,894898db51bffff
7192,894898db543ffff
7193,894898db547ffff
7194,894898db553ffff
7195,894898db557ffff
7196,894898db56bffff
7197,894898db57bffff
7198,894898db58bffff
7199,894898db59bffff
7200,894898db5c3ffff
7201,894898db5c7ffff
7202,894898db5cbffff
7203,894898db5cfffff
7204,894898db5d3ffff
7205,894898db5d7ffff
7206,894898db5dbffff
7207,894898db60fffff
7208,894898db617ffff
7209,894898db643ffff
7210,894898db647ffff
7211,894898db66bffff
7212,894898db67bffff
7213,894898db6a3ffff
7214,894898db6afffff
7215,894898db6b3ffff
7216,89489e2002bffff
7217,89489e200b3ffff
7218,89489e20127ffff
7219,89489e20137ffff
7220,89489e2014bffff
7221,89489e20153ffff
7222,89489e2015bffff
7223,89489e20163ffff
7224,89489e2016bffff
7225,89489e2016fffff
7226,89489e20183ffff
7227,89489e201a3ffff
7228,89489e201a7ffff
7229,89489e201afffff
7230,89489e201b3ffff
7231,89489e201b7ffff
7232,89489e201c3ffff
7233,89489e201cfffff
7234,89489e20283ffff
7235,89489e20287ffff
7236,89489e2029bffff
7237,89489e202a7ffff
7238,89489e202bbffff
7239,89489e2032fffff
7240,89489e20337ffff
7241,89489e20383ffff
7242,89489e20393ffff
7243,89489e20397ffff
7244,89489e2039bffff
7245,89489e203b3ffff
7246,89489e203b7ffff
7247,89489e203d3ffff
7248,89489e203d7ffff
7249,89489e20457ffff
7250,89489e2045bffff
7251,89489e204cbffff
7252,89489e204cfffff
7253,89489e20507ffff
7254,89489e2050fffff
7255,89489e20523ffff
7256,89489e2052fffff
7257,89489e20537ffff
7258,89489e20553ffff
7259,89489e20573ffff
7260,89489e2057bffff
7261,89489e205a7ffff
7262,89489e205abffff
7263,89489e205c3ffff
7264,89489e205d3ffff
7265,89489e20643ffff
7266,89489e2064fffff
7267,89489e20653ffff
7268,89489e2066bffff
7269,89489e2066fffff
7270,89489e206c3ffff
7271,89489e206cbffff
7272,89489e20813ffff
7273,89489e20827ffff
7274,89489e2082fffff
7275,89489e20843ffff
7276,89489e20847ffff
7277,89489e20857ffff
7278,89489e20867ffff
7279,89489e2086bffff
7280,89489e20883ffff
7281,89489e20887ffff
7282,89489e2088bffff
7283,89489e208a3ffff
7284,89489e208a7ffff
7285,89489e208dbffff
7286,89489e20963ffff
7287,89489e20967ffff
7288,89489e2096fffff
7289,89489e209dbffff
7290,89489e20a33ffff
7291,89489e20a37ffff
7292,89489e20a97ffff
7293,89489e20aa7ffff
7294,89489e20abbffff
7295,89489e20b83ffff
7296,89489e20b87ffff
7297,89489e20b8bffff
7298,89489e20b8fffff
7299,89489e20bafffff
7300,89489e20bbbffff
7301,89489e20bcbffff
7302,89489e20bd7ffff
7303,89489e20bdbffff
7304,89489e20c0bffff
7305,89489e20c4fffff
7306,89489e20c53ffff
7307,89489e20c57ffff
7308,89489e20c5bffff
7309,89489e20c73ffff
7310,89489e20c83ffff
7311,89489e20c8bffff
7312,89489e20c93ffff
7313,89489e20c9bffff
7314,89489e20cc7ffff
7315,89489e20ccbffff
7316,89489e20ccfffff
7317,89489e20cdbffff
7318,89489e20e07ffff
7319,89489e20e23ffff
7320,89489e20e2fffff
7321,89489e20e4bffff
7322,89489e20e4fffff
7323,89489e20e63ffff
7324,89489e20e77ffff
7325,89489e20e7bffff
7326,89489e20ea3ffff
7327,89489e20ea7ffff
7328,89489e20eabffff
7329,89489e20eafffff
7330,89489e20ec3ffff
7331,89489e20ed3ffff
7332,89489e215b7ffff
7333,89489e2201bffff
7334,89489e22023ffff
7335,89489e22033ffff
7336,89489e2203bffff
7337,89489e22043ffff
7338,89489e22047ffff
7339,89489e2205bffff
7340,89489e22067ffff
7341,89489e22077ffff
7342,89489e22083ffff
7343,89489e2208bffff
7344,89489e2208fffff
7345,89489e220a3ffff
7346,89489e220a7ffff
7347,89489e220abffff
7348,89489e2216fffff
7349,89489e221dbffff
7350,89489e22253ffff
7351,89489e2225bffff
7352,89489e222c3ffff
7353,89489e222cfffff
7354,89489e222d3ffff
7355,89489e222dbffff
7356,89489e22307ffff
7357,89489e22333ffff
7358,89489e22337ffff
7359,89489e22363ffff
7360,89489e223a7ffff
7361,89489e22403ffff
7362,89489e22407ffff
7363,89489e22413ffff
7364,89489e22417ffff
7365,89489e2241bffff
7366,89489e22467ffff
7367,89489e2248fffff
7368,89489e2249bffff
7369,89489e224b3ffff
7370,89489e22593ffff
7371,89489e225d3ffff
7372,89489e2262fffff
7373,89489e2282bffff
7374,89489e2282fffff
7375,89489e2284fffff
7376,89489e22853ffff
7377,89489e2287bffff
7378,89489e22883ffff
7379,89489e22893ffff
7380,89489e228d7ffff
7381,89489e22a27ffff
7382,89489e22a2bffff
7383,89489e22a2fffff
7384,89489e22a63ffff
7385,89489e22a7bffff
7386,89489e22a93ffff
7387,89489e22ad3ffff
7388,89489e22adbffff
7389,89489e22b8bffff
7390,89489e22b97ffff
7391,89489e22bc3ffff
7392,89489e22bcfffff
7393,89489e22c63ffff
7394,89489e22c67ffff
7395,89489e22e23ffff
7396,89489e22e2fffff
7397,89489e22e33ffff
7398,89489e22e3bffff
7399,89489e22e43ffff
7400,89489e22e5bffff
7401,89489e22e63ffff
7402,89489e22e6bffff
7403,89489e22e77ffff
7404,89489e22eafffff
7405,89489e22ed7ffff
7406,89489e2310bffff
7407,89489e2310fffff
7408,89489e23113ffff
7409,89489e23127ffff
7410,89489e23163ffff
7411,89489e2316fffff
7412,89489e23177ffff
7413,89489e2318bffff
7414,89489e23193ffff
7415,89489e235a7ffff
7416,89489e24033ffff
7417,89489e24037ffff
7418,89489e2403bffff
7419,89489e24103ffff
7420,89489e2410fffff
7421,89489e2412bffff
7422,89489e24143ffff
7423,89489e24177ffff
7424,89489e2417bffff
7425,89489e241a7ffff
7426,89489e241c7ffff
7427,89489e241d3ffff
7428,89489e241dbffff
7429,89489e2456fffff
7430,89489e24993ffff
7431,89489e2499bffff
7432,89489e249cfffff
7433,89489e249d7ffff
7434,89489e24a23ffff
7435,89489e24a2bffff
7436,89489e24a4fffff
7437,89489e24a57ffff
7438,89489e24ac7ffff
7439,89489e24acfffff
7440,89489e24ad3ffff
7441,89489e24b93ffff
7442,89489e24bd3ffff
7443,89489e24bdbffff
7444,89489e24c1bffff
7445,89489e24c47ffff
7446,89489e24c4fffff
7447,89489e24c53ffff
7448,89489e24c5bffff
7449,89489e24c9bffff
7450,89489e24cc7ffff
7451,89489e24ccbffff
7452,89489e24cd7ffff
7453,89489e24d07ffff
7454,89489e24d13ffff
7455,89489e24d2bffff
7456,89489e24d3bffff
7457,89489e24d87ffff
7458,89489e24d8fffff
7459,89489e24e07ffff
7460,89489e24e7bffff
7461,89489e24e93ffff
7462,89489e24e97ffff
7463,89489e24eb3ffff
7464,89489e25003ffff
7465,89489e2500fffff
7466,89489e25013ffff
7467,89489e25043ffff
7468,89489e25047ffff
7469,89489e2505bffff
7470,89489e25063ffff
7471,89489e2508bffff
7472,89489e2509bffff
7473,89489e250dbffff
7474,89489e25187ffff
7475,89489e2542bffff
7476,89489e2542fffff
7477,89489e2544bffff
7478,89489e25467ffff
7479,89489e2546bffff
7480,89489e25477ffff
7481,89489e2547bffff
7482,89489e2552bffff
7483,89489e25577ffff
7484,89489e25617ffff
7485,89489e2562bffff
7486,89489e2562fffff
7487,89489e2563bffff
7488,89489e25693ffff
7489,89489e25697ffff
7490,89489e256a3ffff
7491,89489e256a7ffff
7492,89489e256abffff
7493,89489e256afffff
7494,89489e256b3ffff
7495,89489e256dbffff
7496,89489e259b7ffff
7497,89489e26023ffff
7498,89489e2603bffff
7499,89489e26103ffff
7500,89489e26107ffff
7501,89489e2610bffff
7502,89489e2611bffff
7503,89489e26143ffff
7504,89489e26147ffff
7505,89489e2614fffff
7506,89489e26157ffff
7507,89489e26167ffff
7508,89489e2617bffff
7509,89489e261abffff
7510,89489e261afffff
7511,89489e26397ffff
7512,89489e26593ffff
7513,89489e26597ffff
7514,89489e265bbffff
7515,89489e2690bffff
7516,89489e26953ffff
7517,89489e26957ffff
7518,89489e26973ffff
7519,89489e26993ffff
7520,89489e2699bffff
7521,89489e269c3ffff
7522,89489e269cbffff
7523,89489e26a63ffff
7524,89489e26a67ffff
7525,89489e26b2fffff
7526,89489e26b3bffff
7527,89489e26bb7ffff
7528,89489e26c1bffff
7529,89489e26c4fffff
7530,89489e26c7bffff
7531,89489e26cc7ffff
7532,89489e26cdbffff
7533,89489e26d23ffff
7534,89489e26d2fffff
7535,89489e26e83ffff
7536,89489e26e8fffff
7537,89489e26e9bffff
7538,89489e26eb3ffff
7539,89489e26ebbffff
7540,89489e30027ffff
7541,89489e3002bffff
7542,89489e3002fffff
7543,89489e30043ffff
7544,89489e30047ffff
7545,89489e30053ffff
7546,89489e30063ffff
7547,89489e3006bffff
7548,89489e3006fffff
7549,89489e30073ffff
7550,89489e30077ffff
7551,89489e30097ffff
7552,89489e300b7ffff
7553,89489e300c3ffff
7554,89489e300dbffff
7555,89489e30113ffff
7556,89489e3011bffff
7557,89489e3012fffff
7558,89489e30147ffff
7559,89489e30157ffff
7560,89489e3018bffff
7561,89489e3018fffff
7562,89489e30197ffff
7563,89489e3019bffff
7564,89489e301c7ffff
7565,89489e301cfffff
7566,89489e301d3ffff
7567,89489e3022bffff
7568,89489e30233ffff
7569,89489e3030bffff
7570,89489e3031bffff
7571,89489e30343ffff
7572,89489e30383ffff
7573,89489e30387ffff
7574,89489e3038bffff
7575,89489e303b3ffff
7576,89489e303cbffff
7577,89489e303d3ffff
7578,89489e303dbffff
7579,89489e30463ffff
7580,89489e30467ffff
7581,89489e30473ffff
7582,89489e30487ffff
7583,89489e3048bffff
7584,89489e3048fffff
7585,89489e304c3ffff
7586,89489e3052fffff
7587,89489e30537ffff
7588,89489e30543ffff
7589,89489e30547ffff
7590,89489e3056bffff
7591,89489e306abffff
7592,89489e306afffff
7593,89489e306b3ffff
7594,89489e30803ffff
7595,89489e30807ffff
7596,89489e3086fffff
7597,89489e30873ffff
7598,89489e30877ffff
7599,89489e308abffff
7600,89489e308afffff
7601,89489e308c3ffff
7602,89489e308c7ffff
7603,89489e30963ffff
7604,89489e3096fffff
7605,89489e30977ffff
7606,89489e309c7ffff
7607,89489e309dbffff
7608,89489e30a07ffff
7609,89489e30a0fffff
7610,89489e30a33ffff
7611,89489e30a3bffff
7612,89489e30a63ffff
7613,89489e30a67ffff
7614,89489e30a6fffff
7615,89489e30aa3ffff
7616,89489e30aabffff
7617,89489e30b2fffff
7618,89489e30c5bffff
7619,89489e30e17ffff
7620,89489e30e1bffff
7621,89489e30e43ffff
7622,89489e30e57ffff
7623,89489e30eabffff
7624,89489e31c13ffff
7625,89489e31c8bffff
7626,89489e31c93ffff
7627,89489e31cabffff
7628,89489e31d8bffff
7629,89489e31dd7ffff
7630,89489e31ddbffff
7631,89489e3204fffff
7632,89489e3206bffff
7633,89489e3206fffff
7634,89489e32203ffff
7635,89489e32207ffff
7636,89489e3220fffff
7637,89489e3223bffff
7638,89489e32263ffff
7639,89489e32267ffff
7640,89489e32287ffff
7641,89489e322abffff
7642,89489e322afffff
7643,89489e322bbffff
7644,89489e32307ffff
7645,89489e32317ffff
7646,89489e32363ffff
7647,89489e32377ffff
7648,89489e3237bffff
7649,89489e32383ffff
7650,89489e3238fffff
7651,89489e3239bffff
7652,89489e32823ffff
7653,89489e32827ffff
7654,89489e3283bffff
7655,89489e32843ffff
7656,89489e3284bffff
7657,89489e32857ffff
7658,89489e3285bffff
7659,89489e32863ffff
7660,89489e32867ffff
7661,89489e32873ffff
7662,89489e32877ffff
7663,89489e3290bffff
7664,89489e3290fffff
7665,89489e3293bffff
7666,89489e3294bffff
7667,89489e32957ffff
7668,89489e3295bffff
7669,89489e32967ffff
7670,89489e32973ffff
7671,89489e32977ffff
7672,89489e3297bffff
7673,89489e3298fffff
7674,89489e329abffff
7675,89489e329bbffff
7676,89489e329c7ffff
7677,89489e329cfffff
7678,89489e32a83ffff
7679,89489e32a97ffff
7680,89489e32a9bffff
7681,89489e32adbffff
7682,89489e32d37ffff
7683,89489e32e03ffff
7684,89489e32e13ffff
7685,89489e32e37ffff
7686,89489e32e73ffff
7687,89489e32e8fffff
7688,89489e32ea3ffff
7689,89489e32ebbffff
7690,89489e340b7ffff
7691,89489e34123ffff
7692,89489e3412bffff
7693,89489e34133ffff
7694,89489e34183ffff
7695,89489e34187ffff
7696,89489e3418bffff
7697,89489e3419bffff
7698,89489e341b3ffff
7699,89489e34507ffff
7700,89489e3450fffff
7701,89489e34533ffff
7702,89489e34543ffff
7703,89489e3454fffff
7704,89489e34567ffff
7705,89489e3456bffff
7706,89489e34833ffff
7707,89489e34847ffff
7708,89489e34857ffff
7709,89489e348a7ffff
7710,89489e348abffff
7711,89489e348c7ffff
7712,89489e348d7ffff
7713,89489e3494fffff
7714,89489e34963ffff
7715,89489e34967ffff
7716,89489e3496bffff
7717,89489e3496fffff
7718,89489e3497bffff
7719,89489e34ab7ffff
7720,89489e34abbffff
7721,89489e34b27ffff
7722,89489e34b37ffff
7723,89489e34b8fffff
7724,89489e34ba3ffff
7725,89489e34ba7ffff
7726,89489e34babffff
7727,89489e34bafffff
7728,89489e34bb3ffff
7729,89489e34bb7ffff
7730,89489e34c07ffff
7731,89489e34c5bffff
7732,89489e34c67ffff
7733,89489e34cabffff
7734,89489e34cafffff
7735,89489e34d2bffff
7736,89489e34d67ffff
7737,89489e34dabffff
7738,89489e34e0fffff
7739,89489e34e73ffff
7740,89489e34e8bffff
7741,89489e356c3ffff
7742,89489e356cbffff
7743,89489e3602fffff
7744,89489e36033ffff
7745,89489e360a3ffff
7746,89489e360b7ffff
7747,89489e36113ffff
7748,89489e36143ffff
7749,89489e36147ffff
7750,89489e3614fffff
7751,89489e36153ffff
7752,89489e36157ffff
7753,89489e36183ffff
7754,89489e3618bffff
7755,89489e36193ffff
7756,89489e3652bffff
7757,89489e3652fffff
7758,89489e3653bffff
7759,89489e36547ffff
7760,89489e36573ffff
7761,89489e36883ffff
7762,89489e3688fffff
7763,89489e368b3ffff
7764,89489e368bbffff
7765,89489e3695bffff
7766,89489e369c3ffff
7767,89489e369cfffff
7768,89489e369dbffff
7769,89489e36a8bffff
7770,89489e36a8fffff
7771,89489e36aafffff
7772,89489e36abbffff
7773,89489e36ac3ffff
7774,89489e36acbffff
7775,89489e36ad7ffff
7776,89489e36b57ffff
7777,89489e36bc7ffff
7778,89489e36bdbffff
7779,89489e36c23ffff
7780,89489e36c2fffff
7781,89489e36cabffff
7782,89489e36d6bffff
7783,89489e36d8bffff
7784,89489e36dd3ffff
7785,89489e36dd7ffff
7786,89489ea5a23ffff
7787,89489ea5a27ffff
7788,89489ea5a2bffff
7789,89489ea5a2fffff
7790,89489ea5a37ffff
7791,89489ea5a63ffff
7792,89489ea5a67ffff
7793,89489ea5a6bffff
7794,89489ea5a6fffff
7795,89489ea5a77ffff
7796,89489ea5b0bffff
7797,89489ea5b0fffff
7798,89489ea5b1bffff
7799,89489ea5b43ffff
7800,89489ea5b47ffff
7801,89489ea5b4bffff
7802,89489ea5b4fffff
7803,89489ea5b53ffff
7804,89489ea5b57ffff
7805,89489ea5b5bffff
7806,89489ea5b63ffff
7807,89489ea5b67ffff
7808,89489ea5b6bffff
7809,89489ea5b6fffff
7810,89489ea5b73ffff
7811,89489ea5b77ffff
7812,89489ea5b7bffff
7813,89489ea5bc3ffff
7814,89489ea5bc7ffff
7815,89489ea5bcbffff
7816,89489ea5bcfffff
7817,89489eac003ffff
7818,89489eac00bffff
7819,89489eac017ffff
7820,89489eac01bffff
7821,89489eac027ffff
7822,89489eac02bffff
7823,89489eac037ffff
7824,89489eac057ffff
7825,89489eac063ffff
7826,89489eac06fffff
7827,89489eac0a3ffff
7828,89489eac0abffff
7829,89489eac0b7ffff
7830,89489eac0bbffff
7831,89489eac16bffff
7832,89489eac16fffff
7833,89489eac237ffff
7834,89489eac23bffff
7835,89489eac263ffff
7836,89489eac383ffff
7837,89489eac3b7ffff
7838,89489eac3d7ffff
7839,89489eac3dbffff
7840,89489eac51bffff
7841,89489eac54fffff
7842,89489eac57bffff
7843,89489eac5c3ffff
7844,89489eac5c7ffff
7845,89489eac5cfffff
7846,89489eac803ffff
7847,89489eac807ffff
7848,89489eac80bffff
7849,89489eac80fffff
7850,89489eac813ffff
7851,89489eac84fffff
7852,89489eac853ffff
7853,89489eac873ffff
7854,89489eac8d3ffff
7855,89489eac983ffff
7856,89489eac987ffff
7857,89489eac98fffff
7858,89489eac9b3ffff
7859,89489eac9d7ffff
7860,89489eacc37ffff
7861,89489eacc3bffff
7862,89489eacc63ffff
7863,89489eacc6bffff
7864,89489eacc73ffff
7865,89489eacc77ffff
7866,89489eacc7bffff
7867,89489eacca3ffff
7868,89489eacca7ffff
7869,89489eaccabffff
7870,89489eacd07ffff
7871,89489eacd17ffff
7872,89489eacd63ffff
7873,89489eacd6fffff
7874,89489eacd73ffff
7875,89489eacd87ffff
7876,89489eacd93ffff
7877,89489eacd97ffff
7878,89489eacdb3ffff
7879,89489eacdbbffff
7880,89489eacddbffff
7881,89489eace27ffff
7882,89489eace37ffff
7883,89489eace83ffff
7884,89489eace8fffff
7885,89489eace9bffff
7886,89489eacebbffff
7887,89489eaced3ffff
7888,89489ead163ffff
7889,89489ead167ffff
7890,89489ead16bffff
7891,89489ead16fffff
7892,89489ead327ffff
7893,89489ead883ffff
7894,89489ead88fffff
7895,89489ead893ffff
7896,89489ead8a7ffff
7897,89489ead8abffff
7898,89489ead9cbffff
7899,89489eada4bffff
7900,89489eada5bffff
7901,89489eadc03ffff
7902,89489eadc0fffff
7903,89489eadc17ffff
7904,89489eadc2bffff
7905,89489eadc3bffff
7906,89489eadc5bffff
7907,89489eadcafffff
7908,89489eadcb7ffff
7909,89489eadcd3ffff
7910,89489eadcdbffff
7911,89489eadd4fffff
7912,89489eadd53ffff
7913,89489eadd6fffff
7914,89489eaddc3ffff
7915,89489eadddbffff
7916,89489eade0bffff
7917,89489eade1bffff
7918,89489eade43ffff
7919,89489eade57ffff
7920,89489eade83ffff
7921,89489eade87ffff
7922,89489eade97ffff
7923,89489eade9bffff
7924,89489eadec3ffff
7925,89489eadec7ffff
7926,89489eaded3ffff
7927,89489eaded7ffff
7928,89489eadedbffff
7929,89489eae907ffff
7930,89489eae90fffff
7931,89489eae917ffff
7932,89489eae923ffff
7933,89489eae927ffff
7934,89489eae92bffff
7935,89489eae933ffff
7936,89489eae937ffff
7937,89489eae93bffff
7938,89489eae9a3ffff
7939,89489eae9a7ffff
7940,89489eae9abffff
7941,89489eae9afffff
7942,89489eae9b7ffff
7943,89489eae9bbffff
7944,89489eaeb07ffff
7945,89489eaeb27ffff
7946,89489eaeb2bffff
7947,89489eaeb33ffff
7948,89489eaeb3bffff
7949,89489eaeb77ffff
7950,89489eaeb7bffff
