hex_id,h3_index,effective_start_date,effective_end_date,jp_district,boundary_vintage,assignment_method,assignment_status,boundary_source_url
2112,89489e2402fffff,2012-01-01,2021-12-31,JP1,2012-2021,hex_point_on_surface,assigned,https://gis.wilco.org/arcgis/rest/services/public/county_historical_administrative_boundaries/MapServer/0/query?where=1%3D1&outFields=PCT_NUMBER&returnGeometry=true&outSR=4326&f=geojson
2120,89489e24067ffff,2012-01-01,2021-12-31,,2012-2021,hex_point_on_surface,outside_official_precinct_geometry,https://gis.wilco.org/arcgis/rest/services/public/county_historical_administrative_boundaries/MapServer/0/query?where=1%3D1&outFields=PCT_NUMBER&returnGeometry=true&outSR=4326&f=geojson
2121,89489e2406fffff,2012-01-01,2021-12-31,JP1,2012-2021,hex_point_on_surface,assigned,https://gis.wilco.org/arcgis/rest/services/public/county_historical_administrative_boundaries/MapServer/0/query?where=1%3D1&outFields=PCT_NUMBER&returnGeometry=true&outSR=4326&f=geojson
2132,89489e240a7ffff,2012-01-01,2021-12-31,JP1,2012-2021,hex_point_on_surface,assigned,https://gis.wilco.org/arcgis/rest/services/public/county_historical_administrative_boundaries/MapServer/0/query?where=1%3D1&outFields=PCT_NUMBER&returnGeometry=true&outSR=4326&f=geojson
2136,89489e240b7ffff,2012-01-01,2021-12-31,JP1,2012-2021,hex_point_on_surface,assigned,https://gis.wilco.org/arcgis/rest/services/public/county_historical_administrative_boundaries/MapServer/0/query?where=1%3D1&outFields=PCT_NUMBER&returnGeometry=true&outSR=4326&f=geojson
2145,89489e24107ffff,2012-01-01,2021-12-31,JP1,2012-2021,hex_point_on_surface,assigned,https://gis.wilco.org/arcgis/rest/services/public/county_historical_administrative_boundaries/MapServer/0/query?where=1%3D1&outFields=PCT_NUMBER&returnGeometry=true&outSR=4326&f=geojson
2146,89489e24113ffff,2012-01-01,2021-12-31,JP1,2012-2021,hex_point_on_surface,assigned,https://gis.wilco.org/arcgis/rest/services/public/county_historical_administrative_boundaries/MapServer/0/query?where=1%3D1&outFields=PCT_NUMBER&returnGeometry=true&outSR=4326&f=geojson
2147,89489e24117ffff,2012-01-01,2021-12-31,JP1,2012-2021,hex_point_on_surface,assigned,https://gis.wilco.org/arcgis/rest/services/public/county_historical_administrative_boundaries/MapServer/0/query?where=1%3D1&outFields=PCT_NUMBER&returnGeometry=true&outSR=4326&f=geojson
2148,89489e24123ffff,2012-01-01,2021-12-31,JP1,2012-2021,hex_point_on_surface,assigned,https://gis.wilco.org/arcgis/rest/services/public/county_historical_administrative_boundaries/MapServer/0/query?where=1%3D1&outFields=PCT_NUMBER&returnGeometry=true&outSR=4326&f=geojson
2149,89489e24127ffff,2012-01-01,2021-12-31,JP1,2012-2021,hex_point_on_surface,assigned,https://gis.wilco.org/arcgis/rest/services/public/county_historical_administrative_boundaries/MapServer/0/query?where=1%3D1&outFields=PCT_NUMBER&returnGeometry=true&outSR=4326&f=geojson
2150,89489e2412fffff,2012-01-01,2021-12-31,JP1,2012-2021,hex_point_on_surface,assigned,https://gis.wilco.org/arcgis/rest/services/public/county_historical_administrative_boundaries/MapServer/0/query?where=1%3D1&outFields=PCT_NUMBER&returnGeometry=true&outSR=4326&f=geojson
2151,89489e24133ffff,2012-01-01,2021-12-31,JP1,2012-2021,hex_point_on_surface,assigned,https://gis.wilco.org/arcgis/rest/services/public/county_historical_administrative_boundaries/MapServer/0/query?where=1%3D1&outFields=PCT_NUMBER&returnGeometry=true&outSR=4326&f=geojson
2152,89489e24137ffff,2012-01-01,2021-12-31,JP1,2012-2021,hex_point_on_surface,assigned,https://gis.wilco.org/arcgis/rest/services/public/county_historical_administrative_boundaries/MapServer/0/query?where=1%3D1&outFields=PCT_NUMBER&returnGeometry=true&outSR=4326&f=geojson
2153,89489e2413bffff,2012-01-01,2021-12-31,JP1,2012-2021,hex_point_on_surface,assigned,https://gis.wilco.org/arcgis/rest/services/public/county_historical_administrative_boundaries/MapServer/0/query?where=1%3D1&outFields=PCT_NUMBER&returnGeometry=true&outSR=4326&f=geojson
2154,89489e2414bffff,2012-01-01,2021-12-31,JP1,2012-2021,hex_point_on_surface,assigned,https://gis.wilco.org/arcgis/rest/services/public/county_historical_administrative_boundaries/MapServer/0/query?where=1%3D1&outFields=PCT_NUMBER&returnGeometry=true&outSR=4326&f=geojson
2155,89489e2414fffff,2012-01-01,2021-12-31,JP1,2012-2021,hex_point_on_surface,assigned,https://gis.wilco.org/arcgis/rest/services/public/county_historical_administrative_boundaries/MapServer/0/query?where=1%3D1&outFields=PCT_NUMBER&returnGeometry=true&outSR=4326&f=geojson
2156,89489e2415bffff,2012-01-01,2021-12-31,JP1,2012-2021,hex_point_on_surface,assigned,https://gis.wilco.org/arcgis/rest/services/public/county_historical_administrative_boundaries/MapServer/0/query?where=1%3D1&outFields=PCT_NUMBER&returnGeometry=true&outSR=4326&f=geojson
2157,89489e2416bffff,2012-01-01,2021-12-31,JP1,2012-2021,hex_point_on_surface,assigned,https://gis.wilco.org/arcgis/rest/services/public/county_historical_administrative_boundaries/MapServer/0/query?where=1%3D1&outFields=PCT_NUMBER&returnGeometry=true&outSR=4326&f=geojson
2158,89489e2416fffff,2012-01-01,2021-12-31,JP1,2012-2021,hex_point_on_surface,assigned,https://gis.wilco.org/arcgis/rest/services/public/county_historical_administrative_boundaries/MapServer/0/query?where=1%3D1&outFields=PCT_NUMBER&returnGeometry=true&outSR=4326&f=geojson
2159,89489e24183ffff,2012-01-01,2021-12-31,JP1,2012-2021,hex_point_on_surface,assigned,https://gis.wilco.org/arcgis/rest/services/public/county_historical_administrative_boundaries/MapServer/0/query?where=1%3D1&outFields=PCT_NUMBER&returnGeometry=true&outSR=4326&f=geojson
2160,89489e24187ffff,2012-01-01,2021-12-31,JP1,2012-2021,hex_point_on_surface,assigned,https://gis.wilco.org/arcgis/rest/services/public/county_historical_administrative_boundaries/MapServer/0/query?where=1%3D1&outFields=PCT_NUMBER&returnGeometry=true&outSR=4326&f=geojson
2161,89489e2418bffff,2012-01-01,2021-12-31,JP1,2012-2021,hex_point_on_surface,assigned,https://gis.wilco.org/arcgis/rest/services/public/county_historical_administrative_boundaries/MapServer/0/query?where=1%3D1&outFields=PCT_NUMBER&returnGeometry=true&outSR=4326&f=geojson
2162,89489e2418fffff,2012-01-01,2021-12-31,JP1,2012-2021,hex_point_on_surface,assigned,https://gis.wilco.org/arcgis/rest/services/public/county_historical_administrative_boundaries/MapServer/0/query?where=1%3D1&outFields=PCT_NUMBER&returnGeometry=true&outSR=4326&f=geojson
2163,89489e24193ffff,2012-01-01,2021-12-31,JP1,2012-2021,hex_point_on_surface,assigned,https://gis.wilco.org/arcgis/rest/services/public/county_historical_administrative_boundaries/MapServer/0/query?where=1%3D1&outFields=PCT_NUMBER&returnGeometry=true&outSR=4326&f=geojson
2164,89489e24197ffff,2012-01-01,2021-12-31,JP1,2012-2021,hex_point_on_surface,assigned,https://gis.wilco.org/arcgis/rest/services/public/county_historical_administrative_boundaries/MapServer/0/query?where=1%3D1&outFields=PCT_NUMBER&returnGeometry=true&outSR=4326&f=geojson
2165,89489e2419bffff,2012-01-01,2021-12-31,JP1,2012-2021,hex_point_on_surface,assigned,https://gis.wilco.org/arcgis/rest/services/public/county_historical_administrative_boundaries/MapServer/0/query?where=1%3D1&outFields=PCT_NUMBER&returnGeometry=true&outSR=4326&f=geojson
2166,89489e241a3ffff,2012-01-01,2021-12-31,JP1,2012-2021,hex_point_on_surface,assigned,https://gis.wilco.org/arcgis/rest/services/public/county_historical_administrative_boundaries/MapServer/0/query?where=1%3D1&outFields=PCT_NUMBER&returnGeometry=true&outSR=4326&f=geojson
2167,89489e241abffff,2012-01-01,2021-12-31,JP1,2012-2021,hex_point_on_surface,assigned,https://gis.wilco.org/arcgis/rest/services/public/county_historical_administrative_boundaries/MapServer/0/query?where=1%3D1&outFields=PCT_NUMBER&returnGeometry=true&outSR=4326&f=geojson
2168,89489e241afffff,2012-01-01,2021-12-31,JP1,2012-2021,hex_point_on_surface,assigned,https://gis.wilco.org/arcgis/rest/services/public/county_historical_administrative_boundaries/MapServer/0/query?where=1%3D1&outFields=PCT_NUMBER&returnGeometry=true&outSR=4326&f=geojson
2169,89489e241b3ffff,2012-01-01,2021-12-31,JP1,2012-2021,hex_point_on_surface,assigned,https://gis.wilco.org/arcgis/rest/services/public/county_historical_administrative_boundaries/MapServer/0/query?where=1%3D1&outFields=PCT_NUMBER&returnGeometry=true&outSR=4326&f=geojson
2170,89489e241b7ffff,2012-01-01,2021-12-31,JP1,2012-2021,hex_point_on_surface,assigned,https://gis.wilco.org/arcgis/rest/services/public/county_historical_administrative_boundaries/MapServer/0/query?where=1%3D1&outFields=PCT_NUMBER&returnGeometry=true&outSR=4326&f=geojson
2171,89489e241bbffff,2012-01-01,2021-12-31,JP1,2012-2021,hex_point_on_surface,assigned,https://gis.wilco.org/arcgis/rest/services/public/county_historical_administrative_boundaries/MapServer/0/query?where=1%3D1&outFields=PCT_NUMBER&returnGeometry=true&outSR=4326&f=geojson
2179,89489e24223ffff,2012-01-01,2021-12-31,JP1,2012-2021,hex_point_on_surface,assigned,https://gis.wilco.org/arcgis/rest/services/public/county_historical_administrative_boundaries/MapServer/0/query?where=1%3D1&outFields=PCT_NUMBER&returnGeometry=true&outSR=4326&f=geojson
2180,89489e24227ffff,2012-01-01,2021-12-31,JP1,2012-2021,hex_point_on_surface,assigned,https://gis.wilco.org/arcgis/rest/services/public/county_historical_administrative_boundaries/MapServer/0/query?where=1%3D1&outFields=PCT_NUMBER&returnGeometry=true&outSR=4326&f=geojson
2182,89489e2422fffff,2012-01-01,2021-12-31,JP1,2012-2021,hex_point_on_surface,assigned,https://gis.wilco.org/arcgis/rest/services/public/county_historical_administrative_boundaries/MapServer/0/query?where=1%3D1&outFields=PCT_NUMBER&returnGeometry=true&outSR=4326&f=geojson
2184,89489e24237ffff,2012-01-01,2021-12-31,JP1,2012-2021,hex_point_on_surface,assigned,https://gis.wilco.org/arcgis/rest/services/public/county_historical_administrative_boundaries/MapServer/0/query?where=1%3D1&outFields=PCT_NUMBER&returnGeometry=true&outSR=4326&f=geojson
2196,89489e2426fffff,2012-01-01,2021-12-31,JP1,2012-2021,hex_point_on_surface,assigned,https://gis.wilco.org/arcgis/rest/services/public/county_historical_administrative_boundaries/MapServer/0/query?where=1%3D1&outFields=PCT_NUMBER&returnGeometry=true&outSR=4326&f=geojson
2219,89489e24303ffff,2012-01-01,2021-12-31,JP1,2012-2021,hex_point_on_surface,assigned,https://gis.wilco.org/arcgis/rest/services/public/county_historical_administrative_boundaries/MapServer/0/query?where=1%3D1&outFields=PCT_NUMBER&returnGeometry=true&outSR=4326&f=geojson
2220,89489e24307ffff,2012-01-01,2021-12-31,JP1,2012-2021,hex_point_on_surface,assigned,https://gis.wilco.org/arcgis/rest/services/public/county_historical_administrative_boundaries/MapServer/0/query?where=1%3D1&outFields=PCT_NUMBER&returnGeometry=true&outSR=4326&f=geojson
2221,89489e2430bffff,2012-01-01,2021-12-31,JP1,2012-2021,hex_point_on_surface,assigned,https://gis.wilco.org/arcgis/rest/services/public/county_historical_administrative_boundaries/MapServer/0/query?where=1%3D1&outFields=PCT_NUMBER&returnGeometry=true&outSR=4326&f=geojson
2222,89489e2430fffff,2012-01-01,2021-12-31,JP1,2012-2021,hex_point_on_surface,assigned,https://gis.wilco.org/arcgis/rest/services/public/county_historical_administrative_boundaries/MapServer/0/query?where=1%3D1&outFields=PCT_NUMBER&returnGeometry=true&outSR=4326&f=geojson
2223,89489e24313ffff,2012-01-01,2021-12-31,JP1,2012-2021,hex_point_on_surface,assigned,https://gis.wilco.org/arcgis/rest/services/public/county_historical_administrative_boundaries/MapServer/0/query?where=1%3D1&outFields=PCT_NUMBER&returnGeometry=true&outSR=4326&f=geojson
2224,89489e24317ffff,2012-01-01,2021-12-31,JP1,2012-2021,hex_point_on_surface,assigned,https://gis.wilco.org/arcgis/rest/services/public/county_historical_administrative_boundaries/MapServer/0/query?where=1%3D1&outFields=PCT_NUMBER&returnGeometry=true&outSR=4326&f=geojson
2225,89489e2431bffff,2012-01-01,2021-12-31,JP1,2012-2021,hex_point_on_surface,assigned,https://gis.wilco.org/arcgis/rest/services/public/county_historical_administrative_boundaries/MapServer/0/query?where=1%3D1&outFields=PCT_NUMBER&returnGeometry=true&outSR=4326&f=geojson
2226,89489e24323ffff,2012-01-01,2021-12-31,JP1,2012-2021,hex_point_on_surface,assigned,https://gis.wilco.org/arcgis/rest/services/public/county_historical_administrative_boundaries/MapServer/0/query?where=1%3D1&outFields=PCT_NUMBER&returnGeometry=true&outSR=4326&f=geojson
2227,89489e24327ffff,2012-01-01,2021-12-31,JP1,2012-2021,hex_point_on_surface,assigned,https://gis.wilco.org/arcgis/rest/services/public/county_historical_administrative_boundaries/MapServer/0/query?where=1%3D1&outFields=PCT_NUMBER&returnGeometry=true&outSR=4326&f=geojson
2228,89489e2432bffff,2012-01-01,2021-12-31,JP1,2012-2021,hex_point_on_surface,assigned,https://gis.wilco.org/arcgis/rest/services/public/county_historical_administrative_boundaries/MapServer/0/query?where=1%3D1&outFields=PCT_NUMBER&returnGeometry=true&outSR=4326&f=geojson
2229,89489e2432fffff,2012-01-01,2021-12-31,JP1,2012-2021,hex_point_on_surface,assigned,https://gis.wilco.org/arcgis/rest/services/public/county_historical_administrative_boundaries/MapServer/0/query?where=1%3D1&outFields=PCT_NUMBER&returnGeometry=true&outSR=4326&f=geojson
2230,89489e24333ffff,2012-01-01,2021-12-31,JP1,2012-2021,hex_point_on_surface,assigned,https://gis.wilco.org/arcgis/rest/services/public/county_historical_administrative_boundaries/MapServer/0/query?where=1%3D1&outFields=PCT_NUMBER&returnGeometry=true&outSR=4326&f=geojson
2231,89489e24337ffff,2012-01-01,2021-12-31,JP1,2012-2021,hex_point_on_surface,assigned,https://gis.wilco.org/arcgis/rest/services/public/county_historical_administrative_boundaries/MapServer/0/query?where=1%3D1&outFields=PCT_NUMBER&returnGeometry=true&outSR=4326&f=geojson
2232,89489e2433bffff,2012-01-01,2021-12-31,JP1,2012-2021,hex_point_on_surface,assigned,https://gis.wilco.org/arcgis/rest/services/public/county_historical_administrative_boundaries/MapServer/0/query?where=1%3D1&outFields=PCT_NUMBER&returnGeometry=true&outSR=4326&f=geojson
2233,89489e24343ffff,2012-01-01,2021-12-31,JP1,2012-2021,hex_point_on_surface,assigned,https://gis.wilco.org/arcgis/rest/services/public/county_historical_administrative_boundaries/MapServer/0/query?where=1%3D1&outFields=PCT_NUMBER&returnGeometry=true&outSR=4326&f=geojson
2234,89489e24347ffff,2012-01-01,2021-12-31,JP1,2012-2021,hex_point_on_surface,assigned,https://gis.wilco.org/arcgis/rest/services/public/county_historical_administrative_boundaries/MapServer/0/query?where=1%3D1&outFields=PCT_NUMBER&returnGeometry=true&outSR=4326&f=geojson
2235,89489e2434bffff,2012-01-01,2021-12-31,JP1,2012-2021,hex_point_on_surface,assigned,https://gis.wilco.org/arcgis/rest/services/public/county_historical_administrative_boundaries/MapServer/0/query?where=1%3D1&outFields=PCT_NUMBER&returnGeometry=true&outSR=4326&f=geojson
2236,89489e2434fffff,2012-01-01,2021-12-31,JP1,2012-2021,hex_point_on_surface,assigned,https://gis.wilco.org/arcgis/rest/services/public/county_historical_administrative_boundaries/MapServer/0/query?where=1%3D1&outFields=PCT_NUMBER&returnGeometry=true&outSR=4326&f=geojson
2237,89489e24353ffff,2012-01-01,2021-12-31,JP1,2012-2021,hex_point_on_surface,assigned,https://gis.wilco.org/arcgis/rest/services/public/county_historical_administrative_boundaries/MapServer/0/query?where=1%3D1&outFields=PCT_NUMBER&returnGeometry=true&outSR=4326&f=geojson
2238,89489e24357ffff,2012-01-01,2021-12-31,JP1,2012-2021,hex_point_on_surface,assigned,https://gis.wilco.org/arcgis/rest/services/public/county_historical_administrative_boundaries/MapServer/0/query?where=1%3D1&outFields=PCT_NUMBER&returnGeometry=true&outSR=4326&f=geojson
2239,89489e2435bffff,2012-01-01,2021-12-31,JP1,2012-2021,hex_point_on_surface,assigned,https://gis.wilco.org/arcgis/rest/services/public/county_historical_administrative_boundaries/MapServer/0/query?where=1%3D1&outFields=PCT_NUMBER&returnGeometry=true&outSR=4326&f=geojson
2240,89489e24363ffff,2012-01-01,2021-12-31,JP1,2012-2021,hex_point_on_surface,assigned,https://gis.wilco.org/arcgis/rest/services/public/county_historical_administrative_boundaries/MapServer/0/query?where=1%3D1&outFields=PCT_NUMBER&returnGeometry=true&outSR=4326&f=geojson
2241,89489e24367ffff,2012-01-01,2021-12-31,JP1,2012-2021,hex_point_on_surface,assigned,https://gis.wilco.org/arcgis/rest/services/public/county_historical_administrative_boundaries/MapServer/0/query?where=1%3D1&outFields=PCT_NUMBER&returnGeometry=true&outSR=4326&f=geojson
2242,89489e2436bffff,2012-01-01,2021-12-31,JP1,2012-2021,hex_point_on_surface,assigned,https://gis.wilco.org/arcgis/rest/services/public/county_historical_administrative_boundaries/MapServer/0/query?where=1%3D1&outFields=PCT_NUMBER&returnGeometry=true&outSR=4326&f=geojson
2243,89489e2436fffff,2012-01-01,2021-12-31,JP1,2012-2021,hex_point_on_surface,assigned,https://gis.wilco.org/arcgis/rest/services/public/county_historical_administrative_boundaries/MapServer/0/query?where=1%3D1&outFields=PCT_NUMBER&returnGeometry=true&outSR=4326&f=geojson
2244,89489e24373ffff,2012-01-01,2021-12-31,JP1,2012-2021,hex_point_on_surface,assigned,https://gis.wilco.org/arcgis/rest/services/public/county_historical_administrative_boundaries/MapServer/0/query?where=1%3D1&outFields=PCT_NUMBER&returnGeometry=true&outSR=4326&f=geojson
2245,89489e24377ffff,2012-01-01,2021-12-31,JP1,2012-2021,hex_point_on_surface,assigned,https://gis.wilco.org/arcgis/rest/services/public/county_historical_administrative_boundaries/MapServer/0/query?where=1%3D1&outFields=PCT_NUMBER&returnGeometry=true&outSR=4326&f=geojson
2246,89489e2437bffff,2012-01-01,2021-12-31,JP1,2012-2021,hex_point_on_surface,assigned,https://gis.wilco.org/arcgis/rest/services/public/county_historical_administrative_boundaries/MapServer/0/query?where=1%3D1&outFields=PCT_NUMBER&returnGeometry=true&outSR=4326&f=geojson
2247,89489e24383ffff,2012-01-01,2021-12-31,JP1,2012-2021,hex_point_on_surface,assigned,https://gis.wilco.org/arcgis/rest/services/public/county_historical_administrative_boundaries/MapServer/0/query?where=1%3D1&outFields=PCT_NUMBER&returnGeometry=true&outSR=4326&f=geojson
2248,89489e24387ffff,2012-01-01,2021-12-31,JP1,2012-2021,hex_point_on_surface,assigned,https://gis.wilco.org/arcgis/rest/services/public/county_historical_administrative_boundaries/MapServer/0/query?where=1%3D1&outFields=PCT_NUMBER&returnGeometry=true&outSR=4326&f=geojson
2249,89489e2438bffff,2012-01-01,2021-12-31,JP1,2012-2021,hex_point_on_surface,assigned,https://gis.wilco.org/arcgis/rest/services/public/county_historical_administrative_boundaries/MapServer/0/query?where=1%3D1&outFields=PCT_NUMBER&returnGeometry=true&outSR=4326&f=geojson
2250,89489e2438fffff,2012-01-01,2021-12-31,JP1,2012-2021,hex_point_on_surface,assigned,https://gis.wilco.org/arcgis/rest/services/public/county_historical_administrative_boundaries/MapServer/0/query?where=1%3D1&outFields=PCT_NUMBER&returnGeometry=true&outSR=4326&f=geojson
2251,89489e24393ffff,2012-01-01,2021-12-31,JP1,2012-2021,hex_point_on_surface,assigned,https://gis.wilco.org/arcgis/rest/services/public/county_historical_administrative_boundaries/MapServer/0/query?where=1%3D1&outFields=PCT_NUMBER&returnGeometry=true&outSR=4326&f=geojson
2252,89489e24397ffff,2012-01-01,2021-12-31,JP1,2012-2021,hex_point_on_surface,assigned,https://gis.wilco.org/arcgis/rest/services/public/county_historical_administrative_boundaries/MapServer/0/query?where=1%3D1&outFields=PCT_NUMBER&returnGeometry=true&outSR=4326&f=geojson
2253,89489e2439bffff,2012-01-01,2021-12-31,JP1,2012-2021,hex_point_on_surface,assigned,https://gis.wilco.org/arcgis/rest/services/public/county_historical_administrative_boundaries/MapServer/0/query?where=1%3D1&outFields=PCT_NUMBER&returnGeometry=true&outSR=4326&f=geojson
2254,89489e243a3ffff,2012-01-01,2021-12-31,JP1,2012-2021,hex_point_on_surface,assigned,https://gis.wilco.org/arcgis/rest/services/public/county_historical_administrative_boundaries/MapServer/0/query?where=1%3D1&outFields=PCT_NUMBER&returnGeometry=true&outSR=4326&f=geojson
2255,89489e243a7ffff,2012-01-01,2021-12-31,JP1,2012-2021,hex_point_on_surface,assigned,https://gis.wilco.org/arcgis/rest/services/public/county_historical_administrative_boundaries/MapServer/0/query?where=1%3D1&outFields=PCT_NUMBER&returnGeometry=true&outSR=4326&f=geojson
2256,89489e243abffff,2012-01-01,2021-12-31,JP1,2012-2021,hex_point_on_surface,assigned,https://gis.wilco.org/arcgis/rest/services/public/county_historical_administrative_boundaries/MapServer/0/query?where=1%3D1&outFields=PCT_NUMBER&returnGeometry=true&outSR=4326&f=geojson
2257,89489e243afffff,2012-01-01,2021-12-31,JP1,2012-2021,hex_point_on_surface,assigned,https://gis.wilco.org/arcgis/rest/services/public/county_historical_administrative_boundaries/MapServer/0/query?where=1%3D1&outFields=PCT_NUMBER&returnGeometry=true&outSR=4326&f=geojson
2258,89489e243b3ffff,2012-01-01,2021-12-31,JP1,2012-2021,hex_point_on_surface,assigned,https://gis.wilco.org/arcgis/rest/services/public/county_historical_administrative_boundaries/MapServer/0/query?where=1%3D1&outFields=PCT_NUMBER&returnGeometry=true&outSR=4326&f=geojson
2259,89489e243b7ffff,2012-01-01,2021-12-31,JP1,2012-2021,hex_point_on_surface,assigned,https://gis.wilco.org/arcgis/rest/services/public/county_historical_administrative_boundaries/MapServer/0/query?where=1%3D1&outFields=PCT_NUMBER&returnGeometry=true&outSR=4326&f=geojson
2260,89489e243bbffff,2012-01-01,2021-12-31,JP1,2012-2021,hex_point_on_surface,assigned,https://gis.wilco.org/arcgis/rest/services/public/county_historical_administrative_boundaries/MapServer/0/query?where=1%3D1&outFields=PCT_NUMBER&returnGeometry=true&outSR=4326&f=geojson
2261,89489e243c3ffff,2012-01-01,2021-12-31,JP1,2012-2021,hex_point_on_surface,assigned,https://gis.wilco.org/arcgis/rest/services/public/county_historical_administrative_boundaries/MapServer/0/query?where=1%3D1&outFields=PCT_NUMBER&returnGeometry=true&outSR=4326&f=geojson
2262,89489e243c7ffff,2012-01-01,2021-12-31,JP1,2012-2021,hex_point_on_surface,assigned,https://gis.wilco.org/arcgis/rest/services/public/county_historical_administrative_boundaries/MapServer/0/query?where=1%3D1&outFields=PCT_NUMBER&returnGeometry=true&outSR=4326&f=geojson
2263,89489e243cbffff,2012-01-01,2021-12-31,JP1,2012-2021,hex_point_on_surface,assigned,https://gis.wilco.org/arcgis/rest/services/public/county_historical_administrative_boundaries/MapServer/0/query?where=1%3D1&outFields=PCT_NUMBER&returnGeometry=true&outSR=4326&f=geojson
2264,89489e243cfffff,2012-01-01,2021-12-31,JP1,2012-2021,hex_point_on_surface,assigned,https://gis.wilco.org/arcgis/rest/services/public/county_historical_administrative_boundaries/MapServer/0/query?where=1%3D1&outFields=PCT_NUMBER&returnGeometry=true&outSR=4326&f=geojson
2265,89489e243d3ffff,2012-01-01,2021-12-31,JP1,2012-2021,hex_point_on_surface,assigned,https://gis.wilco.org/arcgis/rest/services/public/county_historical_administrative_boundaries/MapServer/0/query?where=1%3D1&outFields=PCT_NUMBER&returnGeometry=true&outSR=4326&f=geojson
2266,89489e243d7ffff,2012-01-01,2021-12-31,JP1,2012-2021,hex_point_on_surface,assigned,https://gis.wilco.org/arcgis/rest/services/public/county_historical_administrative_boundaries/MapServer/0/query?where=1%3D1&outFields=PCT_NUMBER&returnGeometry=true&outSR=4326&f=geojson
2267,89489e243dbffff,2012-01-01,2021-12-31,JP1,2012-2021,hex_point_on_surface,assigned,https://gis.wilco.org/arcgis/rest/services/public/county_historical_administrative_boundaries/MapServer/0/query?where=1%3D1&outFields=PCT_NUMBER&returnGeometry=true&outSR=4326&f=geojson
2318,89489e24507ffff,2012-01-01,2021-12-31,JP2,2012-2021,hex_point_on_surface,assigned,https://gis.wilco.org/arcgis/rest/services/public/county_historical_administrative_boundaries/MapServer/0/query?where=1%3D1&outFields=PCT_NUMBER&returnGeometry=true&outSR=4326&f=geojson
2320,89489e2450fffff,2012-01-01,2021-12-31,JP1,2012-2021,hex_point_on_surface,assigned,https://gis.wilco.org/arcgis/rest/services/public/county_historical_administrative_boundaries/MapServer/0/query?where=1%3D1&outFields=PCT_NUMBER&returnGeometry=true&outSR=4326&f=geojson
2324,89489e24523ffff,2012-01-01,2021-12-31,JP1,2012-2021,hex_point_on_surface,assigned,https://gis.wilco.org/arcgis/rest/services/public/county_historical_administrative_boundaries/MapServer/0/query?where=1%3D1&outFields=PCT_NUMBER&returnGeometry=true&outSR=4326&f=geojson
2325,89489e24527ffff,2012-01-01,2021-12-31,JP1,2012-2021,hex_point_on_surface,assigned,https://gis.wilco.org/arcgis/rest/services/public/county_historical_administrative_boundaries/MapServer/0/query?where=1%3D1&outFields=PCT_NUMBER&returnGeometry=true&outSR=4326&f=geojson
2326,89489e2452bffff,2012-01-01,2021-12-31,JP1,2012-2021,hex_point_on_surface,assigned,https://gis.wilco.org/arcgis/rest/services/public/county_historical_administrative_boundaries/MapServer/0/query?where=1%3D1&outFields=PCT_NUMBER&returnGeometry=true&outSR=4326&f=geojson
2327,89489e2452fffff,2012-01-01,2021-12-31,JP1,2012-2021,hex_point_on_surface,assigned,https://gis.wilco.org/arcgis/rest/services/public/county_historical_administrative_boundaries/MapServer/0/query?where=1%3D1&outFields=PCT_NUMBER&returnGeometry=true&outSR=4326&f=geojson
2328,89489e24533ffff,2012-01-01,2021-12-31,JP2,2012-2021,hex_point_on_surface,assigned,https://gis.wilco.org/arcgis/rest/services/public/county_historical_administrative_boundaries/MapServer/0/query?where=1%3D1&outFields=PCT_NUMBER&returnGeometry=true&outSR=4326&f=geojson
2329,89489e24537ffff,2012-01-01,2021-12-31,JP1,2012-2021,hex_point_on_surface,assigned,https://gis.wilco.org/arcgis/rest/services/public/county_historical_administrative_boundaries/MapServer/0/query?where=1%3D1&outFields=PCT_NUMBER&returnGeometry=true&outSR=4326&f=geojson
2330,89489e2453bffff,2012-01-01,2021-12-31,JP1,2012-2021,hex_point_on_surface,assigned,https://gis.wilco.org/arcgis/rest/services/public/county_historical_administrative_boundaries/MapServer/0/query?where=1%3D1&outFields=PCT_NUMBER&returnGeometry=true&outSR=4326&f=geojson
2332,89489e24547ffff,2012-01-01,2021-12-31,JP1,2012-2021,hex_point_on_surface,assigned,https://gis.wilco.org/arcgis/rest/services/public/county_historical_administrative_boundaries/MapServer/0/query?where=1%3D1&outFields=PCT_NUMBER&returnGeometry=true&outSR=4326&f=geojson
2334,89489e2454fffff,2012-01-01,2021-12-31,JP1,2012-2021,hex_point_on_surface,assigned,https://gis.wilco.org/arcgis/rest/services/public/county_historical_administrative_boundaries/MapServer/0/query?where=1%3D1&outFields=PCT_NUMBER&returnGeometry=true&outSR=4326&f=geojson
2338,89489e24563ffff,2012-01-01,2021-12-31,JP1,2012-2021,hex_point_on_surface,assigned,https://gis.wilco.org/arcgis/rest/services/public/county_historical_administrative_boundaries/MapServer/0/query?where=1%3D1&outFields=PCT_NUMBER&returnGeometry=true&outSR=4326&f=geojson
2339,89489e24567ffff,2012-01-01,2021-12-31,JP1,2012-2021,hex_point_on_surface,assigned,https://gis.wilco.org/arcgis/rest/services/public/county_historical_administrative_boundaries/MapServer/0/query?where=1%3D1&outFields=PCT_NUMBER&returnGeometry=true&outSR=4326&f=geojson
2340,89489e2456bffff,2012-01-01,2021-12-31,JP1,2012-2021,hex_point_on_surface,assigned,https://gis.wilco.org/arcgis/rest/services/public/county_historical_administrative_boundaries/MapServer/0/query?where=1%3D1&outFields=PCT_NUMBER&returnGeometry=true&outSR=4326&f=geojson
2341,89489e24573ffff,2012-01-01,2021-12-31,JP1,2012-2021,hex_point_on_surface,assigned,https://gis.wilco.org/arcgis/rest/services/public/county_historical_administrative_boundaries/MapServer/0/query?where=1%3D1&outFields=PCT_NUMBER&returnGeometry=true&outSR=4326&f=geojson
2342,89489e24577ffff,2012-01-01,2021-12-31,JP1,2012-2021,hex_point_on_surface,assigned,https://gis.wilco.org/arcgis/rest/services/public/county_historical_administrative_boundaries/MapServer/0/query?where=1%3D1&outFields=PCT_NUMBER&returnGeometry=true&outSR=4326&f=geojson
2343,89489e2457bffff,2012-01-01,2021-12-31,JP1,2012-2021,hex_point_on_surface,assigned,https://gis.wilco.org/arcgis/rest/services/public/county_historical_administrative_boundaries/MapServer/0/query?where=1%3D1&outFields=PCT_NUMBER&returnGeometry=true&outSR=4326&f=geojson
2351,89489e245a3ffff,2012-01-01,2021-12-31,JP2,2012-2021,hex_point_on_surface,assigned,https://gis.wilco.org/arcgis/rest/services/public/county_historical_administrative_boundaries/MapServer/0/query?where=1%3D1&outFields=PCT_NUMBER&returnGeometry=true&outSR=4326&f=geojson
2353,89489e245abffff,2012-01-01,2021-12-31,JP2,2012-2021,hex_point_on_surface,assigned,https://gis.wilco.org/arcgis/rest/services/public/county_historical_administrative_boundaries/MapServer/0/query?where=1%3D1&outFields=PCT_NUMBER&returnGeometry=true&outSR=4326&f=geojson
2354,89489e245afffff,2012-01-01,2021-12-31,JP2,2012-2021,hex_point_on_surface,assigned,https://gis.wilco.org/arcgis/rest/services/public/county_historical_administrative_boundaries/MapServer/0/query?where=1%3D1&outFields=PCT_NUMBER&returnGeometry=true&outSR=4326&f=geojson
2414,89489e24803ffff,2012-01-01,2021-12-31,JP2,2012-2021,hex_point_on_surface,assigned,https://gis.wilco.org/arcgis/rest/services/public/county_historical_administrative_boundaries/MapServer/0/query?where=1%3D1&outFields=PCT_NUMBER&returnGeometry=true&outSR=4326&f=geojson
2415,89489e24807ffff,2012-01-01,2021-12-31,JP1,2012-2021,hex_point_on_surface,assigned,https://gis.wilco.org/arcgis/rest/services/public/county_historical_administrative_boundaries/MapServer/0/query?where=1%3D1&outFields=PCT_NUMBER&returnGeometry=true&outSR=4326&f=geojson
2416,89489e2480bffff,2012-01-01,2021-12-31,JP1,2012-2021,hex_point_on_surface,assigned,https://gis.wilco.org/arcgis/rest/services/public/county_historical_administrative_boundaries/MapServer/0/query?where=1%3D1&outFields=PCT_NUMBER&returnGeometry=true&outSR=4326&f=geojson
2417,89489e2480fffff,2012-01-01,2021-12-31,JP1,2012-2021,hex_point_on_surface,assigned,https://gis.wilco.org/arcgis/rest/services/public/county_historical_administrative_boundaries/MapServer/0/query?where=1%3D1&outFields=PCT_NUMBER&returnGeometry=true&outSR=4326&f=geojson
2418,89489e24813ffff,2012-01-01,2021-12-31,JP2,2012-2021,hex_point_on_surface,assigned,https://gis.wilco.org/arcgis/rest/services/public/county_historical_administrative_boundaries/MapServer/0/query?where=1%3D1&outFields=PCT_NUMBER&returnGeometry=true&outSR=4326&f=geojson
2419,89489e24817ffff,2012-01-01,2021-12-31,JP2,2012-2021,hex_point_on_surface,assigned,https://gis.wilco.org/arcgis/rest/services/public/county_historical_administrative_boundaries/MapServer/0/query?where=1%3D1&outFields=PCT_NUMBER&returnGeometry=true&outSR=4326&f=geojson
2420,89489e2481bffff,2012-01-01,2021-12-31,JP2,2012-2021,hex_point_on_surface,assigned,https://gis.wilco.org/arcgis/rest/services/public/county_historical_administrative_boundaries/MapServer/0/query?where=1%3D1&outFields=PCT_NUMBER&returnGeometry=true&outSR=4326&f=geojson
2421,89489e24823ffff,2012-01-01,2021-12-31,JP1,2012-2021,hex_point_on_surface,assigned,https://gis.wilco.org/arcgis/rest/services/public/county_historical_administrative_boundaries/MapServer/0/query?where=1%3D1&outFields=PCT_NUMBER&returnGeometry=true&outSR=4326&f=geojson
2422,89489e24827ffff,2012-01-01,2021-12-31,JP1,2012-2021,hex_point_on_surface,assigned,https://gis.wilco.org/arcgis/rest/services/public/county_historical_administrative_boundaries/MapServer/0/query?where=1%3D1&outFields=PCT_NUMBER&returnGeometry=true&outSR=4326&f=geojson
2423,89489e2482bffff,2012-01-01,2021-12-31,JP1,2012-2021,hex_point_on_surface,assigned,https://gis.wilco.org/arcgis/rest/services/public/county_historical_administrative_boundaries/MapServer/0/query?where=1%3D1&outFields=PCT_NUMBER&returnGeometry=true&outSR=4326&f=geojson
2424,89489e2482fffff,2012-01-01,2021-12-31,JP1,2012-2021,hex_point_on_surface,assigned,https://gis.wilco.org/arcgis/rest/services/public/county_historical_administrative_boundaries/MapServer/0/query?where=1%3D1&outFields=PCT_NUMBER&returnGeometry=true&outSR=4326&f=geojson
2425,89489e24833ffff,2012-01-01,2021-12-31,JP1,2012-2021,hex_point_on_surface,assigned,https://gis.wilco.org/arcgis/rest/services/public/county_historical_administrative_boundaries/MapServer/0/query?where=1%3D1&outFields=PCT_NUMBER&returnGeometry=true&outSR=4326&f=geojson
2426,89489e24837ffff,2012-01-01,2021-12-31,JP1,2012-2021,hex_point_on_surface,assigned,https://gis.wilco.org/arcgis/rest/services/public/county_historical_administrative_boundaries/MapServer/0/query?where=1%3D1&outFields=PCT_NUMBER&returnGeometry=true&outSR=4326&f=geojson
2427,89489e2483bffff,2012-01-01,2021-12-31,JP1,2012-2021,hex_point_on_surface,assigned,https://gis.wilco.org/arcgis/rest/services/public/county_historical_administrative_boundaries/MapServer/0/query?where=1%3D1&outFields=PCT_NUMBER&returnGeometry=true&outSR=4326&f=geojson
2428,89489e24843ffff,2012-01-01,2021-12-31,JP1,2012-2021,hex_point_on_surface,assigned,https://gis.wilco.org/arcgis/rest/services/public/county_historical_administrative_boundaries/MapServer/0/query?where=1%3D1&outFields=PCT_NUMBER&returnGeometry=true&outSR=4326&f=geojson
2429,89489e24847ffff,2012-01-01,2021-12-31,JP1,2012-2021,hex_point_on_surface,assigned,https://gis.wilco.org/arcgis/rest/services/public/county_historical_administrative_boundaries/MapServer/0/query?where=1%3D1&outFields=PCT_NUMBER&returnGeometry=true&outSR=4326&f=geojson
2430,89489e2484bffff,2012-01-01,2021-12-31,JP1,2012-2021,hex_point_on_surface,assigned,https://gis.wilco.org/arcgis/rest/services/public/county_historical_administrative_boundaries/MapServer/0/query?where=1%3D1&outFields=PCT_NUMBER&returnGeometry=true&outSR=4326&f=geojson
2431,89489e2484fffff,2012-01-01,2021-12-31,JP1,2012-2021,hex_point_on_surface,assigned,https://gis.wilco.org/arcgis/rest/services/public/county_historical_administrative_boundaries/MapServer/0/query?where=1%3D1&outFields=PCT_NUMBER&returnGeometry=true&outSR=4326&f=geojson
2432,89489e24853ffff,2012-01-01,2021-12-31,JP1,2012-2021,hex_point_on_surface,assigned,https://gis.wilco.org/arcgis/rest/services/public/county_historical_administrative_boundaries/MapServer/0/query?where=1%3D1&outFields=PCT_NUMBER&returnGeometry=true&outSR=4326&f=geojson
2433,89489e24857ffff,2012-01-01,2021-12-31,JP2,2012-2021,hex_point_on_surface,assigned,https://gis.wilco.org/arcgis/rest/services/public/county_historical_administrative_boundaries/MapServer/0/query?where=1%3D1&outFields=PCT_NUMBER&returnGeometry=true&outSR=4326&f=geojson
2434,89489e2485bffff,2012-01-01,2021-12-31,JP1,2012-2021,hex_point_on_surface,assigned,https://gis.wilco.org/arcgis/rest/services/public/county_historical_administrative_boundaries/MapServer/0/query?where=1%3D1&outFields=PCT_NUMBER&returnGeometry=true&outSR=4326&f=geojson
2435,89489e24863ffff,2012-01-01,2021-12-31,JP1,2012-2021,hex_point_on_surface,assigned,https://gis.wilco.org/arcgis/rest/services/public/county_historical_administrative_boundaries/MapServer/0/query?where=1%3D1&outFields=PCT_NUMBER&returnGeometry=true&outSR=4326&f=geojson
2436,89489e24867ffff,2012-01-01,2021-12-31,JP1,2012-2021,hex_point_on_surface,assigned,https://gis.wilco.org/arcgis/rest/services/public/county_historical_administrative_boundaries/MapServer/0/query?where=1%3D1&outFields=PCT_NUMBER&returnGeometry=true&outSR=4326&f=geojson
2437,89489e2486bffff,2012-01-01,2021-12-31,JP1,2012-2021,hex_point_on_surface,assigned,https://gis.wilco.org/arcgis/rest/services/public/county_historical_administrative_boundaries/MapServer/0/query?where=1%3D1&outFields=PCT_NUMBER&returnGeometry=true&outSR=4326&f=geojson
2438,89489e2486fffff,2012-01-01,2021-12-31,JP1,2012-2021,hex_point_on_surface,assigned,https://gis.wilco.org/arcgis/rest/services/public/county_historical_administrative_boundaries/MapServer/0/query?where=1%3D1&outFields=PCT_NUMBER&returnGeometry=true&outSR=4326&f=geojson
2439,89489e24873ffff,2012-01-01,2021-12-31,JP1,2012-2021,hex_point_on_surface,assigned,https://gis.wilco.org/arcgis/rest/services/public/county_historical_administrative_boundaries/MapServer/0/query?where=1%3D1&outFields=PCT_NUMBER&returnGeometry=true&outSR=4326&f=geojson
2440,89489e24877ffff,2012-01-01,2021-12-31,JP1,2012-2021,hex_point_on_surface,assigned,https://gis.wilco.org/arcgis/rest/services/public/county_historical_administrative_boundaries/MapServer/0/query?where=1%3D1&outFields=PCT_NUMBER&returnGeometry=true&outSR=4326&f=geojson
2441,89489e2487bffff,2012-01-01,2021-12-31,JP1,2012-2021,hex_point_on_surface,assigned,https://gis.wilco.org/arcgis/rest/services/public/county_historical_administrative_boundaries/MapServer/0/query?where=1%3D1&outFields=PCT_NUMBER&returnGeometry=true&outSR=4326&f=geojson
2442,89489e24883ffff,2012-01-01,2021-12-31,JP2,2012-2021,hex_point_on_surface,assigned,https://gis.wilco.org/arcgis/rest/services/public/county_historical_administrative_boundaries/MapServer/0/query?where=1%3D1&outFields=PCT_NUMBER&returnGeometry=true&outSR=4326&f=geojson
2443,89489e24887ffff,2012-01-01,2021-12-31,JP2,2012-2021,hex_point_on_surface,assigned,https://gis.wilco.org/arcgis/rest/services/public/county_historical_administrative_boundaries/MapServer/0/query?where=1%3D1&outFields=PCT_NUMBER&returnGeometry=true&outSR=4326&f=geojson
2444,89489e2488bffff,2012-01-01,2021-12-31,JP2,2012-2021,hex_point_on_surface,assigned,https://gis.wilco.org/arcgis/rest/services/public/county_historical_administrative_boundaries/MapServer/0/query?where=1%3D1&outFields=PCT_NUMBER&returnGeometry=true&outSR=4326&f=geojson
2445,89489e2488fffff,2012-01-01,2021-12-31,JP2,2012-2021,hex_point_on_surface,assigned,https://gis.wilco.org/arcgis/rest/services/public/county_historical_administrative_boundaries/MapServer/0/query?where=1%3D1&outFields=PCT_NUMBER&returnGeometry=true&outSR=4326&f=geojson
2446,89489e24893ffff,2012-01-01,2021-12-31,JP2,2012-2021,hex_point_on_surface,assigned,https://gis.wilco.org/arcgis/rest/services/public/county_historical_administrative_boundaries/MapServer/0/query?where=1%3D1&outFields=PCT_NUMBER&returnGeometry=true&outSR=4326&f=geojson
2447,89489e24897ffff,2012-01-01,2021-12-31,JP2,2012-2021,hex_point_on_surface,assigned,https://gis.wilco.org/arcgis/rest/services/public/county_historical_administrative_boundaries/MapServer/0/query?where=1%3D1&outFields=PCT_NUMBER&returnGeometry=true&outSR=4326&f=geojson
2448,89489e2489bffff,2012-01-01,2021-12-31,JP2,2012-2021,hex_point_on_surface,assigned,https://gis.wilco.org/arcgis/rest/services/public/county_historical_administrative_boundaries/MapServer/0/query?where=1%3D1&outFields=PCT_NUMBER&returnGeometry=true&outSR=4326&f=geojson
2449,89489e248a3ffff,2012-01-01,2021-12-31,JP1,2012-2021,hex_point_on_surface,assigned,https://gis.wilco.org/arcgis/rest/services/public/county_historical_administrative_boundaries/MapServer/0/query?where=1%3D1&outFields=PCT_NUMBER&returnGeometry=true&outSR=4326&f=geojson
2450,89489e248a7ffff,2012-01-01,2021-12-31,JP1,2012-2021,hex_point_on_surface,assigned,https://gis.wilco.org/arcgis/rest/services/public/county_historical_administrative_boundaries/MapServer/0/query?where=1%3D1&outFields=PCT_NUMBER&returnGeometry=true&outSR=4326&f=geojson
2451,89489e248abffff,2012-01-01,2021-12-31,JP1,2012-2021,hex_point_on_surface,assigned,https://gis.wilco.org/arcgis/rest/services/public/county_historical_administrative_boundaries/MapServer/0/query?where=1%3D1&outFields=PCT_NUMBER&returnGeometry=true&outSR=4326&f=geojson
2452,89489e248afffff,2012-01-01,2021-12-31,JP1,2012-2021,hex_point_on_surface,assigned,https://gis.wilco.org/arcgis/rest/services/public/county_historical_administrative_boundaries/MapServer/0/query?where=1%3D1&outFields=PCT_NUMBER&returnGeometry=true&outSR=4326&f=geojson
2453,89489e248b3ffff,2012-01-01,2021-12-31,JP2,2012-2021,hex_point_on_surface,assigned,https://gis.wilco.org/arcgis/rest/services/public/county_historical_administrative_boundaries/MapServer/0/query?where=1%3D1&outFields=PCT_NUMBER&returnGeometry=true&outSR=4326&f=geojson
2454,89489e248b7ffff,2012-01-01,2021-12-31,JP1,2012-2021,hex_point_on_surface,assigned,https://gis.wilco.org/arcgis/rest/services/public/county_historical_administrative_boundaries/MapServer/0/query?where=1%3D1&outFields=PCT_NUMBER&returnGeometry=true&outSR=4326&f=geojson
2455,89489e248bbffff,2012-01-01,2021-12-31,JP2,2012-2021,hex_point_on_surface,assigned,https://gis.wilco.org/arcgis/rest/services/public/county_historical_administrative_boundaries/MapServer/0/query?where=1%3D1&outFields=PCT_NUMBER&returnGeometry=true&outSR=4326&f=geojson
2456,89489e248c3ffff,2012-01-01,2021-12-31,JP2,2012-2021,hex_point_on_surface,assigned,https://gis.wilco.org/arcgis/rest/services/public/county_historical_administrative_boundaries/MapServer/0/query?where=1%3D1&outFields=PCT_NUMBER&returnGeometry=true&outSR=4326&f=geojson
2457,89489e248c7ffff,2012-01-01,2021-12-31,JP2,2012-2021,hex_point_on_surface,assigned,https://gis.wilco.org/arcgis/rest/services/public/county_historical_administrative_boundaries/MapServer/0/query?where=1%3D1&outFields=PCT_NUMBER&returnGeometry=true&outSR=4326&f=geojson
2458,89489e248cbffff,2012-01-01,2021-12-31,JP2,2012-2021,hex_point_on_surface,assigned,https://gis.wilco.org/arcgis/rest/services/public/county_historical_administrative_boundaries/MapServer/0/query?where=1%3D1&outFields=PCT_NUMBER&returnGeometry=true&outSR=4326&f=geojson
2459,89489e248cfffff,2012-01-01,2021-12-31,JP2,2012-2021,hex_point_on_surface,assigned,https://gis.wilco.org/arcgis/rest/services/public/county_historical_administrative_boundaries/MapServer/0/query?where=1%3D1&outFields=PCT_NUMBER&returnGeometry=true&outSR=4326&f=geojson
2460,89489e248d3ffff,2012-01-01,2021-12-31,JP2,2012-2021,hex_point_on_surface,assigned,https://gis.wilco.org/arcgis/rest/services/public/county_historical_administrative_boundaries/MapServer/0/query?where=1%3D1&outFields=PCT_NUMBER&returnGeometry=true&outSR=4326&f=geojson
2461,89489e248d7ffff,2012-01-01,2021-12-31,JP2,2012-2021,hex_point_on_surface,assigned,https://gis.wilco.org/arcgis/rest/services/public/county_historical_administrative_boundaries/MapServer/0/query?where=1%3D1&outFields=PCT_NUMBER&returnGeometry=true&outSR=4326&f=geojson
2462,89489e248dbffff,2012-01-01,2021-12-31,JP2,2012-2021,hex_point_on_surface,assigned,https://gis.wilco.org/arcgis/rest/services/public/county_historical_administrative_boundaries/MapServer/0/query?where=1%3D1&outFields=PCT_NUMBER&returnGeometry=true&outSR=4326&f=geojson
2463,89489e24953ffff,2012-01-01,2021-12-31,JP1,2012-2021,hex_point_on_surface,assigned,https://gis.wilco.org/arcgis/rest/services/public/county_historical_administrative_boundaries/MapServer/0/query?where=1%3D1&outFields=PCT_NUMBER&returnGeometry=true&outSR=4326&f=geojson
2464,89489e2495bffff,2012-01-01,2021-12-31,JP1,2012-2021,hex_point_on_surface,assigned,https://gis.wilco.org/arcgis/rest/services/public/county_historical_administrative_boundaries/MapServer/0/query?where=1%3D1&outFields=PCT_NUMBER&returnGeometry=true&outSR=4326&f=geojson
2465,89489e249c3ffff,2012-01-01,2021-12-31,JP1,2012-2021,hex_point_on_surface,assigned,https://gis.wilco.org/arcgis/rest/services/public/county_historical_administrative_boundaries/MapServer/0/query?where=1%3D1&outFields=PCT_NUMBER&returnGeometry=true&outSR=4326&f=geojson
2466,89489e249cbffff,2012-01-01,2021-12-31,JP1,2012-2021,hex_point_on_surface,assigned,https://gis.wilco.org/arcgis/rest/services/public/county_historical_administrative_boundaries/MapServer/0/query?where=1%3D1&outFields=PCT_NUMBER&returnGeometry=true&outSR=4326&f=geojson
2467,89489e249d3ffff,2012-01-01,2021-12-31,JP1,2012-2021,hex_point_on_surface,assigned,https://gis.wilco.org/arcgis/rest/services/public/county_historical_administrative_boundaries/MapServer/0/query?where=1%3D1&outFields=PCT_NUMBER&returnGeometry=true&outSR=4326&f=geojson
2468,89489e249dbffff,2012-01-01,2021-12-31,JP1,2012-2021,hex_point_on_surface,assigned,https://gis.wilco.org/arcgis/rest/services/public/county_historical_administrative_boundaries/MapServer/0/query?where=1%3D1&outFields=PCT_NUMBER&returnGeometry=true&outSR=4326&f=geojson
2469,89489e24a03ffff,2012-01-01,2021-12-31,JP1,2012-2021,hex_point_on_surface,assigned,https://gis.wilco.org/arcgis/rest/services/public/county_historical_administrative_boundaries/MapServer/0/query?where=1%3D1&outFields=PCT_NUMBER&returnGeometry=true&outSR=4326&f=geojson
2470,89489e24a07ffff,2012-01-01,2021-12-31,JP1,2012-2021,hex_point_on_surface,assigned,https://gis.wilco.org/arcgis/rest/services/public/county_historical_administrative_boundaries/MapServer/0/query?where=1%3D1&outFields=PCT_NUMBER&returnGeometry=true&outSR=4326&f=geojson
2471,89489e24a0bffff,2012-01-01,2021-12-31,JP1,2012-2021,hex_point_on_surface,assigned,https://gis.wilco.org/arcgis/rest/services/public/county_historical_administrative_boundaries/MapServer/0/query?where=1%3D1&outFields=PCT_NUMBER&returnGeometry=true&outSR=4326&f=geojson
2472,89489e24a0fffff,2012-01-01,2021-12-31,JP1,2012-2021,hex_point_on_surface,assigned,https://gis.wilco.org/arcgis/rest/services/public/county_historical_administrative_boundaries/MapServer/0/query?where=1%3D1&outFields=PCT_NUMBER&returnGeometry=true&outSR=4326&f=geojson
2473,89489e24a13ffff,2012-01-01,2021-12-31,JP1,2012-2021,hex_point_on_surface,assigned,https://gis.wilco.org/arcgis/rest/services/public/county_historical_administrative_boundaries/MapServer/0/query?where=1%3D1&outFields=PCT_NUMBER&returnGeometry=true&outSR=4326&f=geojson
2474,89489e24a17ffff,2012-01-01,2021-12-31,JP1,2012-2021,hex_point_on_surface,assigned,https://gis.wilco.org/arcgis/rest/services/public/county_historical_administrative_boundaries/MapServer/0/query?where=1%3D1&outFields=PCT_NUMBER&returnGeometry=true&outSR=4326&f=geojson
2475,89489e24a1bffff,2012-01-01,2021-12-31,JP1,2012-2021,hex_point_on_surface,assigned,https://gis.wilco.org/arcgis/rest/services/public/county_historical_administrative_boundaries/MapServer/0/query?where=1%3D1&outFields=PCT_NUMBER&returnGeometry=true&outSR=4326&f=geojson
2476,89489e24a33ffff,2012-01-01,2021-12-31,JP1,2012-2021,hex_point_on_surface,assigned,https://gis.wilco.org/arcgis/rest/services/public/county_historical_administrative_boundaries/MapServer/0/query?where=1%3D1&outFields=PCT_NUMBER&returnGeometry=true&outSR=4326&f=geojson
2477,89489e24a37ffff,2012-01-01,2021-12-31,JP1,2012-2021,hex_point_on_surface,assigned,https://gis.wilco.org/arcgis/rest/services/public/county_historical_administrative_boundaries/MapServer/0/query?where=1%3D1&outFields=PCT_NUMBER&returnGeometry=true&outSR=4326&f=geojson
2478,89489e24a3bffff,2012-01-01,2021-12-31,JP1,2012-2021,hex_point_on_surface,assigned,https://gis.wilco.org/arcgis/rest/services/public/county_historical_administrative_boundaries/MapServer/0/query?where=1%3D1&outFields=PCT_NUMBER&returnGeometry=true&outSR=4326&f=geojson
2479,89489e24a43ffff,2012-01-01,2021-12-31,JP1,2012-2021,hex_point_on_surface,assigned,https://gis.wilco.org/arcgis/rest/services/public/county_historical_administrative_boundaries/MapServer/0/query?where=1%3D1&outFields=PCT_NUMBER&returnGeometry=true&outSR=4326&f=geojson
2480,89489e24a47ffff,2012-01-01,2021-12-31,JP1,2012-2021,hex_point_on_surface,assigned,https://gis.wilco.org/arcgis/rest/services/public/county_historical_administrative_boundaries/MapServer/0/query?where=1%3D1&outFields=PCT_NUMBER&returnGeometry=true&outSR=4326&f=geojson
2481,89489e24a63ffff,2012-01-01,2021-12-31,JP1,2012-2021,hex_point_on_surface,assigned,https://gis.wilco.org/arcgis/rest/services/public/county_historical_administrative_boundaries/MapServer/0/query?where=1%3D1&outFields=PCT_NUMBER&returnGeometry=true&outSR=4326&f=geojson
2482,89489e24a67ffff,2012-01-01,2021-12-31,JP1,2012-2021,hex_point_on_surface,assigned,https://gis.wilco.org/arcgis/rest/services/public/county_historical_administrative_boundaries/MapServer/0/query?where=1%3D1&outFields=PCT_NUMBER&returnGeometry=true&outSR=4326&f=geojson
2483,89489e24a6bffff,2012-01-01,2021-12-31,JP1,2012-2021,hex_point_on_surface,assigned,https://gis.wilco.org/arcgis/rest/services/public/county_historical_administrative_boundaries/MapServer/0/query?where=1%3D1&outFields=PCT_NUMBER&returnGeometry=true&outSR=4326&f=geojson
2484,89489e24a6fffff,2012-01-01,2021-12-31,JP1,2012-2021,hex_point_on_surface,assigned,https://gis.wilco.org/arcgis/rest/services/public/county_historical_administrative_boundaries/MapServer/0/query?where=1%3D1&outFields=PCT_NUMBER&returnGeometry=true&outSR=4326&f=geojson
2485,89489e24a73ffff,2012-01-01,2021-12-31,JP1,2012-2021,hex_point_on_surface,assigned,https://gis.wilco.org/arcgis/rest/services/public/county_historical_administrative_boundaries/MapServer/0/query?where=1%3D1&outFields=PCT_NUMBER&returnGeometry=true&outSR=4326&f=geojson
2486,89489e24a77ffff,2012-01-01,2021-12-31,JP1,2012-2021,hex_point_on_surface,assigned,https://gis.wilco.org/arcgis/rest/services/public/county_historical_administrative_boundaries/MapServer/0/query?where=1%3D1&outFields=PCT_NUMBER&returnGeometry=true&outSR=4326&f=geojson
2487,89489e24a7bffff,2012-01-01,2021-12-31,JP1,2012-2021,hex_point_on_surface,assigned,https://gis.wilco.org/arcgis/rest/services/public/county_historical_administrative_boundaries/MapServer/0/query?where=1%3D1&outFields=PCT_NUMBER&returnGeometry=true&outSR=4326&f=geojson
2488,89489e24a83ffff,2012-01-01,2021-12-31,JP1,2012-2021,hex_point_on_surface,assigned,https://gis.wilco.org/arcgis/rest/services/public/county_historical_administrative_boundaries/MapServer/0/query?where=1%3D1&outFields=PCT_NUMBER&returnGeometry=true&outSR=4326&f=geojson
2489,89489e24a87ffff,2012-01-01,2021-12-31,JP1,2012-2021,hex_point_on_surface,assigned,https://gis.wilco.org/arcgis/rest/services/public/county_historical_administrative_boundaries/MapServer/0/query?where=1%3D1&outFields=PCT_NUMBER&returnGeometry=true&outSR=4326&f=geojson
2490,89489e24a8bffff,2012-01-01,2021-12-31,JP1,2012-2021,hex_point_on_surface,assigned,https://gis.wilco.org/arcgis/rest/services/public/county_historical_administrative_boundaries/MapServer/0/query?where=1%3D1&outFields=PCT_NUMBER&returnGeometry=true&outSR=4326&f=geojson
2491,89489e24a8fffff,2012-01-01,2021-12-31,JP1,2012-2021,hex_point_on_surface,assigned,https://gis.wilco.org/arcgis/rest/services/public/county_historical_administrative_boundaries/MapServer/0/query?where=1%3D1&outFields=PCT_NUMBER&returnGeometry=true&outSR=4326&f=geojson
2492,89489e24a93ffff,2012-01-01,2021-12-31,JP1,2012-2021,hex_point_on_surface,assigned,https://gis.wilco.org/arcgis/rest/services/public/county_historical_administrative_boundaries/MapServer/0/query?where=1%3D1&outFields=PCT_NUMBER&returnGeometry=true&outSR=4326&f=geojson
2493,89489e24a97ffff,2012-01-01,2021-12-31,JP1,2012-2021,hex_point_on_surface,assigned,https://gis.wilco.org/arcgis/rest/services/public/county_historical_administrative_boundaries/MapServer/0/query?where=1%3D1&outFields=PCT_NUMBER&returnGeometry=true&outSR=4326&f=geojson
2494,89489e24a9bffff,2012-01-01,2021-12-31,JP1,2012-2021,hex_point_on_surface,assigned,https://gis.wilco.org/arcgis/rest/services/public/county_historical_administrative_boundaries/MapServer/0/query?where=1%3D1&outFields=PCT_NUMBER&returnGeometry=true&outSR=4326&f=geojson
2495,89489e24aa3ffff,2012-01-01,2021-12-31,JP1,2012-2021,hex_point_on_surface,assigned,https://gis.wilco.org/arcgis/rest/services/public/county_historical_administrative_boundaries/MapServer/0/query?where=1%3D1&outFields=PCT_NUMBER&returnGeometry=true&outSR=4326&f=geojson
2496,89489e24aa7ffff,2012-01-01,2021-12-31,JP1,2012-2021,hex_point_on_surface,assigned,https://gis.wilco.org/arcgis/rest/services/public/county_historical_administrative_boundaries/MapServer/0/query?where=1%3D1&outFields=PCT_NUMBER&returnGeometry=true&outSR=4326&f=geojson
2497,89489e24aabffff,2012-01-01,2021-12-31,JP1,2012-2021,hex_point_on_surface,assigned,https://gis.wilco.org/arcgis/rest/services/public/county_historical_administrative_boundaries/MapServer/0/query?where=1%3D1&outFields=PCT_NUMBER&returnGeometry=true&outSR=4326&f=geojson
2498,89489e24aafffff,2012-01-01,2021-12-31,JP1,2012-2021,hex_point_on_surface,assigned,https://gis.wilco.org/arcgis/rest/services/public/county_historical_administrative_boundaries/MapServer/0/query?where=1%3D1&outFields=PCT_NUMBER&returnGeometry=true&outSR=4326&f=geojson
2499,89489e24ab3ffff,2012-01-01,2021-12-31,JP1,2012-2021,hex_point_on_surface,assigned,https://gis.wilco.org/arcgis/rest/services/public/county_historical_administrative_boundaries/MapServer/0/query?where=1%3D1&outFields=PCT_NUMBER&returnGeometry=true&outSR=4326&f=geojson
2500,89489e24ab7ffff,2012-01-01,2021-12-31,JP1,2012-2021,hex_point_on_surface,assigned,https://gis.wilco.org/arcgis/rest/services/public/county_historical_administrative_boundaries/MapServer/0/query?where=1%3D1&outFields=PCT_NUMBER&returnGeometry=true&outSR=4326&f=geojson
2501,89489e24abbffff,2012-01-01,2021-12-31,JP1,2012-2021,hex_point_on_surface,assigned,https://gis.wilco.org/arcgis/rest/services/public/county_historical_administrative_boundaries/MapServer/0/query?where=1%3D1&outFields=PCT_NUMBER&returnGeometry=true&outSR=4326&f=geojson
2502,89489e24ad7ffff,2012-01-01,2021-12-31,JP1,2012-2021,hex_point_on_surface,assigned,https://gis.wilco.org/arcgis/rest/services/public/county_historical_administrative_boundaries/MapServer/0/query?where=1%3D1&outFields=PCT_NUMBER&returnGeometry=true&outSR=4326&f=geojson
2503,89489e24c03ffff,2012-01-01,2021-12-31,JP1,2012-2021,hex_point_on_surface,assigned,https://gis.wilco.org/arcgis/rest/services/public/county_historical_administrative_boundaries/MapServer/0/query?where=1%3D1&outFields=PCT_NUMBER&returnGeometry=true&outSR=4326&f=geojson
2504,89489e24c07ffff,2012-01-01,2021-12-31,JP1,2012-2021,hex_point_on_surface,assigned,https://gis.wilco.org/arcgis/rest/services/public/county_historical_administrative_boundaries/MapServer/0/query?where=1%3D1&outFields=PCT_NUMBER&returnGeometry=true&outSR=4326&f=geojson
2505,89489e24c0bffff,2012-01-01,2021-12-31,JP1,2012-2021,hex_point_on_surface,assigned,https://gis.wilco.org/arcgis/rest/services/public/county_historical_administrative_boundaries/MapServer/0/query?where=1%3D1&outFields=PCT_NUMBER&returnGeometry=true&outSR=4326&f=geojson
2506,89489e24c0fffff,2012-01-01,2021-12-31,JP2,2012-2021,hex_point_on_surface,assigned,https://gis.wilco.org/arcgis/rest/services/public/county_historical_administrative_boundaries/MapServer/0/query?where=1%3D1&outFields=PCT_NUMBER&returnGeometry=true&outSR=4326&f=geojson
2507,89489e24c13ffff,2012-01-01,2021-12-31,JP1,2012-2021,hex_point_on_surface,assigned,https://gis.wilco.org/arcgis/rest/services/public/county_historical_administrative_boundaries/MapServer/0/query?where=1%3D1&outFields=PCT_NUMBER&returnGeometry=true&outSR=4326&f=geojson
2508,89489e24c17ffff,2012-01-01,2021-12-31,JP1,2012-2021,hex_point_on_surface,assigned,https://gis.wilco.org/arcgis/rest/services/public/county_historical_administrative_boundaries/MapServer/0/query?where=1%3D1&outFields=PCT_NUMBER&returnGeometry=true&outSR=4326&f=geojson
2509,89489e24c23ffff,2012-01-01,2021-12-31,JP2,2012-2021,hex_point_on_surface,assigned,https://gis.wilco.org/arcgis/rest/services/public/county_historical_administrative_boundaries/MapServer/0/query?where=1%3D1&outFields=PCT_NUMBER&returnGeometry=true&outSR=4326&f=geojson
2510,89489e24c27ffff,2012-01-01,2021-12-31,JP2,2012-2021,hex_point_on_surface,assigned,https://gis.wilco.org/arcgis/rest/services/public/county_historical_administrative_boundaries/MapServer/0/query?where=1%3D1&outFields=PCT_NUMBER&returnGeometry=true&outSR=4326&f=geojson
2511,89489e24c2bffff,2012-01-01,2021-12-31,JP2,2012-2021,hex_point_on_surface,assigned,https://gis.wilco.org/arcgis/rest/services/public/county_historical_administrative_boundaries/MapServer/0/query?where=1%3D1&outFields=PCT_NUMBER&returnGeometry=true&outSR=4326&f=geojson
2512,89489e24c2fffff,2012-01-01,2021-12-31,JP2,2012-2021,hex_point_on_surface,assigned,https://gis.wilco.org/arcgis/rest/services/public/county_historical_administrative_boundaries/MapServer/0/query?where=1%3D1&outFields=PCT_NUMBER&returnGeometry=true&outSR=4326&f=geojson
2513,89489e24c33ffff,2012-01-01,2021-12-31,JP2,2012-2021,hex_point_on_surface,assigned,https://gis.wilco.org/arcgis/rest/services/public/county_historical_administrative_boundaries/MapServer/0/query?where=1%3D1&outFields=PCT_NUMBER&returnGeometry=true&outSR=4326&f=geojson
2514,89489e24c37ffff,2012-01-01,2021-12-31,JP2,2012-2021,hex_point_on_surface,assigned,https://gis.wilco.org/arcgis/rest/services/public/county_historical_administrative_boundaries/MapServer/0/query?where=1%3D1&outFields=PCT_NUMBER&returnGeometry=true&outSR=4326&f=geojson
2515,89489e24c3bffff,2012-01-01,2021-12-31,JP2,2012-2021,hex_point_on_surface,assigned,https://gis.wilco.org/arcgis/rest/services/public/county_historical_administrative_boundaries/MapServer/0/query?where=1%3D1&outFields=PCT_NUMBER&returnGeometry=true&outSR=4326&f=geojson
2516,89489e24c63ffff,2012-01-01,2021-12-31,JP2,2012-2021,hex_point_on_surface,assigned,https://gis.wilco.org/arcgis/rest/services/public/county_historical_administrative_boundaries/MapServer/0/query?where=1%3D1&outFields=PCT_NUMBER&returnGeometry=true&outSR=4326&f=geojson
2517,89489e24c67ffff,2012-01-01,2021-12-31,JP2,2012-2021,hex_point_on_surface,assigned,https://gis.wilco.org/arcgis/rest/services/public/county_historical_administrative_boundaries/MapServer/0/query?where=1%3D1&outFields=PCT_NUMBER&returnGeometry=true&outSR=4326&f=geojson
2518,89489e24c6bffff,2012-01-01,2021-12-31,JP2,2012-2021,hex_point_on_surface,assigned,https://gis.wilco.org/arcgis/rest/services/public/county_historical_administrative_boundaries/MapServer/0/query?where=1%3D1&outFields=PCT_NUMBER&returnGeometry=true&outSR=4326&f=geojson
2519,89489e24c6fffff,2012-01-01,2021-12-31,JP2,2012-2021,hex_point_on_surface,assigned,https://gis.wilco.org/arcgis/rest/services/public/county_historical_administrative_boundaries/MapServer/0/query?where=1%3D1&outFields=PCT_NUMBER&returnGeometry=true&outSR=4326&f=geojson
2520,89489e24c73ffff,2012-01-01,2021-12-31,JP2,2012-2021,hex_point_on_surface,assigned,https://gis.wilco.org/arcgis/rest/services/public/county_historical_administrative_boundaries/MapServer/0/query?where=1%3D1&outFields=PCT_NUMBER&returnGeometry=true&outSR=4326&f=geojson
2521,89489e24c77ffff,2012-01-01,2021-12-31,JP2,2012-2021,hex_point_on_surface,assigned,https://gis.wilco.org/arcgis/rest/services/public/county_historical_administrative_boundaries/MapServer/0/query?where=1%3D1&outFields=PCT_NUMBER&returnGeometry=true&outSR=4326&f=geojson
2522,89489e24c7bffff,2012-01-01,2021-12-31,JP2,2012-2021,hex_point_on_surface,assigned,https://gis.wilco.org/arcgis/rest/services/public/county_historical_administrative_boundaries/MapServer/0/query?where=1%3D1&outFields=PCT_NUMBER&returnGeometry=true&outSR=4326&f=geojson
2523,89489e24c83ffff,2012-01-01,2021-12-31,JP1,2012-2021,hex_point_on_surface,assigned,https://gis.wilco.org/arcgis/rest/services/public/county_historical_administrative_boundaries/MapServer/0/query?where=1%3D1&outFields=PCT_NUMBER&returnGeometry=true&outSR=4326&f=geojson
2524,89489e24c87ffff,2012-01-01,2021-12-31,JP1,2012-2021,hex_point_on_surface,assigned,https://gis.wilco.org/arcgis/rest/services/public/county_historical_administrative_boundaries/MapServer/0/query?where=1%3D1&outFields=PCT_NUMBER&returnGeometry=true&outSR=4326&f=geojson
2525,89489e24c8bffff,2012-01-01,2021-12-31,JP1,2012-2021,hex_point_on_surface,assigned,https://gis.wilco.org/arcgis/rest/services/public/county_historical_administrative_boundaries/MapServer/0/query?where=1%3D1&outFields=PCT_NUMBER&returnGeometry=true&outSR=4326&f=geojson
2526,89489e24c8fffff,2012-01-01,2021-12-31,JP1,2012-2021,hex_point_on_surface,assigned,https://gis.wilco.org/arcgis/rest/services/public/county_historical_administrative_boundaries/MapServer/0/query?where=1%3D1&outFields=PCT_NUMBER&returnGeometry=true&outSR=4326&f=geojson
2527,89489e24c93ffff,2012-01-01,2021-12-31,JP1,2012-2021,hex_point_on_surface,assigned,https://gis.wilco.org/arcgis/rest/services/public/county_historical_administrative_boundaries/MapServer/0/query?where=1%3D1&outFields=PCT_NUMBER&returnGeometry=true&outSR=4326&f=geojson
2528,89489e24c97ffff,2012-01-01,2021-12-31,JP1,2012-2021,hex_point_on_surface,assigned,https://gis.wilco.org/arcgis/rest/services/public/county_historical_administrative_boundaries/MapServer/0/query?where=1%3D1&outFields=PCT_NUMBER&returnGeometry=true&outSR=4326&f=geojson
2529,89489e24ca3ffff,2012-01-01,2021-12-31,JP1,2012-2021,hex_point_on_surface,assigned,https://gis.wilco.org/arcgis/rest/services/public/county_historical_administrative_boundaries/MapServer/0/query?where=1%3D1&outFields=PCT_NUMBER&returnGeometry=true&outSR=4326&f=geojson
2530,89489e24ca7ffff,2012-01-01,2021-12-31,JP2,2012-2021,hex_point_on_surface,assigned,https://gis.wilco.org/arcgis/rest/services/public/county_historical_administrative_boundaries/MapServer/0/query?where=1%3D1&outFields=PCT_NUMBER&returnGeometry=true&outSR=4326&f=geojson
2531,89489e24cabffff,2012-01-01,2021-12-31,JP1,2012-2021,hex_point_on_surface,assigned,https://gis.wilco.org/arcgis/rest/services/public/county_historical_administrative_boundaries/MapServer/0/query?where=1%3D1&outFields=PCT_NUMBER&returnGeometry=true&outSR=4326&f=geojson
2532,89489e24cafffff,2012-01-01,2021-12-31,JP2,2012-2021,hex_point_on_surface,assigned,https://gis.wilco.org/arcgis/rest/services/public/county_historical_administrative_boundaries/MapServer/0/query?where=1%3D1&outFields=PCT_NUMBER&returnGeometry=true&outSR=4326&f=geojson
2533,89489e24cb3ffff,2012-01-01,2021-12-31,JP1,2012-2021,hex_point_on_surface,assigned,https://gis.wilco.org/arcgis/rest/services/public/county_historical_administrative_boundaries/MapServer/0/query?where=1%3D1&outFields=PCT_NUMBER&returnGeometry=true&outSR=4326&f=geojson
2534,89489e24cb7ffff,2012-01-01,2021-12-31,JP2,2012-2021,hex_point_on_surface,assigned,https://gis.wilco.org/arcgis/rest/services/public/county_historical_administrative_boundaries/MapServer/0/query?where=1%3D1&outFields=PCT_NUMBER&returnGeometry=true&outSR=4326&f=geojson
2535,89489e24cbbffff,2012-01-01,2021-12-31,JP1,2012-2021,hex_point_on_surface,assigned,https://gis.wilco.org/arcgis/rest/services/public/county_historical_administrative_boundaries/MapServer/0/query?where=1%3D1&outFields=PCT_NUMBER&returnGeometry=true&outSR=4326&f=geojson
2536,89489e24cdbffff,2012-01-01,2021-12-31,JP1,2012-2021,hex_point_on_surface,assigned,https://gis.wilco.org/arcgis/rest/services/public/county_historical_administrative_boundaries/MapServer/0/query?where=1%3D1&outFields=PCT_NUMBER&returnGeometry=true&outSR=4326&f=geojson
2537,89489e24d03ffff,2012-01-01,2021-12-31,JP2,2012-2021,hex_point_on_surface,assigned,https://gis.wilco.org/arcgis/rest/services/public/county_historical_administrative_boundaries/MapServer/0/query?where=1%3D1&outFields=PCT_NUMBER&returnGeometry=true&outSR=4326&f=geojson
2538,89489e24d0bffff,2012-01-01,2021-12-31,JP2,2012-2021,hex_point_on_surface,assigned,https://gis.wilco.org/arcgis/rest/services/public/county_historical_administrative_boundaries/MapServer/0/query?where=1%3D1&outFields=PCT_NUMBER&returnGeometry=true&outSR=4326&f=geojson
2539,89489e24d0fffff,2012-01-01,2021-12-31,JP2,2012-2021,hex_point_on_surface,assigned,https://gis.wilco.org/arcgis/rest/services/public/county_historical_administrative_boundaries/MapServer/0/query?where=1%3D1&outFields=PCT_NUMBER&returnGeometry=true&outSR=4326&f=geojson
2540,89489e24d1bffff,2012-01-01,2021-12-31,JP2,2012-2021,hex_point_on_surface,assigned,https://gis.wilco.org/arcgis/rest/services/public/county_historical_administrative_boundaries/MapServer/0/query?where=1%3D1&outFields=PCT_NUMBER&returnGeometry=true&outSR=4326&f=geojson
2541,89489e24d43ffff,2012-01-01,2021-12-31,JP2,2012-2021,hex_point_on_surface,assigned,https://gis.wilco.org/arcgis/rest/services/public/county_historical_administrative_boundaries/MapServer/0/query?where=1%3D1&outFields=PCT_NUMBER&returnGeometry=true&outSR=4326&f=geojson
2542,89489e24d47ffff,2012-01-01,2021-12-31,JP2,2012-2021,hex_point_on_surface,assigned,https://gis.wilco.org/arcgis/rest/services/public/county_historical_administrative_boundaries/MapServer/0/query?where=1%3D1&outFields=PCT_NUMBER&returnGeometry=true&outSR=4326&f=geojson
2543,89489e24d4bffff,2012-01-01,2021-12-31,JP2,2012-2021,hex_point_on_surface,assigned,https://gis.wilco.org/arcgis/rest/services/public/county_historical_administrative_boundaries/MapServer/0/query?where=1%3D1&outFields=PCT_NUMBER&returnGeometry=true&outSR=4326&f=geojson
2544,89489e24d4fffff,2012-01-01,2021-12-31,JP2,2012-2021,hex_point_on_surface,assigned,https://gis.wilco.org/arcgis/rest/services/public/county_historical_administrative_boundaries/MapServer/0/query?where=1%3D1&outFields=PCT_NUMBER&returnGeometry=true&outSR=4326&f=geojson
2545,89489e24d53ffff,2012-01-01,2021-12-31,JP2,2012-2021,hex_point_on_surface,assigned,https://gis.wilco.org/arcgis/rest/services/public/county_historical_administrative_boundaries/MapServer/0/query?where=1%3D1&outFields=PCT_NUMBER&returnGeometry=true&outSR=4326&f=geojson
2546,89489e24d57ffff,2012-01-01,2021-12-31,JP2,2012-2021,hex_point_on_surface,assigned,https://gis.wilco.org/arcgis/rest/services/public/county_historical_administrative_boundaries/MapServer/0/query?where=1%3D1&outFields=PCT_NUMBER&returnGeometry=true&outSR=4326&f=geojson
2547,89489e24d5bffff,2012-01-01,2021-12-31,JP2,2012-2021,hex_point_on_surface,assigned,https://gis.wilco.org/arcgis/rest/services/public/county_historical_administrative_boundaries/MapServer/0/query?where=1%3D1&outFields=PCT_NUMBER&returnGeometry=true&outSR=4326&f=geojson
2548,89489e24d63ffff,2012-01-01,2021-12-31,JP1,2012-2021,hex_point_on_surface,assigned,https://gis.wilco.org/arcgis/rest/services/public/county_historical_administrative_boundaries/MapServer/0/query?where=1%3D1&outFields=PCT_NUMBER&returnGeometry=true&outSR=4326&f=geojson
2549,89489e24d67ffff,2012-01-01,2021-12-31,JP2,2012-2021,hex_point_on_surface,assigned,https://gis.wilco.org/arcgis/rest/services/public/county_historical_administrative_boundaries/MapServer/0/query?where=1%3D1&outFields=PCT_NUMBER&returnGeometry=true&outSR=4326&f=geojson
2550,89489e24d6bffff,2012-01-01,2021-12-31,JP1,2012-2021,hex_point_on_surface,assigned,https://gis.wilco.org/arcgis/rest/services/public/county_historical_administrative_boundaries/MapServer/0/query?where=1%3D1&outFields=PCT_NUMBER&returnGeometry=true&outSR=4326&f=geojson
2551,89489e24d6fffff,2012-01-01,2021-12-31,JP1,2012-2021,hex_point_on_surface,assigned,https://gis.wilco.org/arcgis/rest/services/public/county_historical_administrative_boundaries/MapServer/0/query?where=1%3D1&outFields=PCT_NUMBER&returnGeometry=true&outSR=4326&f=geojson
2552,89489e24d73ffff,2012-01-01,2021-12-31,JP1,2012-2021,hex_point_on_surface,assigned,https://gis.wilco.org/arcgis/rest/services/public/county_historical_administrative_boundaries/MapServer/0/query?where=1%3D1&outFields=PCT_NUMBER&returnGeometry=true&outSR=4326&f=geojson
2553,89489e24d77ffff,2012-01-01,2021-12-31,JP2,2012-2021,hex_point_on_surface,assigned,https://gis.wilco.org/arcgis/rest/services/public/county_historical_administrative_boundaries/MapServer/0/query?where=1%3D1&outFields=PCT_NUMBER&returnGeometry=true&outSR=4326&f=geojson
2554,89489e24d7bffff,2012-01-01,2021-12-31,JP1,2012-2021,hex_point_on_surface,assigned,https://gis.wilco.org/arcgis/rest/services/public/county_historical_administrative_boundaries/MapServer/0/query?where=1%3D1&outFields=PCT_NUMBER&returnGeometry=true&outSR=4326&f=geojson
2555,89489e24d83ffff,2012-01-01,2021-12-31,JP2,2012-2021,hex_point_on_surface,assigned,https://gis.wilco.org/arcgis/rest/services/public/county_historical_administrative_boundaries/MapServer/0/query?where=1%3D1&outFields=PCT_NUMBER&returnGeometry=true&outSR=4326&f=geojson
2556,89489e24d8bffff,2012-01-01,2021-12-31,JP2,2012-2021,hex_point_on_surface,assigned,https://gis.wilco.org/arcgis/rest/services/public/county_historical_administrative_boundaries/MapServer/0/query?where=1%3D1&outFields=PCT_NUMBER&returnGeometry=true&outSR=4326&f=geojson
2557,89489e24d93ffff,2012-01-01,2021-12-31,JP2,2012-2021,hex_point_on_surface,assigned,https://gis.wilco.org/arcgis/rest/services/public/county_historical_administrative_boundaries/MapServer/0/query?where=1%3D1&outFields=PCT_NUMBER&returnGeometry=true&outSR=4326&f=geojson
2558,89489e24d97ffff,2012-01-01,2021-12-31,JP2,2012-2021,hex_point_on_surface,assigned,https://gis.wilco.org/arcgis/rest/services/public/county_historical_administrative_boundaries/MapServer/0/query?where=1%3D1&outFields=PCT_NUMBER&returnGeometry=true&outSR=4326&f=geojson
2559,89489e24d9bffff,2012-01-01,2021-12-31,JP2,2012-2021,hex_point_on_surface,assigned,https://gis.wilco.org/arcgis/rest/services/public/county_historical_administrative_boundaries/MapServer/0/query?where=1%3D1&outFields=PCT_NUMBER&returnGeometry=true&outSR=4326&f=geojson
2560,89489e24dc3ffff,2012-01-01,2021-12-31,JP2,2012-2021,hex_point_on_surface,assigned,https://gis.wilco.org/arcgis/rest/services/public/county_historical_administrative_boundaries/MapServer/0/query?where=1%3D1&outFields=PCT_NUMBER&returnGeometry=true&outSR=4326&f=geojson
2561,89489e24dc7ffff,2012-01-01,2021-12-31,JP2,2012-2021,hex_point_on_surface,assigned,https://gis.wilco.org/arcgis/rest/services/public/county_historical_administrative_boundaries/MapServer/0/query?where=1%3D1&outFields=PCT_NUMBER&returnGeometry=true&outSR=4326&f=geojson
2562,89489e24dcbffff,2012-01-01,2021-12-31,JP2,2012-2021,hex_point_on_surface,assigned,https://gis.wilco.org/arcgis/rest/services/public/county_historical_administrative_boundaries/MapServer/0/query?where=1%3D1&outFields=PCT_NUMBER&returnGeometry=true&outSR=4326&f=geojson
2563,89489e24dcfffff,2012-01-01,2021-12-31,JP2,2012-2021,hex_point_on_surface,assigned,https://gis.wilco.org/arcgis/rest/services/public/county_historical_administrative_boundaries/MapServer/0/query?where=1%3D1&outFields=PCT_NUMBER&returnGeometry=true&outSR=4326&f=geojson
2564,89489e24dd3ffff,2012-01-01,2021-12-31,JP2,2012-2021,hex_point_on_surface,assigned,https://gis.wilco.org/arcgis/rest/services/public/county_historical_administrative_boundaries/MapServer/0/query?where=1%3D1&outFields=PCT_NUMBER&returnGeometry=true&outSR=4326&f=geojson
2565,89489e24dd7ffff,2012-01-01,2021-12-31,JP2,2012-2021,hex_point_on_surface,assigned,https://gis.wilco.org/arcgis/rest/services/public/county_historical_administrative_boundaries/MapServer/0/query?where=1%3D1&outFields=PCT_NUMBER&returnGeometry=true&outSR=4326&f=geojson
2566,89489e24ddbffff,2012-01-01,2021-12-31,JP2,2012-2021,hex_point_on_surface,assigned,https://gis.wilco.org/arcgis/rest/services/public/county_historical_administrative_boundaries/MapServer/0/query?where=1%3D1&outFields=PCT_NUMBER&returnGeometry=true&outSR=4326&f=geojson
2567,89489e24e03ffff,2012-01-01,2021-12-31,JP1,2012-2021,hex_point_on_surface,assigned,https://gis.wilco.org/arcgis/rest/services/public/county_historical_administrative_boundaries/MapServer/0/query?where=1%3D1&outFields=PCT_NUMBER&returnGeometry=true&outSR=4326&f=geojson
2568,89489e24e0bffff,2012-01-01,2021-12-31,JP1,2012-2021,hex_point_on_surface,assigned,https://gis.wilco.org/arcgis/rest/services/public/county_historical_administrative_boundaries/MapServer/0/query?where=1%3D1&outFields=PCT_NUMBER&returnGeometry=true&outSR=4326&f=geojson
2569,89489e24e13ffff,2012-01-01,2021-12-31,JP1,2012-2021,hex_point_on_surface,assigned,https://gis.wilco.org/arcgis/rest/services/public/county_historical_administrative_boundaries/MapServer/0/query?where=1%3D1&outFields=PCT_NUMBER&returnGeometry=true&outSR=4326&f=geojson
2570,89489e24e17ffff,2012-01-01,2021-12-31,JP1,2012-2021,hex_point_on_surface,assigned,https://gis.wilco.org/arcgis/rest/services/public/county_historical_administrative_boundaries/MapServer/0/query?where=1%3D1&outFields=PCT_NUMBER&returnGeometry=true&outSR=4326&f=geojson
2571,89489e24e1bffff,2012-01-01,2021-12-31,JP1,2012-2021,hex_point_on_surface,assigned,https://gis.wilco.org/arcgis/rest/services/public/county_historical_administrative_boundaries/MapServer/0/query?where=1%3D1&outFields=PCT_NUMBER&returnGeometry=true&outSR=4326&f=geojson
2572,89489e24e23ffff,2012-01-01,2021-12-31,JP1,2012-2021,hex_point_on_surface,assigned,https://gis.wilco.org/arcgis/rest/services/public/county_historical_administrative_boundaries/MapServer/0/query?where=1%3D1&outFields=PCT_NUMBER&returnGeometry=true&outSR=4326&f=geojson
2573,89489e24e27ffff,2012-01-01,2021-12-31,JP1,2012-2021,hex_point_on_surface,assigned,https://gis.wilco.org/arcgis/rest/services/public/county_historical_administrative_boundaries/MapServer/0/query?where=1%3D1&outFields=PCT_NUMBER&returnGeometry=true&outSR=4326&f=geojson
2574,89489e24e2bffff,2012-01-01,2021-12-31,JP1,2012-2021,hex_point_on_surface,assigned,https://gis.wilco.org/arcgis/rest/services/public/county_historical_administrative_boundaries/MapServer/0/query?where=1%3D1&outFields=PCT_NUMBER&returnGeometry=true&outSR=4326&f=geojson
2575,89489e24e2fffff,2012-01-01,2021-12-31,JP1,2012-2021,hex_point_on_surface,assigned,https://gis.wilco.org/arcgis/rest/services/public/county_historical_administrative_boundaries/MapServer/0/query?where=1%3D1&outFields=PCT_NUMBER&returnGeometry=true&outSR=4326&f=geojson
2576,89489e24e33ffff,2012-01-01,2021-12-31,JP1,2012-2021,hex_point_on_surface,assigned,https://gis.wilco.org/arcgis/rest/services/public/county_historical_administrative_boundaries/MapServer/0/query?where=1%3D1&outFields=PCT_NUMBER&returnGeometry=true&outSR=4326&f=geojson
2577,89489e24e37ffff,2012-01-01,2021-12-31,JP1,2012-2021,hex_point_on_surface,assigned,https://gis.wilco.org/arcgis/rest/services/public/county_historical_administrative_boundaries/MapServer/0/query?where=1%3D1&outFields=PCT_NUMBER&returnGeometry=true&outSR=4326&f=geojson
2578,89489e24e3bffff,2012-01-01,2021-12-31,JP1,2012-2021,hex_point_on_surface,assigned,https://gis.wilco.org/arcgis/rest/services/public/county_historical_administrative_boundaries/MapServer/0/query?where=1%3D1&outFields=PCT_NUMBER&returnGeometry=true&outSR=4326&f=geojson
2579,89489e24e43ffff,2012-01-01,2021-12-31,JP1,2012-2021,hex_point_on_surface,assigned,https://gis.wilco.org/arcgis/rest/services/public/county_historical_administrative_boundaries/MapServer/0/query?where=1%3D1&outFields=PCT_NUMBER&returnGeometry=true&outSR=4326&f=geojson
2580,89489e24e47ffff,2012-01-01,2021-12-31,JP1,2012-2021,hex_point_on_surface,assigned,https://gis.wilco.org/arcgis/rest/services/public/county_historical_administrative_boundaries/MapServer/0/query?where=1%3D1&outFields=PCT_NUMBER&returnGeometry=true&outSR=4326&f=geojson
2581,89489e24e4bffff,2012-01-01,2021-12-31,JP1,2012-2021,hex_point_on_surface,assigned,https://gis.wilco.org/arcgis/rest/services/public/county_historical_administrative_boundaries/MapServer/0/query?where=1%3D1&outFields=PCT_NUMBER&returnGeometry=true&outSR=4326&f=geojson
2582,89489e24e4fffff,2012-01-01,2021-12-31,JP1,2012-2021,hex_point_on_surface,assigned,https://gis.wilco.org/arcgis/rest/services/public/county_historical_administrative_boundaries/MapServer/0/query?where=1%3D1&outFields=PCT_NUMBER&returnGeometry=true&outSR=4326&f=geojson
2583,89489e24e53ffff,2012-01-01,2021-12-31,JP1,2012-2021,hex_point_on_surface,assigned,https://gis.wilco.org/arcgis/rest/services/public/county_historical_administrative_boundaries/MapServer/0/query?where=1%3D1&outFields=PCT_NUMBER&returnGeometry=true&outSR=4326&f=geojson
2584,89489e24e57ffff,2012-01-01,2021-12-31,JP1,2012-2021,hex_point_on_surface,assigned,https://gis.wilco.org/arcgis/rest/services/public/county_historical_administrative_boundaries/MapServer/0/query?where=1%3D1&outFields=PCT_NUMBER&returnGeometry=true&outSR=4326&f=geojson
2585,89489e24e5bffff,2012-01-01,2021-12-31,JP1,2012-2021,hex_point_on_surface,assigned,https://gis.wilco.org/arcgis/rest/services/public/county_historical_administrative_boundaries/MapServer/0/query?where=1%3D1&outFields=PCT_NUMBER&returnGeometry=true&outSR=4326&f=geojson
2586,89489e24e63ffff,2012-01-01,2021-12-31,JP1,2012-2021,hex_point_on_surface,assigned,https://gis.wilco.org/arcgis/rest/services/public/county_historical_administrative_boundaries/MapServer/0/query?where=1%3D1&outFields=PCT_NUMBER&returnGeometry=true&outSR=4326&f=geojson
2587,89489e24e67ffff,2012-01-01,2021-12-31,JP1,2012-2021,hex_point_on_surface,assigned,https://gis.wilco.org/arcgis/rest/services/public/county_historical_administrative_boundaries/MapServer/0/query?where=1%3D1&outFields=PCT_NUMBER&returnGeometry=true&outSR=4326&f=geojson
2588,89489e24e6bffff,2012-01-01,2021-12-31,JP1,2012-2021,hex_point_on_surface,assigned,https://gis.wilco.org/arcgis/rest/services/public/county_historical_administrative_boundaries/MapServer/0/query?where=1%3D1&outFields=PCT_NUMBER&returnGeometry=true&outSR=4326&f=geojson
2589,89489e24e6fffff,2012-01-01,2021-12-31,JP1,2012-2021,hex_point_on_surface,assigned,https://gis.wilco.org/arcgis/rest/services/public/county_historical_administrative_boundaries/MapServer/0/query?where=1%3D1&outFields=PCT_NUMBER&returnGeometry=true&outSR=4326&f=geojson
2590,89489e24e77ffff,2012-01-01,2021-12-31,JP1,2012-2021,hex_point_on_surface,assigned,https://gis.wilco.org/arcgis/rest/services/public/county_historical_administrative_boundaries/MapServer/0/query?where=1%3D1&outFields=PCT_NUMBER&returnGeometry=true&outSR=4326&f=geojson
2591,89489e24e8bffff,2012-01-01,2021-12-31,JP1,2012-2021,hex_point_on_surface,assigned,https://gis.wilco.org/arcgis/rest/services/public/county_historical_administrative_boundaries/MapServer/0/query?where=1%3D1&outFields=PCT_NUMBER&returnGeometry=true&outSR=4326&f=geojson
2592,89489e24ea3ffff,2012-01-01,2021-12-31,JP2,2012-2021,hex_point_on_surface,assigned,https://gis.wilco.org/arcgis/rest/services/public/county_historical_administrative_boundaries/MapServer/0/query?where=1%3D1&outFields=PCT_NUMBER&returnGeometry=true&outSR=4326&f=geojson
2593,89489e24ea7ffff,2012-01-01,2021-12-31,JP2,2012-2021,hex_point_on_surface,assigned,https://gis.wilco.org/arcgis/rest/services/public/county_historical_administrative_boundaries/MapServer/0/query?where=1%3D1&outFields=PCT_NUMBER&returnGeometry=true&outSR=4326&f=geojson
2594,89489e24eabffff,2012-01-01,2021-12-31,JP2,2012-2021,hex_point_on_surface,assigned,https://gis.wilco.org/arcgis/rest/services/public/county_historical_administrative_boundaries/MapServer/0/query?where=1%3D1&outFields=PCT_NUMBER&returnGeometry=true&outSR=4326&f=geojson
2595,89489e24eafffff,2012-01-01,2021-12-31,JP2,2012-2021,hex_point_on_surface,assigned,https://gis.wilco.org/arcgis/rest/services/public/county_historical_administrative_boundaries/MapServer/0/query?where=1%3D1&outFields=PCT_NUMBER&returnGeometry=true&outSR=4326&f=geojson
2596,89489e24eb7ffff,2012-01-01,2021-12-31,JP2,2012-2021,hex_point_on_surface,assigned,https://gis.wilco.org/arcgis/rest/services/public/county_historical_administrative_boundaries/MapServer/0/query?where=1%3D1&outFields=PCT_NUMBER&returnGeometry=true&outSR=4326&f=geojson
2597,89489e24ebbffff,2012-01-01,2021-12-31,JP1,2012-2021,hex_point_on_surface,assigned,https://gis.wilco.org/arcgis/rest/services/public/county_historical_administrative_boundaries/MapServer/0/query?where=1%3D1&outFields=PCT_NUMBER&returnGeometry=true&outSR=4326&f=geojson
2598,89489e24ec3ffff,2012-01-01,2021-12-31,JP1,2012-2021,hex_point_on_surface,assigned,https://gis.wilco.org/arcgis/rest/services/public/county_historical_administrative_boundaries/MapServer/0/query?where=1%3D1&outFields=PCT_NUMBER&returnGeometry=true&outSR=4326&f=geojson
2599,89489e24ec7ffff,2012-01-01,2021-12-31,JP1,2012-2021,hex_point_on_surface,assigned,https://gis.wilco.org/arcgis/rest/services/public/county_historical_administrative_boundaries/MapServer/0/query?where=1%3D1&outFields=PCT_NUMBER&returnGeometry=true&outSR=4326&f=geojson
2600,89489e24ecbffff,2012-01-01,2021-12-31,JP1,2012-2021,hex_point_on_surface,assigned,https://gis.wilco.org/arcgis/rest/services/public/county_historical_administrative_boundaries/MapServer/0/query?where=1%3D1&outFields=PCT_NUMBER&returnGeometry=true&outSR=4326&f=geojson
2601,89489e24ecfffff,2012-01-01,2021-12-31,JP1,2012-2021,hex_point_on_surface,assigned,https://gis.wilco.org/arcgis/rest/services/public/county_historical_administrative_boundaries/MapServer/0/query?where=1%3D1&outFields=PCT_NUMBER&returnGeometry=true&outSR=4326&f=geojson
2602,89489e24ed3ffff,2012-01-01,2021-12-31,JP1,2012-2021,hex_point_on_surface,assigned,https://gis.wilco.org/arcgis/rest/services/public/county_historical_administrative_boundaries/MapServer/0/query?where=1%3D1&outFields=PCT_NUMBER&returnGeometry=true&outSR=4326&f=geojson
2603,89489e24ed7ffff,2012-01-01,2021-12-31,JP1,2012-2021,hex_point_on_surface,assigned,https://gis.wilco.org/arcgis/rest/services/public/county_historical_administrative_boundaries/MapServer/0/query?where=1%3D1&outFields=PCT_NUMBER&returnGeometry=true&outSR=4326&f=geojson
2604,89489e24edbffff,2012-01-01,2021-12-31,JP1,2012-2021,hex_point_on_surface,assigned,https://gis.wilco.org/arcgis/rest/services/public/county_historical_administrative_boundaries/MapServer/0/query?where=1%3D1&outFields=PCT_NUMBER&returnGeometry=true&outSR=4326&f=geojson
2617,89489e25127ffff,2012-01-01,2021-12-31,JP1,2012-2021,hex_point_on_surface,assigned,https://gis.wilco.org/arcgis/rest/services/public/county_historical_administrative_boundaries/MapServer/0/query?where=1%3D1&outFields=PCT_NUMBER&returnGeometry=true&outSR=4326&f=geojson
2618,89489e2512fffff,2012-01-01,2021-12-31,JP1,2012-2021,hex_point_on_surface,assigned,https://gis.wilco.org/arcgis/rest/services/public/county_historical_administrative_boundaries/MapServer/0/query?where=1%3D1&outFields=PCT_NUMBER&returnGeometry=true&outSR=4326&f=geojson
2619,89489e25133ffff,2012-01-01,2021-12-31,JP1,2012-2021,hex_point_on_surface,assigned,https://gis.wilco.org/arcgis/rest/services/public/county_historical_administrative_boundaries/MapServer/0/query?where=1%3D1&outFields=PCT_NUMBER&returnGeometry=true&outSR=4326&f=geojson
2620,89489e25137ffff,2012-01-01,2021-12-31,JP1,2012-2021,hex_point_on_surface,assigned,https://gis.wilco.org/arcgis/rest/services/public/county_historical_administrative_boundaries/MapServer/0/query?where=1%3D1&outFields=PCT_NUMBER&returnGeometry=true&outSR=4326&f=geojson
2626,89489e251a7ffff,2012-01-01,2021-12-31,,2012-2021,hex_point_on_surface,outside_official_precinct_geometry,https://gis.wilco.org/arcgis/rest/services/public/county_historical_administrative_boundaries/MapServer/0/query?where=1%3D1&outFields=PCT_NUMBER&returnGeometry=true&outSR=4326&f=geojson
2628,89489e251afffff,2012-01-01,2021-12-31,JP1,2012-2021,hex_point_on_surface,assigned,https://gis.wilco.org/arcgis/rest/services/public/county_historical_administrative_boundaries/MapServer/0/query?where=1%3D1&outFields=PCT_NUMBER&returnGeometry=true&outSR=4326&f=geojson
2726,89489e25817ffff,2012-01-01,2021-12-31,JP1,2012-2021,hex_point_on_surface,assigned,https://gis.wilco.org/arcgis/rest/services/public/county_historical_administrative_boundaries/MapServer/0/query?where=1%3D1&outFields=PCT_NUMBER&returnGeometry=true&outSR=4326&f=geojson
2727,89489e25827ffff,2012-01-01,2021-12-31,JP1,2012-2021,hex_point_on_surface,assigned,https://gis.wilco.org/arcgis/rest/services/public/county_historical_administrative_boundaries/MapServer/0/query?where=1%3D1&outFields=PCT_NUMBER&returnGeometry=true&outSR=4326&f=geojson
2728,89489e25833ffff,2012-01-01,2021-12-31,JP1,2012-2021,hex_point_on_surface,assigned,https://gis.wilco.org/arcgis/rest/services/public/county_historical_administrative_boundaries/MapServer/0/query?where=1%3D1&outFields=PCT_NUMBER&returnGeometry=true&outSR=4326&f=geojson
2729,89489e25837ffff,2012-01-01,2021-12-31,JP1,2012-2021,hex_point_on_surface,assigned,https://gis.wilco.org/arcgis/rest/services/public/county_historical_administrative_boundaries/MapServer/0/query?where=1%3D1&outFields=PCT_NUMBER&returnGeometry=true&outSR=4326&f=geojson
2730,89489e25883ffff,2012-01-01,2021-12-31,JP1,2012-2021,hex_point_on_surface,assigned,https://gis.wilco.org/arcgis/rest/services/public/county_historical_administrative_boundaries/MapServer/0/query?where=1%3D1&outFields=PCT_NUMBER&returnGeometry=true&outSR=4326&f=geojson
2731,89489e25887ffff,2012-01-01,2021-12-31,JP1,2012-2021,hex_point_on_surface,assigned,https://gis.wilco.org/arcgis/rest/services/public/county_historical_administrative_boundaries/MapServer/0/query?where=1%3D1&outFields=PCT_NUMBER&returnGeometry=true&outSR=4326&f=geojson
2732,89489e2588bffff,2012-01-01,2021-12-31,JP1,2012-2021,hex_point_on_surface,assigned,https://gis.wilco.org/arcgis/rest/services/public/county_historical_administrative_boundaries/MapServer/0/query?where=1%3D1&outFields=PCT_NUMBER&returnGeometry=true&outSR=4326&f=geojson
2733,89489e2588fffff,2012-01-01,2021-12-31,JP1,2012-2021,hex_point_on_surface,assigned,https://gis.wilco.org/arcgis/rest/services/public/county_historical_administrative_boundaries/MapServer/0/query?where=1%3D1&outFields=PCT_NUMBER&returnGeometry=true&outSR=4326&f=geojson
2734,89489e25893ffff,2012-01-01,2021-12-31,JP1,2012-2021,hex_point_on_surface,assigned,https://gis.wilco.org/arcgis/rest/services/public/county_historical_administrative_boundaries/MapServer/0/query?where=1%3D1&outFields=PCT_NUMBER&returnGeometry=true&outSR=4326&f=geojson
2735,89489e25897ffff,2012-01-01,2021-12-31,JP1,2012-2021,hex_point_on_surface,assigned,https://gis.wilco.org/arcgis/rest/services/public/county_historical_administrative_boundaries/MapServer/0/query?where=1%3D1&outFields=PCT_NUMBER&returnGeometry=true&outSR=4326&f=geojson
2736,89489e2589bffff,2012-01-01,2021-12-31,JP1,2012-2021,hex_point_on_surface,assigned,https://gis.wilco.org/arcgis/rest/services/public/county_historical_administrative_boundaries/MapServer/0/query?where=1%3D1&outFields=PCT_NUMBER&returnGeometry=true&outSR=4326&f=geojson
2737,89489e258a3ffff,2012-01-01,2021-12-31,JP1,2012-2021,hex_point_on_surface,assigned,https://gis.wilco.org/arcgis/rest/services/public/county_historical_administrative_boundaries/MapServer/0/query?where=1%3D1&outFields=PCT_NUMBER&returnGeometry=true&outSR=4326&f=geojson
2738,89489e258a7ffff,2012-01-01,2021-12-31,JP1,2012-2021,hex_point_on_surface,assigned,https://gis.wilco.org/arcgis/rest/services/public/county_historical_administrative_boundaries/MapServer/0/query?where=1%3D1&outFields=PCT_NUMBER&returnGeometry=true&outSR=4326&f=geojson
2739,89489e258abffff,2012-01-01,2021-12-31,JP1,2012-2021,hex_point_on_surface,assigned,https://gis.wilco.org/arcgis/rest/services/public/county_historical_administrative_boundaries/MapServer/0/query?where=1%3D1&outFields=PCT_NUMBER&returnGeometry=true&outSR=4326&f=geojson
2740,89489e258afffff,2012-01-01,2021-12-31,JP1,2012-2021,hex_point_on_surface,assigned,https://gis.wilco.org/arcgis/rest/services/public/county_historical_administrative_boundaries/MapServer/0/query?where=1%3D1&outFields=PCT_NUMBER&returnGeometry=true&outSR=4326&f=geojson
2741,89489e258b3ffff,2012-01-01,2021-12-31,JP1,2012-2021,hex_point_on_surface,assigned,https://gis.wilco.org/arcgis/rest/services/public/county_historical_administrative_boundaries/MapServer/0/query?where=1%3D1&outFields=PCT_NUMBER&returnGeometry=true&outSR=4326&f=geojson
2742,89489e258bbffff,2012-01-01,2021-12-31,JP1,2012-2021,hex_point_on_surface,assigned,https://gis.wilco.org/arcgis/rest/services/public/county_historical_administrative_boundaries/MapServer/0/query?where=1%3D1&outFields=PCT_NUMBER&returnGeometry=true&outSR=4326&f=geojson
2743,89489e25c03ffff,2012-01-01,2021-12-31,JP1,2012-2021,hex_point_on_surface,assigned,https://gis.wilco.org/arcgis/rest/services/public/county_historical_administrative_boundaries/MapServer/0/query?where=1%3D1&outFields=PCT_NUMBER&returnGeometry=true&outSR=4326&f=geojson
2744,89489e25c07ffff,2012-01-01,2021-12-31,JP1,2012-2021,hex_point_on_surface,assigned,https://gis.wilco.org/arcgis/rest/services/public/county_historical_administrative_boundaries/MapServer/0/query?where=1%3D1&outFields=PCT_NUMBER&returnGeometry=true&outSR=4326&f=geojson
2745,89489e25c0bffff,2012-01-01,2021-12-31,JP1,2012-2021,hex_point_on_surface,assigned,https://gis.wilco.org/arcgis/rest/services/public/county_historical_administrative_boundaries/MapServer/0/query?where=1%3D1&outFields=PCT_NUMBER&returnGeometry=true&outSR=4326&f=geojson
2746,89489e25c0fffff,2012-01-01,2021-12-31,JP1,2012-2021,hex_point_on_surface,assigned,https://gis.wilco.org/arcgis/rest/services/public/county_historical_administrative_boundaries/MapServer/0/query?where=1%3D1&outFields=PCT_NUMBER&returnGeometry=true&outSR=4326&f=geojson
2747,89489e25c13ffff,2012-01-01,2021-12-31,JP1,2012-2021,hex_point_on_surface,assigned,https://gis.wilco.org/arcgis/rest/services/public/county_historical_administrative_boundaries/MapServer/0/query?where=1%3D1&outFields=PCT_NUMBER&returnGeometry=true&outSR=4326&f=geojson
2748,89489e25c17ffff,2012-01-01,2021-12-31,JP1,2012-2021,hex_point_on_surface,assigned,https://gis.wilco.org/arcgis/rest/services/public/county_historical_administrative_boundaries/MapServer/0/query?where=1%3D1&outFields=PCT_NUMBER&returnGeometry=true&outSR=4326&f=geojson
2749,89489e25c1bffff,2012-01-01,2021-12-31,JP1,2012-2021,hex_point_on_surface,assigned,https://gis.wilco.org/arcgis/rest/services/public/county_historical_administrative_boundaries/MapServer/0/query?where=1%3D1&outFields=PCT_NUMBER&returnGeometry=true&outSR=4326&f=geojson
2750,89489e25c23ffff,2012-01-01,2021-12-31,JP1,2012-2021,hex_point_on_surface,assigned,https://gis.wilco.org/arcgis/rest/services/public/county_historical_administrative_boundaries/MapServer/0/query?where=1%3D1&outFields=PCT_NUMBER&returnGeometry=true&outSR=4326&f=geojson
2751,89489e25c2bffff,2012-01-01,2021-12-31,JP1,2012-2021,hex_point_on_surface,assigned,https://gis.wilco.org/arcgis/rest/services/public/county_historical_administrative_boundaries/MapServer/0/query?where=1%3D1&outFields=PCT_NUMBER&returnGeometry=true&outSR=4326&f=geojson
2752,89489e25c2fffff,2012-01-01,2021-12-31,JP1,2012-2021,hex_point_on_surface,assigned,https://gis.wilco.org/arcgis/rest/services/public/county_historical_administrative_boundaries/MapServer/0/query?where=1%3D1&outFields=PCT_NUMBER&returnGeometry=true&outSR=4326&f=geojson
2753,89489e25c33ffff,2012-01-01,2021-12-31,JP1,2012-2021,hex_point_on_surface,assigned,https://gis.wilco.org/arcgis/rest/services/public/county_historical_administrative_boundaries/MapServer/0/query?where=1%3D1&outFields=PCT_NUMBER&returnGeometry=true&outSR=4326&f=geojson
2754,89489e25c3bffff,2012-01-01,2021-12-31,JP1,2012-2021,hex_point_on_surface,assigned,https://gis.wilco.org/arcgis/rest/services/public/county_historical_administrative_boundaries/MapServer/0/query?where=1%3D1&outFields=PCT_NUMBER&returnGeometry=true&outSR=4326&f=geojson
2755,89489e25c43ffff,2012-01-01,2021-12-31,JP1,2012-2021,hex_point_on_surface,assigned,https://gis.wilco.org/arcgis/rest/services/public/county_historical_administrative_boundaries/MapServer/0/query?where=1%3D1&outFields=PCT_NUMBER&returnGeometry=true&outSR=4326&f=geojson
2756,89489e25c47ffff,2012-01-01,2021-12-31,JP1,2012-2021,hex_point_on_surface,assigned,https://gis.wilco.org/arcgis/rest/services/public/county_historical_administrative_boundaries/MapServer/0/query?where=1%3D1&outFields=PCT_NUMBER&returnGeometry=true&outSR=4326&f=geojson
2757,89489e25c4bffff,2012-01-01,2021-12-31,JP1,2012-2021,hex_point_on_surface,assigned,https://gis.wilco.org/arcgis/rest/services/public/county_historical_administrative_boundaries/MapServer/0/query?where=1%3D1&outFields=PCT_NUMBER&returnGeometry=true&outSR=4326&f=geojson
2758,89489e25c4fffff,2012-01-01,2021-12-31,JP1,2012-2021,hex_point_on_surface,assigned,https://gis.wilco.org/arcgis/rest/services/public/county_historical_administrative_boundaries/MapServer/0/query?where=1%3D1&outFields=PCT_NUMBER&returnGeometry=true&outSR=4326&f=geojson
2759,89489e25c53ffff,2012-01-01,2021-12-31,JP1,2012-2021,hex_point_on_surface,assigned,https://gis.wilco.org/arcgis/rest/services/public/county_historical_administrative_boundaries/MapServer/0/query?where=1%3D1&outFields=PCT_NUMBER&returnGeometry=true&outSR=4326&f=geojson
2760,89489e25c57ffff,2012-01-01,2021-12-31,JP1,2012-2021,hex_point_on_surface,assigned,https://gis.wilco.org/arcgis/rest/services/public/county_historical_administrative_boundaries/MapServer/0/query?where=1%3D1&outFields=PCT_NUMBER&returnGeometry=true&outSR=4326&f=geojson
2761,89489e25c5bffff,2012-01-01,2021-12-31,JP1,2012-2021,hex_point_on_surface,assigned,https://gis.wilco.org/arcgis/rest/services/public/county_historical_administrative_boundaries/MapServer/0/query?where=1%3D1&outFields=PCT_NUMBER&returnGeometry=true&outSR=4326&f=geojson
2762,89489e25c63ffff,2012-01-01,2021-12-31,JP1,2012-2021,hex_point_on_surface,assigned,https://gis.wilco.org/arcgis/rest/services/public/county_historical_administrative_boundaries/MapServer/0/query?where=1%3D1&outFields=PCT_NUMBER&returnGeometry=true&outSR=4326&f=geojson
2763,89489e25c67ffff,2012-01-01,2021-12-31,JP1,2012-2021,hex_point_on_surface,assigned,https://gis.wilco.org/arcgis/rest/services/public/county_historical_administrative_boundaries/MapServer/0/query?where=1%3D1&outFields=PCT_NUMBER&returnGeometry=true&outSR=4326&f=geojson
2764,89489e25c6fffff,2012-01-01,2021-12-31,JP1,2012-2021,hex_point_on_surface,assigned,https://gis.wilco.org/arcgis/rest/services/public/county_historical_administrative_boundaries/MapServer/0/query?where=1%3D1&outFields=PCT_NUMBER&returnGeometry=true&outSR=4326&f=geojson
2765,89489e25c73ffff,2012-01-01,2021-12-31,JP1,2012-2021,hex_point_on_surface,assigned,https://gis.wilco.org/arcgis/rest/services/public/county_historical_administrative_boundaries/MapServer/0/query?where=1%3D1&outFields=PCT_NUMBER&returnGeometry=true&outSR=4326&f=geojson
2766,89489e25c77ffff,2012-01-01,2021-12-31,JP1,2012-2021,hex_point_on_surface,assigned,https://gis.wilco.org/arcgis/rest/services/public/county_historical_administrative_boundaries/MapServer/0/query?where=1%3D1&outFields=PCT_NUMBER&returnGeometry=true&outSR=4326&f=geojson
2767,89489e25c7bffff,2012-01-01,2021-12-31,JP1,2012-2021,hex_point_on_surface,assigned,https://gis.wilco.org/arcgis/rest/services/public/county_historical_administrative_boundaries/MapServer/0/query?where=1%3D1&outFields=PCT_NUMBER&returnGeometry=true&outSR=4326&f=geojson
2768,89489e25c83ffff,2012-01-01,2021-12-31,JP1,2012-2021,hex_point_on_surface,assigned,https://gis.wilco.org/arcgis/rest/services/public/county_historical_administrative_boundaries/MapServer/0/query?where=1%3D1&outFields=PCT_NUMBER&returnGeometry=true&outSR=4326&f=geojson
2769,89489e25c87ffff,2012-01-01,2021-12-31,JP1,2012-2021,hex_point_on_surface,assigned,https://gis.wilco.org/arcgis/rest/services/public/county_historical_administrative_boundaries/MapServer/0/query?where=1%3D1&outFields=PCT_NUMBER&returnGeometry=true&outSR=4326&f=geojson
2770,89489e25c8bffff,2012-01-01,2021-12-31,JP1,2012-2021,hex_point_on_surface,assigned,https://gis.wilco.org/arcgis/rest/services/public/county_historical_administrative_boundaries/MapServer/0/query?where=1%3D1&outFields=PCT_NUMBER&returnGeometry=true&outSR=4326&f=geojson
2771,89489e25c8fffff,2012-01-01,2021-12-31,JP1,2012-2021,hex_point_on_surface,assigned,https://gis.wilco.org/arcgis/rest/services/public/county_historical_administrative_boundaries/MapServer/0/query?where=1%3D1&outFields=PCT_NUMBER&returnGeometry=true&outSR=4326&f=geojson
2772,89489e25c93ffff,2012-01-01,2021-12-31,JP1,2012-2021,hex_point_on_surface,assigned,https://gis.wilco.org/arcgis/rest/services/public/county_historical_administrative_boundaries/MapServer/0/query?where=1%3D1&outFields=PCT_NUMBER&returnGeometry=true&outSR=4326&f=geojson
2773,89489e25c97ffff,2012-01-01,2021-12-31,JP1,2012-2021,hex_point_on_surface,assigned,https://gis.wilco.org/arcgis/rest/services/public/county_historical_administrative_boundaries/MapServer/0/query?where=1%3D1&outFields=PCT_NUMBER&returnGeometry=true&outSR=4326&f=geojson
2774,89489e25c9bffff,2012-01-01,2021-12-31,JP1,2012-2021,hex_point_on_surface,assigned,https://gis.wilco.org/arcgis/rest/services/public/county_historical_administrative_boundaries/MapServer/0/query?where=1%3D1&outFields=PCT_NUMBER&returnGeometry=true&outSR=4326&f=geojson
2775,89489e25ca3ffff,2012-01-01,2021-12-31,JP1,2012-2021,hex_point_on_surface,assigned,https://gis.wilco.org/arcgis/rest/services/public/county_historical_administrative_boundaries/MapServer/0/query?where=1%3D1&outFields=PCT_NUMBER&returnGeometry=true&outSR=4326&f=geojson
2776,89489e25ca7ffff,2012-01-01,2021-12-31,JP1,2012-2021,hex_point_on_surface,assigned,https://gis.wilco.org/arcgis/rest/services/public/county_historical_administrative_boundaries/MapServer/0/query?where=1%3D1&outFields=PCT_NUMBER&returnGeometry=true&outSR=4326&f=geojson
2777,89489e25cabffff,2012-01-01,2021-12-31,JP1,2012-2021,hex_point_on_surface,assigned,https://gis.wilco.org/arcgis/rest/services/public/county_historical_administrative_boundaries/MapServer/0/query?where=1%3D1&outFields=PCT_NUMBER&returnGeometry=true&outSR=4326&f=geojson
2778,89489e25cb3ffff,2012-01-01,2021-12-31,JP1,2012-2021,hex_point_on_surface,assigned,https://gis.wilco.org/arcgis/rest/services/public/county_historical_administrative_boundaries/MapServer/0/query?where=1%3D1&outFields=PCT_NUMBER&returnGeometry=true&outSR=4326&f=geojson
2779,89489e25cb7ffff,2012-01-01,2021-12-31,JP1,2012-2021,hex_point_on_surface,assigned,https://gis.wilco.org/arcgis/rest/services/public/county_historical_administrative_boundaries/MapServer/0/query?where=1%3D1&outFields=PCT_NUMBER&returnGeometry=true&outSR=4326&f=geojson
2780,89489e25cbbffff,2012-01-01,2021-12-31,JP1,2012-2021,hex_point_on_surface,assigned,https://gis.wilco.org/arcgis/rest/services/public/county_historical_administrative_boundaries/MapServer/0/query?where=1%3D1&outFields=PCT_NUMBER&returnGeometry=true&outSR=4326&f=geojson
2781,89489e25cc3ffff,2012-01-01,2021-12-31,JP1,2012-2021,hex_point_on_surface,assigned,https://gis.wilco.org/arcgis/rest/services/public/county_historical_administrative_boundaries/MapServer/0/query?where=1%3D1&outFields=PCT_NUMBER&returnGeometry=true&outSR=4326&f=geojson
2782,89489e25cc7ffff,2012-01-01,2021-12-31,JP1,2012-2021,hex_point_on_surface,assigned,https://gis.wilco.org/arcgis/rest/services/public/county_historical_administrative_boundaries/MapServer/0/query?where=1%3D1&outFields=PCT_NUMBER&returnGeometry=true&outSR=4326&f=geojson
2783,89489e25ccbffff,2012-01-01,2021-12-31,JP1,2012-2021,hex_point_on_surface,assigned,https://gis.wilco.org/arcgis/rest/services/public/county_historical_administrative_boundaries/MapServer/0/query?where=1%3D1&outFields=PCT_NUMBER&returnGeometry=true&outSR=4326&f=geojson
2784,89489e25ccfffff,2012-01-01,2021-12-31,JP1,2012-2021,hex_point_on_surface,assigned,https://gis.wilco.org/arcgis/rest/services/public/county_historical_administrative_boundaries/MapServer/0/query?where=1%3D1&outFields=PCT_NUMBER&returnGeometry=true&outSR=4326&f=geojson
2785,89489e25cd3ffff,2012-01-01,2021-12-31,JP1,2012-2021,hex_point_on_surface,assigned,https://gis.wilco.org/arcgis/rest/services/public/county_historical_administrative_boundaries/MapServer/0/query?where=1%3D1&outFields=PCT_NUMBER&returnGeometry=true&outSR=4326&f=geojson
2786,89489e25cd7ffff,2012-01-01,2021-12-31,JP1,2012-2021,hex_point_on_surface,assigned,https://gis.wilco.org/arcgis/rest/services/public/county_historical_administrative_boundaries/MapServer/0/query?where=1%3D1&outFields=PCT_NUMBER&returnGeometry=true&outSR=4326&f=geojson
2787,89489e25cdbffff,2012-01-01,2021-12-31,JP1,2012-2021,hex_point_on_surface,assigned,https://gis.wilco.org/arcgis/rest/services/public/county_historical_administrative_boundaries/MapServer/0/query?where=1%3D1&outFields=PCT_NUMBER&returnGeometry=true&outSR=4326&f=geojson
2788,89489e25d13ffff,2012-01-01,2021-12-31,JP1,2012-2021,hex_point_on_surface,assigned,https://gis.wilco.org/arcgis/rest/services/public/county_historical_administrative_boundaries/MapServer/0/query?where=1%3D1&outFields=PCT_NUMBER&returnGeometry=true&outSR=4326&f=geojson
2789,89489e25d5bffff,2012-01-01,2021-12-31,JP1,2012-2021,hex_point_on_surface,assigned,https://gis.wilco.org/arcgis/rest/services/public/county_historical_administrative_boundaries/MapServer/0/query?where=1%3D1&outFields=PCT_NUMBER&returnGeometry=true&outSR=4326&f=geojson
2790,89489e25d83ffff,2012-01-01,2021-12-31,JP1,2012-2021,hex_point_on_surface,assigned,https://gis.wilco.org/arcgis/rest/services/public/county_historical_administrative_boundaries/MapServer/0/query?where=1%3D1&outFields=PCT_NUMBER&returnGeometry=true&outSR=4326&f=geojson
2791,89489e25d87ffff,2012-01-01,2021-12-31,JP1,2012-2021,hex_point_on_surface,assigned,https://gis.wilco.org/arcgis/rest/services/public/county_historical_administrative_boundaries/MapServer/0/query?where=1%3D1&outFields=PCT_NUMBER&returnGeometry=true&outSR=4326&f=geojson
2792,89489e25d8bffff,2012-01-01,2021-12-31,JP1,2012-2021,hex_point_on_surface,assigned,https://gis.wilco.org/arcgis/rest/services/public/county_historical_administrative_boundaries/MapServer/0/query?where=1%3D1&outFields=PCT_NUMBER&returnGeometry=true&outSR=4326&f=geojson
2793,89489e25d8fffff,2012-01-01,2021-12-31,JP1,2012-2021,hex_point_on_surface,assigned,https://gis.wilco.org/arcgis/rest/services/public/county_historical_administrative_boundaries/MapServer/0/query?where=1%3D1&outFields=PCT_NUMBER&returnGeometry=true&outSR=4326&f=geojson
2794,89489e25d93ffff,2012-01-01,2021-12-31,JP1,2012-2021,hex_point_on_surface,assigned,https://gis.wilco.org/arcgis/rest/services/public/county_historical_administrative_boundaries/MapServer/0/query?where=1%3D1&outFields=PCT_NUMBER&returnGeometry=true&outSR=4326&f=geojson
2795,89489e25d97ffff,2012-01-01,2021-12-31,JP1,2012-2021,hex_point_on_surface,assigned,https://gis.wilco.org/arcgis/rest/services/public/county_historical_administrative_boundaries/MapServer/0/query?where=1%3D1&outFields=PCT_NUMBER&returnGeometry=true&outSR=4326&f=geojson
2796,89489e25d9bffff,2012-01-01,2021-12-31,JP1,2012-2021,hex_point_on_surface,assigned,https://gis.wilco.org/arcgis/rest/services/public/county_historical_administrative_boundaries/MapServer/0/query?where=1%3D1&outFields=PCT_NUMBER&returnGeometry=true&outSR=4326&f=geojson
2797,89489e25db3ffff,2012-01-01,2021-12-31,JP1,2012-2021,hex_point_on_surface,assigned,https://gis.wilco.org/arcgis/rest/services/public/county_historical_administrative_boundaries/MapServer/0/query?where=1%3D1&outFields=PCT_NUMBER&returnGeometry=true&outSR=4326&f=geojson
2798,89489e25dbbffff,2012-01-01,2021-12-31,JP1,2012-2021,hex_point_on_surface,assigned,https://gis.wilco.org/arcgis/rest/services/public/county_historical_administrative_boundaries/MapServer/0/query?where=1%3D1&outFields=PCT_NUMBER&returnGeometry=true&outSR=4326&f=geojson
2799,89489e25dc3ffff,2012-01-01,2021-12-31,JP1,2012-2021,hex_point_on_surface,assigned,https://gis.wilco.org/arcgis/rest/services/public/county_historical_administrative_boundaries/MapServer/0/query?where=1%3D1&outFields=PCT_NUMBER&returnGeometry=true&outSR=4326&f=geojson
2800,89489e25dd3ffff,2012-01-01,2021-12-31,JP1,2012-2021,hex_point_on_surface,assigned,https://gis.wilco.org/arcgis/rest/services/public/county_historical_administrative_boundaries/MapServer/0/query?where=1%3D1&outFields=PCT_NUMBER&returnGeometry=true&outSR=4326&f=geojson
2801,89489e25dd7ffff,2012-01-01,2021-12-31,JP1,2012-2021,hex_point_on_surface,assigned,https://gis.wilco.org/arcgis/rest/services/public/county_historical_administrative_boundaries/MapServer/0/query?where=1%3D1&outFields=PCT_NUMBER&returnGeometry=true&outSR=4326&f=geojson
2802,89489e25e83ffff,2012-01-01,2021-12-31,JP1,2012-2021,hex_point_on_surface,assigned,https://gis.wilco.org/arcgis/rest/services/public/county_historical_administrative_boundaries/MapServer/0/query?where=1%3D1&outFields=PCT_NUMBER&returnGeometry=true&outSR=4326&f=geojson
2803,89489e25e87ffff,2012-01-01,2021-12-31,JP1,2012-2021,hex_point_on_surface,assigned,https://gis.wilco.org/arcgis/rest/services/public/county_historical_administrative_boundaries/MapServer/0/query?where=1%3D1&outFields=PCT_NUMBER&returnGeometry=true&outSR=4326&f=geojson
2804,89489e25e97ffff,2012-01-01,2021-12-31,JP1,2012-2021,hex_point_on_surface,assigned,https://gis.wilco.org/arcgis/rest/services/public/county_historical_administrative_boundaries/MapServer/0/query?where=1%3D1&outFields=PCT_NUMBER&returnGeometry=true&outSR=4326&f=geojson
2805,89489e25eb3ffff,2012-01-01,2021-12-31,JP1,2012-2021,hex_point_on_surface,assigned,https://gis.wilco.org/arcgis/rest/services/public/county_historical_administrative_boundaries/MapServer/0/query?where=1%3D1&outFields=PCT_NUMBER&returnGeometry=true&outSR=4326&f=geojson
2806,89489e25eb7ffff,2012-01-01,2021-12-31,JP1,2012-2021,hex_point_on_surface,assigned,https://gis.wilco.org/arcgis/rest/services/public/county_historical_administrative_boundaries/MapServer/0/query?where=1%3D1&outFields=PCT_NUMBER&returnGeometry=true&outSR=4326&f=geojson
2807,89489e25ebbffff,2012-01-01,2021-12-31,JP1,2012-2021,hex_point_on_surface,assigned,https://gis.wilco.org/arcgis/rest/services/public/county_historical_administrative_boundaries/MapServer/0/query?where=1%3D1&outFields=PCT_NUMBER&returnGeometry=true&outSR=4326&f=geojson
3148,89489e26867ffff,2012-01-01,2021-12-31,JP2,2012-2021,hex_point_on_surface,assigned,https://gis.wilco.org/arcgis/rest/services/public/county_historical_administrative_boundaries/MapServer/0/query?where=1%3D1&outFields=PCT_NUMBER&returnGeometry=true&outSR=4326&f=geojson
3150,89489e2686fffff,2012-01-01,2021-12-31,JP2,2012-2021,hex_point_on_surface,assigned,https://gis.wilco.org/arcgis/rest/services/public/county_historical_administrative_boundaries/MapServer/0/query?where=1%3D1&outFields=PCT_NUMBER&returnGeometry=true&outSR=4326&f=geojson
3182,89489e2694bffff,2012-01-01,2021-12-31,JP2,2012-2021,hex_point_on_surface,assigned,https://gis.wilco.org/arcgis/rest/services/public/county_historical_administrative_boundaries/MapServer/0/query?where=1%3D1&outFields=PCT_NUMBER&returnGeometry=true&outSR=4326&f=geojson
3183,89489e2694fffff,2012-01-01,2021-12-31,JP2,2012-2021,hex_point_on_surface,assigned,https://gis.wilco.org/arcgis/rest/services/public/county_historical_administrative_boundaries/MapServer/0/query?where=1%3D1&outFields=PCT_NUMBER&returnGeometry=true&outSR=4326&f=geojson
3196,89489e26a03ffff,2012-01-01,2021-12-31,JP1,2012-2021,hex_point_on_surface,assigned,https://gis.wilco.org/arcgis/rest/services/public/county_historical_administrative_boundaries/MapServer/0/query?where=1%3D1&outFields=PCT_NUMBER&returnGeometry=true&outSR=4326&f=geojson
3197,89489e26a07ffff,2012-01-01,2021-12-31,JP2,2012-2021,hex_point_on_surface,assigned,https://gis.wilco.org/arcgis/rest/services/public/county_historical_administrative_boundaries/MapServer/0/query?where=1%3D1&outFields=PCT_NUMBER&returnGeometry=true&outSR=4326&f=geojson
3198,89489e26a0bffff,2012-01-01,2021-12-31,JP1,2012-2021,hex_point_on_surface,assigned,https://gis.wilco.org/arcgis/rest/services/public/county_historical_administrative_boundaries/MapServer/0/query?where=1%3D1&outFields=PCT_NUMBER&returnGeometry=true&outSR=4326&f=geojson
3199,89489e26a0fffff,2012-01-01,2021-12-31,JP1,2012-2021,hex_point_on_surface,assigned,https://gis.wilco.org/arcgis/rest/services/public/county_historical_administrative_boundaries/MapServer/0/query?where=1%3D1&outFields=PCT_NUMBER&returnGeometry=true&outSR=4326&f=geojson
3201,89489e26a17ffff,2012-01-01,2021-12-31,JP2,2012-2021,hex_point_on_surface,assigned,https://gis.wilco.org/arcgis/rest/services/public/county_historical_administrative_boundaries/MapServer/0/query?where=1%3D1&outFields=PCT_NUMBER&returnGeometry=true&outSR=4326&f=geojson
3202,89489e26a1bffff,2012-01-01,2021-12-31,JP1,2012-2021,hex_point_on_surface,assigned,https://gis.wilco.org/arcgis/rest/services/public/county_historical_administrative_boundaries/MapServer/0/query?where=1%3D1&outFields=PCT_NUMBER&returnGeometry=true&outSR=4326&f=geojson
3203,89489e26a23ffff,2012-01-01,2021-12-31,JP2,2012-2021,hex_point_on_surface,assigned,https://gis.wilco.org/arcgis/rest/services/public/county_historical_administrative_boundaries/MapServer/0/query?where=1%3D1&outFields=PCT_NUMBER&returnGeometry=true&outSR=4326&f=geojson
3204,89489e26a27ffff,2012-01-01,2021-12-31,JP2,2012-2021,hex_point_on_surface,assigned,https://gis.wilco.org/arcgis/rest/services/public/county_historical_administrative_boundaries/MapServer/0/query?where=1%3D1&outFields=PCT_NUMBER&returnGeometry=true&outSR=4326&f=geojson
3205,89489e26a2bffff,2012-01-01,2021-12-31,JP1,2012-2021,hex_point_on_surface,assigned,https://gis.wilco.org/arcgis/rest/services/public/county_historical_administrative_boundaries/MapServer/0/query?where=1%3D1&outFields=PCT_NUMBER&returnGeometry=true&outSR=4326&f=geojson
3206,89489e26a2fffff,2012-01-01,2021-12-31,JP2,2012-2021,hex_point_on_surface,assigned,https://gis.wilco.org/arcgis/rest/services/public/county_historical_administrative_boundaries/MapServer/0/query?where=1%3D1&outFields=PCT_NUMBER&returnGeometry=true&outSR=4326&f=geojson
3207,89489e26a33ffff,2012-01-01,2021-12-31,JP2,2012-2021,hex_point_on_surface,assigned,https://gis.wilco.org/arcgis/rest/services/public/county_historical_administrative_boundaries/MapServer/0/query?where=1%3D1&outFields=PCT_NUMBER&returnGeometry=true&outSR=4326&f=geojson
3208,89489e26a37ffff,2012-01-01,2021-12-31,JP2,2012-2021,hex_point_on_surface,assigned,https://gis.wilco.org/arcgis/rest/services/public/county_historical_administrative_boundaries/MapServer/0/query?where=1%3D1&outFields=PCT_NUMBER&returnGeometry=true&outSR=4326&f=geojson
3209,89489e26a3bffff,2012-01-01,2021-12-31,JP1,2012-2021,hex_point_on_surface,assigned,https://gis.wilco.org/arcgis/rest/services/public/county_historical_administrative_boundaries/MapServer/0/query?where=1%3D1&outFields=PCT_NUMBER&returnGeometry=true&outSR=4326&f=geojson
3210,89489e26a43ffff,2012-01-01,2021-12-31,JP1,2012-2021,hex_point_on_surface,assigned,https://gis.wilco.org/arcgis/rest/services/public/county_historical_administrative_boundaries/MapServer/0/query?where=1%3D1&outFields=PCT_NUMBER&returnGeometry=true&outSR=4326&f=geojson
3211,89489e26a47ffff,2012-01-01,2021-12-31,JP1,2012-2021,hex_point_on_surface,assigned,https://gis.wilco.org/arcgis/rest/services/public/county_historical_administrative_boundaries/MapServer/0/query?where=1%3D1&outFields=PCT_NUMBER&returnGeometry=true&outSR=4326&f=geojson
3212,89489e26a4bffff,2012-01-01,2021-12-31,JP1,2012-2021,hex_point_on_surface,assigned,https://gis.wilco.org/arcgis/rest/services/public/county_historical_administrative_boundaries/MapServer/0/query?where=1%3D1&outFields=PCT_NUMBER&returnGeometry=true&outSR=4326&f=geojson
3213,89489e26a4fffff,2012-01-01,2021-12-31,JP1,2012-2021,hex_point_on_surface,assigned,https://gis.wilco.org/arcgis/rest/services/public/county_historical_administrative_boundaries/MapServer/0/query?where=1%3D1&outFields=PCT_NUMBER&returnGeometry=true&outSR=4326&f=geojson
3214,89489e26a53ffff,2012-01-01,2021-12-31,JP1,2012-2021,hex_point_on_surface,assigned,https://gis.wilco.org/arcgis/rest/services/public/county_historical_administrative_boundaries/MapServer/0/query?where=1%3D1&outFields=PCT_NUMBER&returnGeometry=true&outSR=4326&f=geojson
3215,89489e26a57ffff,2012-01-01,2021-12-31,JP1,2012-2021,hex_point_on_surface,assigned,https://gis.wilco.org/arcgis/rest/services/public/county_historical_administrative_boundaries/MapServer/0/query?where=1%3D1&outFields=PCT_NUMBER&returnGeometry=true&outSR=4326&f=geojson
3216,89489e26a5bffff,2012-01-01,2021-12-31,JP1,2012-2021,hex_point_on_surface,assigned,https://gis.wilco.org/arcgis/rest/services/public/county_historical_administrative_boundaries/MapServer/0/query?where=1%3D1&outFields=PCT_NUMBER&returnGeometry=true&outSR=4326&f=geojson
3217,89489e26a73ffff,2012-01-01,2021-12-31,JP1,2012-2021,hex_point_on_surface,assigned,https://gis.wilco.org/arcgis/rest/services/public/county_historical_administrative_boundaries/MapServer/0/query?where=1%3D1&outFields=PCT_NUMBER&returnGeometry=true&outSR=4326&f=geojson
3218,89489e26a77ffff,2012-01-01,2021-12-31,JP1,2012-2021,hex_point_on_surface,assigned,https://gis.wilco.org/arcgis/rest/services/public/county_historical_administrative_boundaries/MapServer/0/query?where=1%3D1&outFields=PCT_NUMBER&returnGeometry=true&outSR=4326&f=geojson
3219,89489e26a7bffff,2012-01-01,2021-12-31,JP1,2012-2021,hex_point_on_surface,assigned,https://gis.wilco.org/arcgis/rest/services/public/county_historical_administrative_boundaries/MapServer/0/query?where=1%3D1&outFields=PCT_NUMBER&returnGeometry=true&outSR=4326&f=geojson
3228,89489e26aa7ffff,2012-01-01,2021-12-31,JP2,2012-2021,hex_point_on_surface,assigned,https://gis.wilco.org/arcgis/rest/services/public/county_historical_administrative_boundaries/MapServer/0/query?where=1%3D1&outFields=PCT_NUMBER&returnGeometry=true&outSR=4326&f=geojson
3229,89489e26aabffff,2012-01-01,2021-12-31,JP2,2012-2021,hex_point_on_surface,assigned,https://gis.wilco.org/arcgis/rest/services/public/county_historical_administrative_boundaries/MapServer/0/query?where=1%3D1&outFields=PCT_NUMBER&returnGeometry=true&outSR=4326&f=geojson
3230,89489e26aafffff,2012-01-01,2021-12-31,JP2,2012-2021,hex_point_on_surface,assigned,https://gis.wilco.org/arcgis/rest/services/public/county_historical_administrative_boundaries/MapServer/0/query?where=1%3D1&outFields=PCT_NUMBER&returnGeometry=true&outSR=4326&f=geojson
3236,89489e26acbffff,2012-01-01,2021-12-31,JP1,2012-2021,hex_point_on_surface,assigned,https://gis.wilco.org/arcgis/rest/services/public/county_historical_administrative_boundaries/MapServer/0/query?where=1%3D1&outFields=PCT_NUMBER&returnGeometry=true&outSR=4326&f=geojson
3237,89489e26acfffff,2012-01-01,2021-12-31,JP1,2012-2021,hex_point_on_surface,assigned,https://gis.wilco.org/arcgis/rest/services/public/county_historical_administrative_boundaries/MapServer/0/query?where=1%3D1&outFields=PCT_NUMBER&returnGeometry=true&outSR=4326&f=geojson
3241,89489e26b03ffff,2012-01-01,2021-12-31,JP2,2012-2021,hex_point_on_surface,assigned,https://gis.wilco.org/arcgis/rest/services/public/county_historical_administrative_boundaries/MapServer/0/query?where=1%3D1&outFields=PCT_NUMBER&returnGeometry=true&outSR=4326&f=geojson
3242,89489e26b07ffff,2012-01-01,2021-12-31,JP2,2012-2021,hex_point_on_surface,assigned,https://gis.wilco.org/arcgis/rest/services/public/county_historical_administrative_boundaries/MapServer/0/query?where=1%3D1&outFields=PCT_NUMBER&returnGeometry=true&outSR=4326&f=geojson
3243,89489e26b0bffff,2012-01-01,2021-12-31,JP2,2012-2021,hex_point_on_surface,assigned,https://gis.wilco.org/arcgis/rest/services/public/county_historical_administrative_boundaries/MapServer/0/query?where=1%3D1&outFields=PCT_NUMBER&returnGeometry=true&outSR=4326&f=geojson
3244,89489e26b0fffff,2012-01-01,2021-12-31,JP2,2012-2021,hex_point_on_surface,assigned,https://gis.wilco.org/arcgis/rest/services/public/county_historical_administrative_boundaries/MapServer/0/query?where=1%3D1&outFields=PCT_NUMBER&returnGeometry=true&outSR=4326&f=geojson
3245,89489e26b13ffff,2012-01-01,2021-12-31,JP2,2012-2021,hex_point_on_surface,assigned,https://gis.wilco.org/arcgis/rest/services/public/county_historical_administrative_boundaries/MapServer/0/query?where=1%3D1&outFields=PCT_NUMBER&returnGeometry=true&outSR=4326&f=geojson
3246,89489e26b17ffff,2012-01-01,2021-12-31,JP2,2012-2021,hex_point_on_surface,assigned,https://gis.wilco.org/arcgis/rest/services/public/county_historical_administrative_boundaries/MapServer/0/query?where=1%3D1&outFields=PCT_NUMBER&returnGeometry=true&outSR=4326&f=geojson
3247,89489e26b1bffff,2012-01-01,2021-12-31,JP2,2012-2021,hex_point_on_surface,assigned,https://gis.wilco.org/arcgis/rest/services/public/county_historical_administrative_boundaries/MapServer/0/query?where=1%3D1&outFields=PCT_NUMBER&returnGeometry=true&outSR=4326&f=geojson
3248,89489e26b2bffff,2012-01-01,2021-12-31,JP2,2012-2021,hex_point_on_surface,assigned,https://gis.wilco.org/arcgis/rest/services/public/county_historical_administrative_boundaries/MapServer/0/query?where=1%3D1&outFields=PCT_NUMBER&returnGeometry=true&outSR=4326&f=geojson
3249,89489e26b43ffff,2012-01-01,2021-12-31,JP2,2012-2021,hex_point_on_surface,assigned,https://gis.wilco.org/arcgis/rest/services/public/county_historical_administrative_boundaries/MapServer/0/query?where=1%3D1&outFields=PCT_NUMBER&returnGeometry=true&outSR=4326&f=geojson
3250,89489e26b47ffff,2012-01-01,2021-12-31,JP2,2012-2021,hex_point_on_surface,assigned,https://gis.wilco.org/arcgis/rest/services/public/county_historical_administrative_boundaries/MapServer/0/query?where=1%3D1&outFields=PCT_NUMBER&returnGeometry=true&outSR=4326&f=geojson
3251,89489e26b4bffff,2012-01-01,2021-12-31,JP2,2012-2021,hex_point_on_surface,assigned,https://gis.wilco.org/arcgis/rest/services/public/county_historical_administrative_boundaries/MapServer/0/query?where=1%3D1&outFields=PCT_NUMBER&returnGeometry=true&outSR=4326&f=geojson
3252,89489e26b4fffff,2012-01-01,2021-12-31,JP2,2012-2021,hex_point_on_surface,assigned,https://gis.wilco.org/arcgis/rest/services/public/county_historical_administrative_boundaries/MapServer/0/query?where=1%3D1&outFields=PCT_NUMBER&returnGeometry=true&outSR=4326&f=geojson
3253,89489e26b53ffff,2012-01-01,2021-12-31,JP2,2012-2021,hex_point_on_surface,assigned,https://gis.wilco.org/arcgis/rest/services/public/county_historical_administrative_boundaries/MapServer/0/query?where=1%3D1&outFields=PCT_NUMBER&returnGeometry=true&outSR=4326&f=geojson
3254,89489e26b57ffff,2012-01-01,2021-12-31,JP2,2012-2021,hex_point_on_surface,assigned,https://gis.wilco.org/arcgis/rest/services/public/county_historical_administrative_boundaries/MapServer/0/query?where=1%3D1&outFields=PCT_NUMBER&returnGeometry=true&outSR=4326&f=geojson
3255,89489e26b5bffff,2012-01-01,2021-12-31,JP2,2012-2021,hex_point_on_surface,assigned,https://gis.wilco.org/arcgis/rest/services/public/county_historical_administrative_boundaries/MapServer/0/query?where=1%3D1&outFields=PCT_NUMBER&returnGeometry=true&outSR=4326&f=geojson
3256,89489e26b63ffff,2012-01-01,2021-12-31,JP2,2012-2021,hex_point_on_surface,assigned,https://gis.wilco.org/arcgis/rest/services/public/county_historical_administrative_boundaries/MapServer/0/query?where=1%3D1&outFields=PCT_NUMBER&returnGeometry=true&outSR=4326&f=geojson
3257,89489e26b67ffff,2012-01-01,2021-12-31,JP2,2012-2021,hex_point_on_surface,assigned,https://gis.wilco.org/arcgis/rest/services/public/county_historical_administrative_boundaries/MapServer/0/query?where=1%3D1&outFields=PCT_NUMBER&returnGeometry=true&outSR=4326&f=geojson
3258,89489e26b6bffff,2012-01-01,2021-12-31,JP2,2012-2021,hex_point_on_surface,assigned,https://gis.wilco.org/arcgis/rest/services/public/county_historical_administrative_boundaries/MapServer/0/query?where=1%3D1&outFields=PCT_NUMBER&returnGeometry=true&outSR=4326&f=geojson
3259,89489e26b6fffff,2012-01-01,2021-12-31,JP2,2012-2021,hex_point_on_surface,assigned,https://gis.wilco.org/arcgis/rest/services/public/county_historical_administrative_boundaries/MapServer/0/query?where=1%3D1&outFields=PCT_NUMBER&returnGeometry=true&outSR=4326&f=geojson
3260,89489e26b73ffff,2012-01-01,2021-12-31,JP2,2012-2021,hex_point_on_surface,assigned,https://gis.wilco.org/arcgis/rest/services/public/county_historical_administrative_boundaries/MapServer/0/query?where=1%3D1&outFields=PCT_NUMBER&returnGeometry=true&outSR=4326&f=geojson
3261,89489e26b77ffff,2012-01-01,2021-12-31,JP2,2012-2021,hex_point_on_surface,assigned,https://gis.wilco.org/arcgis/rest/services/public/county_historical_administrative_boundaries/MapServer/0/query?where=1%3D1&outFields=PCT_NUMBER&returnGeometry=true&outSR=4326&f=geojson
3262,89489e26b7bffff,2012-01-01,2021-12-31,JP2,2012-2021,hex_point_on_surface,assigned,https://gis.wilco.org/arcgis/rest/services/public/county_historical_administrative_boundaries/MapServer/0/query?where=1%3D1&outFields=PCT_NUMBER&returnGeometry=true&outSR=4326&f=geojson
3263,89489e26b83ffff,2012-01-01,2021-12-31,JP2,2012-2021,hex_point_on_surface,assigned,https://gis.wilco.org/arcgis/rest/services/public/county_historical_administrative_boundaries/MapServer/0/query?where=1%3D1&outFields=PCT_NUMBER&returnGeometry=true&outSR=4326&f=geojson
3264,89489e26b87ffff,2012-01-01,2021-12-31,JP2,2012-2021,hex_point_on_surface,assigned,https://gis.wilco.org/arcgis/rest/services/public/county_historical_administrative_boundaries/MapServer/0/query?where=1%3D1&outFields=PCT_NUMBER&returnGeometry=true&outSR=4326&f=geojson
3265,89489e26b8bffff,2012-01-01,2021-12-31,JP2,2012-2021,hex_point_on_surface,assigned,https://gis.wilco.org/arcgis/rest/services/public/county_historical_administrative_boundaries/MapServer/0/query?where=1%3D1&outFields=PCT_NUMBER&returnGeometry=true&outSR=4326&f=geojson
3266,89489e26b8fffff,2012-01-01,2021-12-31,JP2,2012-2021,hex_point_on_surface,assigned,https://gis.wilco.org/arcgis/rest/services/public/county_historical_administrative_boundaries/MapServer/0/query?where=1%3D1&outFields=PCT_NUMBER&returnGeometry=true&outSR=4326&f=geojson
3267,89489e26b93ffff,2012-01-01,2021-12-31,JP2,2012-2021,hex_point_on_surface,assigned,https://gis.wilco.org/arcgis/rest/services/public/county_historical_administrative_boundaries/MapServer/0/query?where=1%3D1&outFields=PCT_NUMBER&returnGeometry=true&outSR=4326&f=geojson
3268,89489e26b97ffff,2012-01-01,2021-12-31,JP2,2012-2021,hex_point_on_surface,assigned,https://gis.wilco.org/arcgis/rest/services/public/county_historical_administrative_boundaries/MapServer/0/query?where=1%3D1&outFields=PCT_NUMBER&returnGeometry=true&outSR=4326&f=geojson
3269,89489e26b9bffff,2012-01-01,2021-12-31,JP2,2012-2021,hex_point_on_surface,assigned,https://gis.wilco.org/arcgis/rest/services/public/county_historical_administrative_boundaries/MapServer/0/query?where=1%3D1&outFields=PCT_NUMBER&returnGeometry=true&outSR=4326&f=geojson
3270,89489e26ba3ffff,2012-01-01,2021-12-31,JP2,2012-2021,hex_point_on_surface,assigned,https://gis.wilco.org/arcgis/rest/services/public/county_historical_administrative_boundaries/MapServer/0/query?where=1%3D1&outFields=PCT_NUMBER&returnGeometry=true&outSR=4326&f=geojson
3271,89489e26babffff,2012-01-01,2021-12-31,JP2,2012-2021,hex_point_on_surface,assigned,https://gis.wilco.org/arcgis/rest/services/public/county_historical_administrative_boundaries/MapServer/0/query?where=1%3D1&outFields=PCT_NUMBER&returnGeometry=true&outSR=4326&f=geojson
3272,89489e26bb3ffff,2012-01-01,2021-12-31,JP2,2012-2021,hex_point_on_surface,assigned,https://gis.wilco.org/arcgis/rest/services/public/county_historical_administrative_boundaries/MapServer/0/query?where=1%3D1&outFields=PCT_NUMBER&returnGeometry=true&outSR=4326&f=geojson
3273,89489e26bbbffff,2012-01-01,2021-12-31,JP2,2012-2021,hex_point_on_surface,assigned,https://gis.wilco.org/arcgis/rest/services/public/county_historical_administrative_boundaries/MapServer/0/query?where=1%3D1&outFields=PCT_NUMBER&returnGeometry=true&outSR=4326&f=geojson
3274,89489e26bc3ffff,2012-01-01,2021-12-31,JP2,2012-2021,hex_point_on_surface,assigned,https://gis.wilco.org/arcgis/rest/services/public/county_historical_administrative_boundaries/MapServer/0/query?where=1%3D1&outFields=PCT_NUMBER&returnGeometry=true&outSR=4326&f=geojson
3275,89489e26bc7ffff,2012-01-01,2021-12-31,JP2,2012-2021,hex_point_on_surface,assigned,https://gis.wilco.org/arcgis/rest/services/public/county_historical_administrative_boundaries/MapServer/0/query?where=1%3D1&outFields=PCT_NUMBER&returnGeometry=true&outSR=4326&f=geojson
3276,89489e26bcbffff,2012-01-01,2021-12-31,JP2,2012-2021,hex_point_on_surface,assigned,https://gis.wilco.org/arcgis/rest/services/public/county_historical_administrative_boundaries/MapServer/0/query?where=1%3D1&outFields=PCT_NUMBER&returnGeometry=true&outSR=4326&f=geojson
3277,89489e26bcfffff,2012-01-01,2021-12-31,JP2,2012-2021,hex_point_on_surface,assigned,https://gis.wilco.org/arcgis/rest/services/public/county_historical_administrative_boundaries/MapServer/0/query?where=1%3D1&outFields=PCT_NUMBER&returnGeometry=true&outSR=4326&f=geojson
3278,89489e26bd3ffff,2012-01-01,2021-12-31,JP2,2012-2021,hex_point_on_surface,assigned,https://gis.wilco.org/arcgis/rest/services/public/county_historical_administrative_boundaries/MapServer/0/query?where=1%3D1&outFields=PCT_NUMBER&returnGeometry=true&outSR=4326&f=geojson
3279,89489e26bd7ffff,2012-01-01,2021-12-31,JP2,2012-2021,hex_point_on_surface,assigned,https://gis.wilco.org/arcgis/rest/services/public/county_historical_administrative_boundaries/MapServer/0/query?where=1%3D1&outFields=PCT_NUMBER&returnGeometry=true&outSR=4326&f=geojson
3280,89489e26bdbffff,2012-01-01,2021-12-31,JP2,2012-2021,hex_point_on_surface,assigned,https://gis.wilco.org/arcgis/rest/services/public/county_historical_administrative_boundaries/MapServer/0/query?where=1%3D1&outFields=PCT_NUMBER&returnGeometry=true&outSR=4326&f=geojson
2112,89489e2402fffff,2022-01-01,,JP1,2022-present,hex_point_on_surface,assigned,https://gis.wilco.org/arcgis/rest/services/public/adopted_county_precincts/MapServer/0/query?where=1%3D1&outFields=PCT_NUMBER&returnGeometry=true&outSR=4326&f=geojson
2120,89489e24067ffff,2022-01-01,,,2022-present,hex_point_on_surface,outside_official_precinct_geometry,https://gis.wilco.org/arcgis/rest/services/public/adopted_county_precincts/MapServer/0/query?where=1%3D1&outFields=PCT_NUMBER&returnGeometry=true&outSR=4326&f=geojson
2121,89489e2406fffff,2022-01-01,,JP1,2022-present,hex_point_on_surface,assigned,https://gis.wilco.org/arcgis/rest/services/public/adopted_county_precincts/MapServer/0/query?where=1%3D1&outFields=PCT_NUMBER&returnGeometry=true&outSR=4326&f=geojson
2132,89489e240a7ffff,2022-01-01,,JP1,2022-present,hex_point_on_surface,assigned,https://gis.wilco.org/arcgis/rest/services/public/adopted_county_precincts/MapServer/0/query?where=1%3D1&outFields=PCT_NUMBER&returnGeometry=true&outSR=4326&f=geojson
2136,89489e240b7ffff,2022-01-01,,JP1,2022-present,hex_point_on_surface,assigned,https://gis.wilco.org/arcgis/rest/services/public/adopted_county_precincts/MapServer/0/query?where=1%3D1&outFields=PCT_NUMBER&returnGeometry=true&outSR=4326&f=geojson
2145,89489e24107ffff,2022-01-01,,JP1,2022-present,hex_point_on_surface,assigned,https://gis.wilco.org/arcgis/rest/services/public/adopted_county_precincts/MapServer/0/query?where=1%3D1&outFields=PCT_NUMBER&returnGeometry=true&outSR=4326&f=geojson
2146,89489e24113ffff,2022-01-01,,JP1,2022-present,hex_point_on_surface,assigned,https://gis.wilco.org/arcgis/rest/services/public/adopted_county_precincts/MapServer/0/query?where=1%3D1&outFields=PCT_NUMBER&returnGeometry=true&outSR=4326&f=geojson
2147,89489e24117ffff,2022-01-01,,JP1,2022-present,hex_point_on_surface,assigned,https://gis.wilco.org/arcgis/rest/services/public/adopted_county_precincts/MapServer/0/query?where=1%3D1&outFields=PCT_NUMBER&returnGeometry=true&outSR=4326&f=geojson
2148,89489e24123ffff,2022-01-01,,JP1,2022-present,hex_point_on_surface,assigned,https://gis.wilco.org/arcgis/rest/services/public/adopted_county_precincts/MapServer/0/query?where=1%3D1&outFields=PCT_NUMBER&returnGeometry=true&outSR=4326&f=geojson
2149,89489e24127ffff,2022-01-01,,JP1,2022-present,hex_point_on_surface,assigned,https://gis.wilco.org/arcgis/rest/services/public/adopted_county_precincts/MapServer/0/query?where=1%3D1&outFields=PCT_NUMBER&returnGeometry=true&outSR=4326&f=geojson
2150,89489e2412fffff,2022-01-01,,JP1,2022-present,hex_point_on_surface,assigned,https://gis.wilco.org/arcgis/rest/services/public/adopted_county_precincts/MapServer/0/query?where=1%3D1&outFields=PCT_NUMBER&returnGeometry=true&outSR=4326&f=geojson
2151,89489e24133ffff,2022-01-01,,JP1,2022-present,hex_point_on_surface,assigned,https://gis.wilco.org/arcgis/rest/services/public/adopted_county_precincts/MapServer/0/query?where=1%3D1&outFields=PCT_NUMBER&returnGeometry=true&outSR=4326&f=geojson
2152,89489e24137ffff,2022-01-01,,JP1,2022-present,hex_point_on_surface,assigned,https://gis.wilco.org/arcgis/rest/services/public/adopted_county_precincts/MapServer/0/query?where=1%3D1&outFields=PCT_NUMBER&returnGeometry=true&outSR=4326&f=geojson
2153,89489e2413bffff,2022-01-01,,JP1,2022-present,hex_point_on_surface,assigned,https://gis.wilco.org/arcgis/rest/services/public/adopted_county_precincts/MapServer/0/query?where=1%3D1&outFields=PCT_NUMBER&returnGeometry=true&outSR=4326&f=geojson
2154,89489e2414bffff,2022-01-01,,JP1,2022-present,hex_point_on_surface,assigned,https://gis.wilco.org/arcgis/rest/services/public/adopted_county_precincts/MapServer/0/query?where=1%3D1&outFields=PCT_NUMBER&returnGeometry=true&outSR=4326&f=geojson
2155,89489e2414fffff,2022-01-01,,JP1,2022-present,hex_point_on_surface,assigned,https://gis.wilco.org/arcgis/rest/services/public/adopted_county_precincts/MapServer/0/query?where=1%3D1&outFields=PCT_NUMBER&returnGeometry=true&outSR=4326&f=geojson
2156,89489e2415bffff,2022-01-01,,JP1,2022-present,hex_point_on_surface,assigned,https://gis.wilco.org/arcgis/rest/services/public/adopted_county_precincts/MapServer/0/query?where=1%3D1&outFields=PCT_NUMBER&returnGeometry=true&outSR=4326&f=geojson
2157,89489e2416bffff,2022-01-01,,JP1,2022-present,hex_point_on_surface,assigned,https://gis.wilco.org/arcgis/rest/services/public/adopted_county_precincts/MapServer/0/query?where=1%3D1&outFields=PCT_NUMBER&returnGeometry=true&outSR=4326&f=geojson
2158,89489e2416fffff,2022-01-01,,JP1,2022-present,hex_point_on_surface,assigned,https://gis.wilco.org/arcgis/rest/services/public/adopted_county_precincts/MapServer/0/query?where=1%3D1&outFields=PCT_NUMBER&returnGeometry=true&outSR=4326&f=geojson
2159,89489e24183ffff,2022-01-01,,JP1,2022-present,hex_point_on_surface,assigned,https://gis.wilco.org/arcgis/rest/services/public/adopted_county_precincts/MapServer/0/query?where=1%3D1&outFields=PCT_NUMBER&returnGeometry=true&outSR=4326&f=geojson
2160,89489e24187ffff,2022-01-01,,JP1,2022-present,hex_point_on_surface,assigned,https://gis.wilco.org/arcgis/rest/services/public/adopted_county_precincts/MapServer/0/query?where=1%3D1&outFields=PCT_NUMBER&returnGeometry=true&outSR=4326&f=geojson
2161,89489e2418bffff,2022-01-01,,JP1,2022-present,hex_point_on_surface,assigned,https://gis.wilco.org/arcgis/rest/services/public/adopted_county_precincts/MapServer/0/query?where=1%3D1&outFields=PCT_NUMBER&returnGeometry=true&outSR=4326&f=geojson
2162,89489e2418fffff,2022-01-01,,JP1,2022-present,hex_point_on_surface,assigned,https://gis.wilco.org/arcgis/rest/services/public/adopted_county_precincts/MapServer/0/query?where=1%3D1&outFields=PCT_NUMBER&returnGeometry=true&outSR=4326&f=geojson
2163,89489e24193ffff,2022-01-01,,JP1,2022-present,hex_point_on_surface,assigned,https://gis.wilco.org/arcgis/rest/services/public/adopted_county_precincts/MapServer/0/query?where=1%3D1&outFields=PCT_NUMBER&returnGeometry=true&outSR=4326&f=geojson
2164,89489e24197ffff,2022-01-01,,JP1,2022-present,hex_point_on_surface,assigned,https://gis.wilco.org/arcgis/rest/services/public/adopted_county_precincts/MapServer/0/query?where=1%3D1&outFields=PCT_NUMBER&returnGeometry=true&outSR=4326&f=geojson
2165,89489e2419bffff,2022-01-01,,JP1,2022-present,hex_point_on_surface,assigned,https://gis.wilco.org/arcgis/rest/services/public/adopted_county_precincts/MapServer/0/query?where=1%3D1&outFields=PCT_NUMBER&returnGeometry=true&outSR=4326&f=geojson
2166,89489e241a3ffff,2022-01-01,,JP1,2022-present,hex_point_on_surface,assigned,https://gis.wilco.org/arcgis/rest/services/public/adopted_county_precincts/MapServer/0/query?where=1%3D1&outFields=PCT_NUMBER&returnGeometry=true&outSR=4326&f=geojson
2167,89489e241abffff,2022-01-01,,JP1,2022-present,hex_point_on_surface,assigned,https://gis.wilco.org/arcgis/rest/services/public/adopted_county_precincts/MapServer/0/query?where=1%3D1&outFields=PCT_NUMBER&returnGeometry=true&outSR=4326&f=geojson
2168,89489e241afffff,2022-01-01,,JP1,2022-present,hex_point_on_surface,assigned,https://gis.wilco.org/arcgis/rest/services/public/adopted_county_precincts/MapServer/0/query?where=1%3D1&outFields=PCT_NUMBER&returnGeometry=true&outSR=4326&f=geojson
2169,89489e241b3ffff,2022-01-01,,JP1,2022-present,hex_point_on_surface,assigned,https://gis.wilco.org/arcgis/rest/services/public/adopted_county_precincts/MapServer/0/query?where=1%3D1&outFields=PCT_NUMBER&returnGeometry=true&outSR=4326&f=geojson
2170,89489e241b7ffff,2022-01-01,,JP1,2022-present,hex_point_on_surface,assigned,https://gis.wilco.org/arcgis/rest/services/public/adopted_county_precincts/MapServer/0/query?where=1%3D1&outFields=PCT_NUMBER&returnGeometry=true&outSR=4326&f=geojson
2171,89489e241bbffff,2022-01-01,,JP1,2022-present,hex_point_on_surface,assigned,https://gis.wilco.org/arcgis/rest/services/public/adopted_county_precincts/MapServer/0/query?where=1%3D1&outFields=PCT_NUMBER&returnGeometry=true&outSR=4326&f=geojson
2179,89489e24223ffff,2022-01-01,,JP1,2022-present,hex_point_on_surface,assigned,https://gis.wilco.org/arcgis/rest/services/public/adopted_county_precincts/MapServer/0/query?where=1%3D1&outFields=PCT_NUMBER&returnGeometry=true&outSR=4326&f=geojson
2180,89489e24227ffff,2022-01-01,,JP1,2022-present,hex_point_on_surface,assigned,https://gis.wilco.org/arcgis/rest/services/public/adopted_county_precincts/MapServer/0/query?where=1%3D1&outFields=PCT_NUMBER&returnGeometry=true&outSR=4326&f=geojson
2182,89489e2422fffff,2022-01-01,,JP1,2022-present,hex_point_on_surface,assigned,https://gis.wilco.org/arcgis/rest/services/public/adopted_county_precincts/MapServer/0/query?where=1%3D1&outFields=PCT_NUMBER&returnGeometry=true&outSR=4326&f=geojson
2184,89489e24237ffff,2022-01-01,,JP1,2022-present,hex_point_on_surface,assigned,https://gis.wilco.org/arcgis/rest/services/public/adopted_county_precincts/MapServer/0/query?where=1%3D1&outFields=PCT_NUMBER&returnGeometry=true&outSR=4326&f=geojson
2196,89489e2426fffff,2022-01-01,,JP1,2022-present,hex_point_on_surface,assigned,https://gis.wilco.org/arcgis/rest/services/public/adopted_county_precincts/MapServer/0/query?where=1%3D1&outFields=PCT_NUMBER&returnGeometry=true&outSR=4326&f=geojson
2219,89489e24303ffff,2022-01-01,,JP1,2022-present,hex_point_on_surface,assigned,https://gis.wilco.org/arcgis/rest/services/public/adopted_county_precincts/MapServer/0/query?where=1%3D1&outFields=PCT_NUMBER&returnGeometry=true&outSR=4326&f=geojson
2220,89489e24307ffff,2022-01-01,,JP1,2022-present,hex_point_on_surface,assigned,https://gis.wilco.org/arcgis/rest/services/public/adopted_county_precincts/MapServer/0/query?where=1%3D1&outFields=PCT_NUMBER&returnGeometry=true&outSR=4326&f=geojson
2221,89489e2430bffff,2022-01-01,,JP1,2022-present,hex_point_on_surface,assigned,https://gis.wilco.org/arcgis/rest/services/public/adopted_county_precincts/MapServer/0/query?where=1%3D1&outFields=PCT_NUMBER&returnGeometry=true&outSR=4326&f=geojson
2222,89489e2430fffff,2022-01-01,,JP1,2022-present,hex_point_on_surface,assigned,https://gis.wilco.org/arcgis/rest/services/public/adopted_county_precincts/MapServer/0/query?where=1%3D1&outFields=PCT_NUMBER&returnGeometry=true&outSR=4326&f=geojson
2223,89489e24313ffff,2022-01-01,,JP1,2022-present,hex_point_on_surface,assigned,https://gis.wilco.org/arcgis/rest/services/public/adopted_county_precincts/MapServer/0/query?where=1%3D1&outFields=PCT_NUMBER&returnGeometry=true&outSR=4326&f=geojson
2224,89489e24317ffff,2022-01-01,,JP1,2022-present,hex_point_on_surface,assigned,https://gis.wilco.org/arcgis/rest/services/public/adopted_county_precincts/MapServer/0/query?where=1%3D1&outFields=PCT_NUMBER&returnGeometry=true&outSR=4326&f=geojson
2225,89489e2431bffff,2022-01-01,,JP1,2022-present,hex_point_on_surface,assigned,https://gis.wilco.org/arcgis/rest/services/public/adopted_county_precincts/MapServer/0/query?where=1%3D1&outFields=PCT_NUMBER&returnGeometry=true&outSR=4326&f=geojson
2226,89489e24323ffff,2022-01-01,,JP1,2022-present,hex_point_on_surface,assigned,https://gis.wilco.org/arcgis/rest/services/public/adopted_county_precincts/MapServer/0/query?where=1%3D1&outFields=PCT_NUMBER&returnGeometry=true&outSR=4326&f=geojson
2227,89489e24327ffff,2022-01-01,,JP1,2022-present,hex_point_on_surface,assigned,https://gis.wilco.org/arcgis/rest/services/public/adopted_county_precincts/MapServer/0/query?where=1%3D1&outFields=PCT_NUMBER&returnGeometry=true&outSR=4326&f=geojson
2228,89489e2432bffff,2022-01-01,,JP1,2022-present,hex_point_on_surface,assigned,https://gis.wilco.org/arcgis/rest/services/public/adopted_county_precincts/MapServer/0/query?where=1%3D1&outFields=PCT_NUMBER&returnGeometry=true&outSR=4326&f=geojson
2229,89489e2432fffff,2022-01-01,,JP1,2022-present,hex_point_on_surface,assigned,https://gis.wilco.org/arcgis/rest/services/public/adopted_county_precincts/MapServer/0/query?where=1%3D1&outFields=PCT_NUMBER&returnGeometry=true&outSR=4326&f=geojson
2230,89489e24333ffff,2022-01-01,,JP1,2022-present,hex_point_on_surface,assigned,https://gis.wilco.org/arcgis/rest/services/public/adopted_county_precincts/MapServer/0/query?where=1%3D1&outFields=PCT_NUMBER&returnGeometry=true&outSR=4326&f=geojson
2231,89489e24337ffff,2022-01-01,,JP1,2022-present,hex_point_on_surface,assigned,https://gis.wilco.org/arcgis/rest/services/public/adopted_county_precincts/MapServer/0/query?where=1%3D1&outFields=PCT_NUMBER&returnGeometry=true&outSR=4326&f=geojson
2232,89489e2433bffff,2022-01-01,,JP1,2022-present,hex_point_on_surface,assigned,https://gis.wilco.org/arcgis/rest/services/public/adopted_county_precincts/MapServer/0/query?where=1%3D1&outFields=PCT_NUMBER&returnGeometry=true&outSR=4326&f=geojson
2233,89489e24343ffff,2022-01-01,,JP1,2022-present,hex_point_on_surface,assigned,https://gis.wilco.org/arcgis/rest/services/public/adopted_county_precincts/MapServer/0/query?where=1%3D1&outFields=PCT_NUMBER&returnGeometry=true&outSR=4326&f=geojson
2234,89489e24347ffff,2022-01-01,,JP1,2022-present,hex_point_on_surface,assigned,https://gis.wilco.org/arcgis/rest/services/public/adopted_county_precincts/MapServer/0/query?where=1%3D1&outFields=PCT_NUMBER&returnGeometry=true&outSR=4326&f=geojson
2235,89489e2434bffff,2022-01-01,,JP1,2022-present,hex_point_on_surface,assigned,https://gis.wilco.org/arcgis/rest/services/public/adopted_county_precincts/MapServer/0/query?where=1%3D1&outFields=PCT_NUMBER&returnGeometry=true&outSR=4326&f=geojson
2236,89489e2434fffff,2022-01-01,,JP1,2022-present,hex_point_on_surface,assigned,https://gis.wilco.org/arcgis/rest/services/public/adopted_county_precincts/MapServer/0/query?where=1%3D1&outFields=PCT_NUMBER&returnGeometry=true&outSR=4326&f=geojson
2237,89489e24353ffff,2022-01-01,,JP1,2022-present,hex_point_on_surface,assigned,https://gis.wilco.org/arcgis/rest/services/public/adopted_county_precincts/MapServer/0/query?where=1%3D1&outFields=PCT_NUMBER&returnGeometry=true&outSR=4326&f=geojson
2238,89489e24357ffff,2022-01-01,,JP1,2022-present,hex_point_on_surface,assigned,https://gis.wilco.org/arcgis/rest/services/public/adopted_county_precincts/MapServer/0/query?where=1%3D1&outFields=PCT_NUMBER&returnGeometry=true&outSR=4326&f=geojson
2239,89489e2435bffff,2022-01-01,,JP1,2022-present,hex_point_on_surface,assigned,https://gis.wilco.org/arcgis/rest/services/public/adopted_county_precincts/MapServer/0/query?where=1%3D1&outFields=PCT_NUMBER&returnGeometry=true&outSR=4326&f=geojson
2240,89489e24363ffff,2022-01-01,,JP1,2022-present,hex_point_on_surface,assigned,https://gis.wilco.org/arcgis/rest/services/public/adopted_county_precincts/MapServer/0/query?where=1%3D1&outFields=PCT_NUMBER&returnGeometry=true&outSR=4326&f=geojson
2241,89489e24367ffff,2022-01-01,,JP1,2022-present,hex_point_on_surface,assigned,https://gis.wilco.org/arcgis/rest/services/public/adopted_county_precincts/MapServer/0/query?where=1%3D1&outFields=PCT_NUMBER&returnGeometry=true&outSR=4326&f=geojson
2242,89489e2436bffff,2022-01-01,,JP1,2022-present,hex_point_on_surface,assigned,https://gis.wilco.org/arcgis/rest/services/public/adopted_county_precincts/MapServer/0/query?where=1%3D1&outFields=PCT_NUMBER&returnGeometry=true&outSR=4326&f=geojson
2243,89489e2436fffff,2022-01-01,,JP1,2022-present,hex_point_on_surface,assigned,https://gis.wilco.org/arcgis/rest/services/public/adopted_county_precincts/MapServer/0/query?where=1%3D1&outFields=PCT_NUMBER&returnGeometry=true&outSR=4326&f=geojson
2244,89489e24373ffff,2022-01-01,,JP1,2022-present,hex_point_on_surface,assigned,https://gis.wilco.org/arcgis/rest/services/public/adopted_county_precincts/MapServer/0/query?where=1%3D1&outFields=PCT_NUMBER&returnGeometry=true&outSR=4326&f=geojson
2245,89489e24377ffff,2022-01-01,,JP1,2022-present,hex_point_on_surface,assigned,https://gis.wilco.org/arcgis/rest/services/public/adopted_county_precincts/MapServer/0/query?where=1%3D1&outFields=PCT_NUMBER&returnGeometry=true&outSR=4326&f=geojson
2246,89489e2437bffff,2022-01-01,,JP1,2022-present,hex_point_on_surface,assigned,https://gis.wilco.org/arcgis/rest/services/public/adopted_county_precincts/MapServer/0/query?where=1%3D1&outFields=PCT_NUMBER&returnGeometry=true&outSR=4326&f=geojson
2247,89489e24383ffff,2022-01-01,,JP1,2022-present,hex_point_on_surface,assigned,https://gis.wilco.org/arcgis/rest/services/public/adopted_county_precincts/MapServer/0/query?where=1%3D1&outFields=PCT_NUMBER&returnGeometry=true&outSR=4326&f=geojson
2248,89489e24387ffff,2022-01-01,,JP1,2022-present,hex_point_on_surface,assigned,https://gis.wilco.org/arcgis/rest/services/public/adopted_county_precincts/MapServer/0/query?where=1%3D1&outFields=PCT_NUMBER&returnGeometry=true&outSR=4326&f=geojson
2249,89489e2438bffff,2022-01-01,,JP1,2022-present,hex_point_on_surface,assigned,https://gis.wilco.org/arcgis/rest/services/public/adopted_county_precincts/MapServer/0/query?where=1%3D1&outFields=PCT_NUMBER&returnGeometry=true&outSR=4326&f=geojson
2250,89489e2438fffff,2022-01-01,,JP1,2022-present,hex_point_on_surface,assigned,https://gis.wilco.org/arcgis/rest/services/public/adopted_county_precincts/MapServer/0/query?where=1%3D1&outFields=PCT_NUMBER&returnGeometry=true&outSR=4326&f=geojson
2251,89489e24393ffff,2022-01-01,,JP1,2022-present,hex_point_on_surface,assigned,https://gis.wilco.org/arcgis/rest/services/public/adopted_county_precincts/MapServer/0/query?where=1%3D1&outFields=PCT_NUMBER&returnGeometry=true&outSR=4326&f=geojson
2252,89489e24397ffff,2022-01-01,,JP1,2022-present,hex_point_on_surface,assigned,https://gis.wilco.org/arcgis/rest/services/public/adopted_county_precincts/MapServer/0/query?where=1%3D1&outFields=PCT_NUMBER&returnGeometry=true&outSR=4326&f=geojson
2253,89489e2439bffff,2022-01-01,,JP1,2022-present,hex_point_on_surface,assigned,https://gis.wilco.org/arcgis/rest/services/public/adopted_county_precincts/MapServer/0/query?where=1%3D1&outFields=PCT_NUMBER&returnGeometry=true&outSR=4326&f=geojson
2254,89489e243a3ffff,2022-01-01,,JP1,2022-present,hex_point_on_surface,assigned,https://gis.wilco.org/arcgis/rest/services/public/adopted_county_precincts/MapServer/0/query?where=1%3D1&outFields=PCT_NUMBER&returnGeometry=true&outSR=4326&f=geojson
2255,89489e243a7ffff,2022-01-01,,JP1,2022-present,hex_point_on_surface,assigned,https://gis.wilco.org/arcgis/rest/services/public/adopted_county_precincts/MapServer/0/query?where=1%3D1&outFields=PCT_NUMBER&returnGeometry=true&outSR=4326&f=geojson
2256,89489e243abffff,2022-01-01,,JP1,2022-present,hex_point_on_surface,assigned,https://gis.wilco.org/arcgis/rest/services/public/adopted_county_precincts/MapServer/0/query?where=1%3D1&outFields=PCT_NUMBER&returnGeometry=true&outSR=4326&f=geojson
2257,89489e243afffff,2022-01-01,,JP1,2022-present,hex_point_on_surface,assigned,https://gis.wilco.org/arcgis/rest/services/public/adopted_county_precincts/MapServer/0/query?where=1%3D1&outFields=PCT_NUMBER&returnGeometry=true&outSR=4326&f=geojson
2258,89489e243b3ffff,2022-01-01,,JP1,2022-present,hex_point_on_surface,assigned,https://gis.wilco.org/arcgis/rest/services/public/adopted_county_precincts/MapServer/0/query?where=1%3D1&outFields=PCT_NUMBER&returnGeometry=true&outSR=4326&f=geojson
2259,89489e243b7ffff,2022-01-01,,JP1,2022-present,hex_point_on_surface,assigned,https://gis.wilco.org/arcgis/rest/services/public/adopted_county_precincts/MapServer/0/query?where=1%3D1&outFields=PCT_NUMBER&returnGeometry=true&outSR=4326&f=geojson
2260,89489e243bbffff,2022-01-01,,JP1,2022-present,hex_point_on_surface,assigned,https://gis.wilco.org/arcgis/rest/services/public/adopted_county_precincts/MapServer/0/query?where=1%3D1&outFields=PCT_NUMBER&returnGeometry=true&outSR=4326&f=geojson
2261,89489e243c3ffff,2022-01-01,,JP1,2022-present,hex_point_on_surface,assigned,https://gis.wilco.org/arcgis/rest/services/public/adopted_county_precincts/MapServer/0/query?where=1%3D1&outFields=PCT_NUMBER&returnGeometry=true&outSR=4326&f=geojson
2262,89489e243c7ffff,2022-01-01,,JP1,2022-present,hex_point_on_surface,assigned,https://gis.wilco.org/arcgis/rest/services/public/adopted_county_precincts/MapServer/0/query?where=1%3D1&outFields=PCT_NUMBER&returnGeometry=true&outSR=4326&f=geojson
2263,89489e243cbffff,2022-01-01,,JP1,2022-present,hex_point_on_surface,assigned,https://gis.wilco.org/arcgis/rest/services/public/adopted_county_precincts/MapServer/0/query?where=1%3D1&outFields=PCT_NUMBER&returnGeometry=true&outSR=4326&f=geojson
2264,89489e243cfffff,2022-01-01,,JP1,2022-present,hex_point_on_surface,assigned,https://gis.wilco.org/arcgis/rest/services/public/adopted_county_precincts/MapServer/0/query?where=1%3D1&outFields=PCT_NUMBER&returnGeometry=true&outSR=4326&f=geojson
2265,89489e243d3ffff,2022-01-01,,JP1,2022-present,hex_point_on_surface,assigned,https://gis.wilco.org/arcgis/rest/services/public/adopted_county_precincts/MapServer/0/query?where=1%3D1&outFields=PCT_NUMBER&returnGeometry=true&outSR=4326&f=geojson
2266,89489e243d7ffff,2022-01-01,,JP1,2022-present,hex_point_on_surface,assigned,https://gis.wilco.org/arcgis/rest/services/public/adopted_county_precincts/MapServer/0/query?where=1%3D1&outFields=PCT_NUMBER&returnGeometry=true&outSR=4326&f=geojson
2267,89489e243dbffff,2022-01-01,,JP1,2022-present,hex_point_on_surface,assigned,https://gis.wilco.org/arcgis/rest/services/public/adopted_county_precincts/MapServer/0/query?where=1%3D1&outFields=PCT_NUMBER&returnGeometry=true&outSR=4326&f=geojson
2318,89489e24507ffff,2022-01-01,,JP1,2022-present,hex_point_on_surface,assigned,https://gis.wilco.org/arcgis/rest/services/public/adopted_county_precincts/MapServer/0/query?where=1%3D1&outFields=PCT_NUMBER&returnGeometry=true&outSR=4326&f=geojson
2320,89489e2450fffff,2022-01-01,,JP1,2022-present,hex_point_on_surface,assigned,https://gis.wilco.org/arcgis/rest/services/public/adopted_county_precincts/MapServer/0/query?where=1%3D1&outFields=PCT_NUMBER&returnGeometry=true&outSR=4326&f=geojson
2324,89489e24523ffff,2022-01-01,,JP1,2022-present,hex_point_on_surface,assigned,https://gis.wilco.org/arcgis/rest/services/public/adopted_county_precincts/MapServer/0/query?where=1%3D1&outFields=PCT_NUMBER&returnGeometry=true&outSR=4326&f=geojson
2325,89489e24527ffff,2022-01-01,,JP1,2022-present,hex_point_on_surface,assigned,https://gis.wilco.org/arcgis/rest/services/public/adopted_county_precincts/MapServer/0/query?where=1%3D1&outFields=PCT_NUMBER&returnGeometry=true&outSR=4326&f=geojson
2326,89489e2452bffff,2022-01-01,,JP1,2022-present,hex_point_on_surface,assigned,https://gis.wilco.org/arcgis/rest/services/public/adopted_county_precincts/MapServer/0/query?where=1%3D1&outFields=PCT_NUMBER&returnGeometry=true&outSR=4326&f=geojson
2327,89489e2452fffff,2022-01-01,,JP1,2022-present,hex_point_on_surface,assigned,https://gis.wilco.org/arcgis/rest/services/public/adopted_county_precincts/MapServer/0/query?where=1%3D1&outFields=PCT_NUMBER&returnGeometry=true&outSR=4326&f=geojson
2328,89489e24533ffff,2022-01-01,,JP1,2022-present,hex_point_on_surface,assigned,https://gis.wilco.org/arcgis/rest/services/public/adopted_county_precincts/MapServer/0/query?where=1%3D1&outFields=PCT_NUMBER&returnGeometry=true&outSR=4326&f=geojson
2329,89489e24537ffff,2022-01-01,,JP1,2022-present,hex_point_on_surface,assigned,https://gis.wilco.org/arcgis/rest/services/public/adopted_county_precincts/MapServer/0/query?where=1%3D1&outFields=PCT_NUMBER&returnGeometry=true&outSR=4326&f=geojson
2330,89489e2453bffff,2022-01-01,,JP1,2022-present,hex_point_on_surface,assigned,https://gis.wilco.org/arcgis/rest/services/public/adopted_county_precincts/MapServer/0/query?where=1%3D1&outFields=PCT_NUMBER&returnGeometry=true&outSR=4326&f=geojson
2332,89489e24547ffff,2022-01-01,,JP1,2022-present,hex_point_on_surface,assigned,https://gis.wilco.org/arcgis/rest/services/public/adopted_county_precincts/MapServer/0/query?where=1%3D1&outFields=PCT_NUMBER&returnGeometry=true&outSR=4326&f=geojson
2334,89489e2454fffff,2022-01-01,,JP1,2022-present,hex_point_on_surface,assigned,https://gis.wilco.org/arcgis/rest/services/public/adopted_county_precincts/MapServer/0/query?where=1%3D1&outFields=PCT_NUMBER&returnGeometry=true&outSR=4326&f=geojson
2338,89489e24563ffff,2022-01-01,,JP1,2022-present,hex_point_on_surface,assigned,https://gis.wilco.org/arcgis/rest/services/public/adopted_county_precincts/MapServer/0/query?where=1%3D1&outFields=PCT_NUMBER&returnGeometry=true&outSR=4326&f=geojson
2339,89489e24567ffff,2022-01-01,,JP1,2022-present,hex_point_on_surface,assigned,https://gis.wilco.org/arcgis/rest/services/public/adopted_county_precincts/MapServer/0/query?where=1%3D1&outFields=PCT_NUMBER&returnGeometry=true&outSR=4326&f=geojson
2340,89489e2456bffff,2022-01-01,,JP1,2022-present,hex_point_on_surface,assigned,https://gis.wilco.org/arcgis/rest/services/public/adopted_county_precincts/MapServer/0/query?where=1%3D1&outFields=PCT_NUMBER&returnGeometry=true&outSR=4326&f=geojson
2341,89489e24573ffff,2022-01-01,,JP1,2022-present,hex_point_on_surface,assigned,https://gis.wilco.org/arcgis/rest/services/public/adopted_county_precincts/MapServer/0/query?where=1%3D1&outFields=PCT_NUMBER&returnGeometry=true&outSR=4326&f=geojson
2342,89489e24577ffff,2022-01-01,,JP1,2022-present,hex_point_on_surface,assigned,https://gis.wilco.org/arcgis/rest/services/public/adopted_county_precincts/MapServer/0/query?where=1%3D1&outFields=PCT_NUMBER&returnGeometry=true&outSR=4326&f=geojson
2343,89489e2457bffff,2022-01-01,,JP1,2022-present,hex_point_on_surface,assigned,https://gis.wilco.org/arcgis/rest/services/public/adopted_county_precincts/MapServer/0/query?where=1%3D1&outFields=PCT_NUMBER&returnGeometry=true&outSR=4326&f=geojson
2351,89489e245a3ffff,2022-01-01,,JP1,2022-present,hex_point_on_surface,assigned,https://gis.wilco.org/arcgis/rest/services/public/adopted_county_precincts/MapServer/0/query?where=1%3D1&outFields=PCT_NUMBER&returnGeometry=true&outSR=4326&f=geojson
2353,89489e245abffff,2022-01-01,,JP1,2022-present,hex_point_on_surface,assigned,https://gis.wilco.org/arcgis/rest/services/public/adopted_county_precincts/MapServer/0/query?where=1%3D1&outFields=PCT_NUMBER&returnGeometry=true&outSR=4326&f=geojson
2354,89489e245afffff,2022-01-01,,JP1,2022-present,hex_point_on_surface,assigned,https://gis.wilco.org/arcgis/rest/services/public/adopted_county_precincts/MapServer/0/query?where=1%3D1&outFields=PCT_NUMBER&returnGeometry=true&outSR=4326&f=geojson
2414,89489e24803ffff,2022-01-01,,JP1,2022-present,hex_point_on_surface,assigned,https://gis.wilco.org/arcgis/rest/services/public/adopted_county_precincts/MapServer/0/query?where=1%3D1&outFields=PCT_NUMBER&returnGeometry=true&outSR=4326&f=geojson
2415,89489e24807ffff,2022-01-01,,JP1,2022-present,hex_point_on_surface,assigned,https://gis.wilco.org/arcgis/rest/services/public/adopted_county_precincts/MapServer/0/query?where=1%3D1&outFields=PCT_NUMBER&returnGeometry=true&outSR=4326&f=geojson
2416,89489e2480bffff,2022-01-01,,JP1,2022-present,hex_point_on_surface,assigned,https://gis.wilco.org/arcgis/rest/services/public/adopted_county_precincts/MapServer/0/query?where=1%3D1&outFields=PCT_NUMBER&returnGeometry=true&outSR=4326&f=geojson
2417,89489e2480fffff,2022-01-01,,JP1,2022-present,hex_point_on_surface,assigned,https://gis.wilco.org/arcgis/rest/services/public/adopted_county_precincts/MapServer/0/query?where=1%3D1&outFields=PCT_NUMBER&returnGeometry=true&outSR=4326&f=geojson
2418,89489e24813ffff,2022-01-01,,JP1,2022-present,hex_point_on_surface,assigned,https://gis.wilco.org/arcgis/rest/services/public/adopted_county_precincts/MapServer/0/query?where=1%3D1&outFields=PCT_NUMBER&returnGeometry=true&outSR=4326&f=geojson
2419,89489e24817ffff,2022-01-01,,JP1,2022-present,hex_point_on_surface,assigned,https://gis.wilco.org/arcgis/rest/services/public/adopted_county_precincts/MapServer/0/query?where=1%3D1&outFields=PCT_NUMBER&returnGeometry=true&outSR=4326&f=geojson
2420,89489e2481bffff,2022-01-01,,JP1,2022-present,hex_point_on_surface,assigned,https://gis.wilco.org/arcgis/rest/services/public/adopted_county_precincts/MapServer/0/query?where=1%3D1&outFields=PCT_NUMBER&returnGeometry=true&outSR=4326&f=geojson
2421,89489e24823ffff,2022-01-01,,JP1,2022-present,hex_point_on_surface,assigned,https://gis.wilco.org/arcgis/rest/services/public/adopted_county_precincts/MapServer/0/query?where=1%3D1&outFields=PCT_NUMBER&returnGeometry=true&outSR=4326&f=geojson
2422,89489e24827ffff,2022-01-01,,JP1,2022-present,hex_point_on_surface,assigned,https://gis.wilco.org/arcgis/rest/services/public/adopted_county_precincts/MapServer/0/query?where=1%3D1&outFields=PCT_NUMBER&returnGeometry=true&outSR=4326&f=geojson
2423,89489e2482bffff,2022-01-01,,JP1,2022-present,hex_point_on_surface,assigned,https://gis.wilco.org/arcgis/rest/services/public/adopted_county_precincts/MapServer/0/query?where=1%3D1&outFields=PCT_NUMBER&returnGeometry=true&outSR=4326&f=geojson
2424,89489e2482fffff,2022-01-01,,JP1,2022-present,hex_point_on_surface,assigned,https://gis.wilco.org/arcgis/rest/services/public/adopted_county_precincts/MapServer/0/query?where=1%3D1&outFields=PCT_NUMBER&returnGeometry=true&outSR=4326&f=geojson
2425,89489e24833ffff,2022-01-01,,JP1,2022-present,hex_point_on_surface,assigned,https://gis.wilco.org/arcgis/rest/services/public/adopted_county_precincts/MapServer/0/query?where=1%3D1&outFields=PCT_NUMBER&returnGeometry=true&outSR=4326&f=geojson
2426,89489e24837ffff,2022-01-01,,JP1,2022-present,hex_point_on_surface,assigned,https://gis.wilco.org/arcgis/rest/services/public/adopted_county_precincts/MapServer/0/query?where=1%3D1&outFields=PCT_NUMBER&returnGeometry=true&outSR=4326&f=geojson
2427,89489e2483bffff,2022-01-01,,JP1,2022-present,hex_point_on_surface,assigned,https://gis.wilco.org/arcgis/rest/services/public/adopted_county_precincts/MapServer/0/query?where=1%3D1&outFields=PCT_NUMBER&returnGeometry=true&outSR=4326&f=geojson
2428,89489e24843ffff,2022-01-01,,JP1,2022-present,hex_point_on_surface,assigned,https://gis.wilco.org/arcgis/rest/services/public/adopted_county_precincts/MapServer/0/query?where=1%3D1&outFields=PCT_NUMBER&returnGeometry=true&outSR=4326&f=geojson
2429,89489e24847ffff,2022-01-01,,JP1,2022-present,hex_point_on_surface,assigned,https://gis.wilco.org/arcgis/rest/services/public/adopted_county_precincts/MapServer/0/query?where=1%3D1&outFields=PCT_NUMBER&returnGeometry=true&outSR=4326&f=geojson
2430,89489e2484bffff,2022-01-01,,JP1,2022-present,hex_point_on_surface,assigned,https://gis.wilco.org/arcgis/rest/services/public/adopted_county_precincts/MapServer/0/query?where=1%3D1&outFields=PCT_NUMBER&returnGeometry=true&outSR=4326&f=geojson
2431,89489e2484fffff,2022-01-01,,JP1,2022-present,hex_point_on_surface,assigned,https://gis.wilco.org/arcgis/rest/services/public/adopted_county_precincts/MapServer/0/query?where=1%3D1&outFields=PCT_NUMBER&returnGeometry=true&outSR=4326&f=geojson
2432,89489e24853ffff,2022-01-01,,JP1,2022-present,hex_point_on_surface,assigned,https://gis.wilco.org/arcgis/rest/services/public/adopted_county_precincts/MapServer/0/query?where=1%3D1&outFields=PCT_NUMBER&returnGeometry=true&outSR=4326&f=geojson
2433,89489e24857ffff,2022-01-01,,JP1,2022-present,hex_point_on_surface,assigned,https://gis.wilco.org/arcgis/rest/services/public/adopted_county_precincts/MapServer/0/query?where=1%3D1&outFields=PCT_NUMBER&returnGeometry=true&outSR=4326&f=geojson
2434,89489e2485bffff,2022-01-01,,JP1,2022-present,hex_point_on_surface,assigned,https://gis.wilco.org/arcgis/rest/services/public/adopted_county_precincts/MapServer/0/query?where=1%3D1&outFields=PCT_NUMBER&returnGeometry=true&outSR=4326&f=geojson
2435,89489e24863ffff,2022-01-01,,JP3,2022-present,hex_point_on_surface,assigned,https://gis.wilco.org/arcgis/rest/services/public/adopted_county_precincts/MapServer/0/query?where=1%3D1&outFields=PCT_NUMBER&returnGeometry=true&outSR=4326&f=geojson
2436,89489e24867ffff,2022-01-01,,JP1,2022-present,hex_point_on_surface,assigned,https://gis.wilco.org/arcgis/rest/services/public/adopted_county_precincts/MapServer/0/query?where=1%3D1&outFields=PCT_NUMBER&returnGeometry=true&outSR=4326&f=geojson
2437,89489e2486bffff,2022-01-01,,JP3,2022-present,hex_point_on_surface,assigned,https://gis.wilco.org/arcgis/rest/services/public/adopted_county_precincts/MapServer/0/query?where=1%3D1&outFields=PCT_NUMBER&returnGeometry=true&outSR=4326&f=geojson
2438,89489e2486fffff,2022-01-01,,JP3,2022-present,hex_point_on_surface,assigned,https://gis.wilco.org/arcgis/rest/services/public/adopted_county_precincts/MapServer/0/query?where=1%3D1&outFields=PCT_NUMBER&returnGeometry=true&outSR=4326&f=geojson
2439,89489e24873ffff,2022-01-01,,JP1,2022-present,hex_point_on_surface,assigned,https://gis.wilco.org/arcgis/rest/services/public/adopted_county_precincts/MapServer/0/query?where=1%3D1&outFields=PCT_NUMBER&returnGeometry=true&outSR=4326&f=geojson
2440,89489e24877ffff,2022-01-01,,JP1,2022-present,hex_point_on_surface,assigned,https://gis.wilco.org/arcgis/rest/services/public/adopted_county_precincts/MapServer/0/query?where=1%3D1&outFields=PCT_NUMBER&returnGeometry=true&outSR=4326&f=geojson
2441,89489e2487bffff,2022-01-01,,JP1,2022-present,hex_point_on_surface,assigned,https://gis.wilco.org/arcgis/rest/services/public/adopted_county_precincts/MapServer/0/query?where=1%3D1&outFields=PCT_NUMBER&returnGeometry=true&outSR=4326&f=geojson
2442,89489e24883ffff,2022-01-01,,JP1,2022-present,hex_point_on_surface,assigned,https://gis.wilco.org/arcgis/rest/services/public/adopted_county_precincts/MapServer/0/query?where=1%3D1&outFields=PCT_NUMBER&returnGeometry=true&outSR=4326&f=geojson
2443,89489e24887ffff,2022-01-01,,JP1,2022-present,hex_point_on_surface,assigned,https://gis.wilco.org/arcgis/rest/services/public/adopted_county_precincts/MapServer/0/query?where=1%3D1&outFields=PCT_NUMBER&returnGeometry=true&outSR=4326&f=geojson
2444,89489e2488bffff,2022-01-01,,JP1,2022-present,hex_point_on_surface,assigned,https://gis.wilco.org/arcgis/rest/services/public/adopted_county_precincts/MapServer/0/query?where=1%3D1&outFields=PCT_NUMBER&returnGeometry=true&outSR=4326&f=geojson
2445,89489e2488fffff,2022-01-01,,JP1,2022-present,hex_point_on_surface,assigned,https://gis.wilco.org/arcgis/rest/services/public/adopted_county_precincts/MapServer/0/query?where=1%3D1&outFields=PCT_NUMBER&returnGeometry=true&outSR=4326&f=geojson
2446,89489e24893ffff,2022-01-01,,JP1,2022-present,hex_point_on_surface,assigned,https://gis.wilco.org/arcgis/rest/services/public/adopted_county_precincts/MapServer/0/query?where=1%3D1&outFields=PCT_NUMBER&returnGeometry=true&outSR=4326&f=geojson
2447,89489e24897ffff,2022-01-01,,JP1,2022-present,hex_point_on_surface,assigned,https://gis.wilco.org/arcgis/rest/services/public/adopted_county_precincts/MapServer/0/query?where=1%3D1&outFields=PCT_NUMBER&returnGeometry=true&outSR=4326&f=geojson
2448,89489e2489bffff,2022-01-01,,JP1,2022-present,hex_point_on_surface,assigned,https://gis.wilco.org/arcgis/rest/services/public/adopted_county_precincts/MapServer/0/query?where=1%3D1&outFields=PCT_NUMBER&returnGeometry=true&outSR=4326&f=geojson
2449,89489e248a3ffff,2022-01-01,,JP1,2022-present,hex_point_on_surface,assigned,https://gis.wilco.org/arcgis/rest/services/public/adopted_county_precincts/MapServer/0/query?where=1%3D1&outFields=PCT_NUMBER&returnGeometry=true&outSR=4326&f=geojson
2450,89489e248a7ffff,2022-01-01,,JP1,2022-present,hex_point_on_surface,assigned,https://gis.wilco.org/arcgis/rest/services/public/adopted_county_precincts/MapServer/0/query?where=1%3D1&outFields=PCT_NUMBER&returnGeometry=true&outSR=4326&f=geojson
2451,89489e248abffff,2022-01-01,,JP1,2022-present,hex_point_on_surface,assigned,https://gis.wilco.org/arcgis/rest/services/public/adopted_county_precincts/MapServer/0/query?where=1%3D1&outFields=PCT_NUMBER&returnGeometry=true&outSR=4326&f=geojson
2452,89489e248afffff,2022-01-01,,JP1,2022-present,hex_point_on_surface,assigned,https://gis.wilco.org/arcgis/rest/services/public/adopted_county_precincts/MapServer/0/query?where=1%3D1&outFields=PCT_NUMBER&returnGeometry=true&outSR=4326&f=geojson
2453,89489e248b3ffff,2022-01-01,,JP1,2022-present,hex_point_on_surface,assigned,https://gis.wilco.org/arcgis/rest/services/public/adopted_county_precincts/MapServer/0/query?where=1%3D1&outFields=PCT_NUMBER&returnGeometry=true&outSR=4326&f=geojson
2454,89489e248b7ffff,2022-01-01,,JP1,2022-present,hex_point_on_surface,assigned,https://gis.wilco.org/arcgis/rest/services/public/adopted_county_precincts/MapServer/0/query?where=1%3D1&outFields=PCT_NUMBER&returnGeometry=true&outSR=4326&f=geojson
2455,89489e248bbffff,2022-01-01,,JP1,2022-present,hex_point_on_surface,assigned,https://gis.wilco.org/arcgis/rest/services/public/adopted_county_precincts/MapServer/0/query?where=1%3D1&outFields=PCT_NUMBER&returnGeometry=true&outSR=4326&f=geojson
2456,89489e248c3ffff,2022-01-01,,JP1,2022-present,hex_point_on_surface,assigned,https://gis.wilco.org/arcgis/rest/services/public/adopted_county_precincts/MapServer/0/query?where=1%3D1&outFields=PCT_NUMBER&returnGeometry=true&outSR=4326&f=geojson
2457,89489e248c7ffff,2022-01-01,,JP1,2022-present,hex_point_on_surface,assigned,https://gis.wilco.org/arcgis/rest/services/public/adopted_county_precincts/MapServer/0/query?where=1%3D1&outFields=PCT_NUMBER&returnGeometry=true&outSR=4326&f=geojson
2458,89489e248cbffff,2022-01-01,,JP1,2022-present,hex_point_on_surface,assigned,https://gis.wilco.org/arcgis/rest/services/public/adopted_county_precincts/MapServer/0/query?where=1%3D1&outFields=PCT_NUMBER&returnGeometry=true&outSR=4326&f=geojson
2459,89489e248cfffff,2022-01-01,,JP1,2022-present,hex_point_on_surface,assigned,https://gis.wilco.org/arcgis/rest/services/public/adopted_county_precincts/MapServer/0/query?where=1%3D1&outFields=PCT_NUMBER&returnGeometry=true&outSR=4326&f=geojson
2460,89489e248d3ffff,2022-01-01,,JP1,2022-present,hex_point_on_surface,assigned,https://gis.wilco.org/arcgis/rest/services/public/adopted_county_precincts/MapServer/0/query?where=1%3D1&outFields=PCT_NUMBER&returnGeometry=true&outSR=4326&f=geojson
2461,89489e248d7ffff,2022-01-01,,JP1,2022-present,hex_point_on_surface,assigned,https://gis.wilco.org/arcgis/rest/services/public/adopted_county_precincts/MapServer/0/query?where=1%3D1&outFields=PCT_NUMBER&returnGeometry=true&outSR=4326&f=geojson
2462,89489e248dbffff,2022-01-01,,JP1,2022-present,hex_point_on_surface,assigned,https://gis.wilco.org/arcgis/rest/services/public/adopted_county_precincts/MapServer/0/query?where=1%3D1&outFields=PCT_NUMBER&returnGeometry=true&outSR=4326&f=geojson
2463,89489e24953ffff,2022-01-01,,JP1,2022-present,hex_point_on_surface,assigned,https://gis.wilco.org/arcgis/rest/services/public/adopted_county_precincts/MapServer/0/query?where=1%3D1&outFields=PCT_NUMBER&returnGeometry=true&outSR=4326&f=geojson
2464,89489e2495bffff,2022-01-01,,JP1,2022-present,hex_point_on_surface,assigned,https://gis.wilco.org/arcgis/rest/services/public/adopted_county_precincts/MapServer/0/query?where=1%3D1&outFields=PCT_NUMBER&returnGeometry=true&outSR=4326&f=geojson
2465,89489e249c3ffff,2022-01-01,,JP1,2022-present,hex_point_on_surface,assigned,https://gis.wilco.org/arcgis/rest/services/public/adopted_county_precincts/MapServer/0/query?where=1%3D1&outFields=PCT_NUMBER&returnGeometry=true&outSR=4326&f=geojson
2466,89489e249cbffff,2022-01-01,,JP1,2022-present,hex_point_on_surface,assigned,https://gis.wilco.org/arcgis/rest/services/public/adopted_county_precincts/MapServer/0/query?where=1%3D1&outFields=PCT_NUMBER&returnGeometry=true&outSR=4326&f=geojson
2467,89489e249d3ffff,2022-01-01,,JP1,2022-present,hex_point_on_surface,assigned,https://gis.wilco.org/arcgis/rest/services/public/adopted_county_precincts/MapServer/0/query?where=1%3D1&outFields=PCT_NUMBER&returnGeometry=true&outSR=4326&f=geojson
2468,89489e249dbffff,2022-01-01,,JP1,2022-present,hex_point_on_surface,assigned,https://gis.wilco.org/arcgis/rest/services/public/adopted_county_precincts/MapServer/0/query?where=1%3D1&outFields=PCT_NUMBER&returnGeometry=true&outSR=4326&f=geojson
2469,89489e24a03ffff,2022-01-01,,JP3,2022-present,hex_point_on_surface,assigned,https://gis.wilco.org/arcgis/rest/services/public/adopted_county_precincts/MapServer/0/query?where=1%3D1&outFields=PCT_NUMBER&returnGeometry=true&outSR=4326&f=geojson
2470,89489e24a07ffff,2022-01-01,,JP3,2022-present,hex_point_on_surface,assigned,https://gis.wilco.org/arcgis/rest/services/public/adopted_county_precincts/MapServer/0/query?where=1%3D1&outFields=PCT_NUMBER&returnGeometry=true&outSR=4326&f=geojson
2471,89489e24a0bffff,2022-01-01,,JP3,2022-present,hex_point_on_surface,assigned,https://gis.wilco.org/arcgis/rest/services/public/adopted_county_precincts/MapServer/0/query?where=1%3D1&outFields=PCT_NUMBER&returnGeometry=true&outSR=4326&f=geojson
2472,89489e24a0fffff,2022-01-01,,JP3,2022-present,hex_point_on_surface,assigned,https://gis.wilco.org/arcgis/rest/services/public/adopted_county_precincts/MapServer/0/query?where=1%3D1&outFields=PCT_NUMBER&returnGeometry=true&outSR=4326&f=geojson
2473,89489e24a13ffff,2022-01-01,,JP1,2022-present,hex_point_on_surface,assigned,https://gis.wilco.org/arcgis/rest/services/public/adopted_county_precincts/MapServer/0/query?where=1%3D1&outFields=PCT_NUMBER&returnGeometry=true&outSR=4326&f=geojson
2474,89489e24a17ffff,2022-01-01,,JP1,2022-present,hex_point_on_surface,assigned,https://gis.wilco.org/arcgis/rest/services/public/adopted_county_precincts/MapServer/0/query?where=1%3D1&outFields=PCT_NUMBER&returnGeometry=true&outSR=4326&f=geojson
2475,89489e24a1bffff,2022-01-01,,JP3,2022-present,hex_point_on_surface,assigned,https://gis.wilco.org/arcgis/rest/services/public/adopted_county_precincts/MapServer/0/query?where=1%3D1&outFields=PCT_NUMBER&returnGeometry=true&outSR=4326&f=geojson
2476,89489e24a33ffff,2022-01-01,,JP3,2022-present,hex_point_on_surface,assigned,https://gis.wilco.org/arcgis/rest/services/public/adopted_county_precincts/MapServer/0/query?where=1%3D1&outFields=PCT_NUMBER&returnGeometry=true&outSR=4326&f=geojson
2477,89489e24a37ffff,2022-01-01,,JP3,2022-present,hex_point_on_surface,assigned,https://gis.wilco.org/arcgis/rest/services/public/adopted_county_precincts/MapServer/0/query?where=1%3D1&outFields=PCT_NUMBER&returnGeometry=true&outSR=4326&f=geojson
2478,89489e24a3bffff,2022-01-01,,JP3,2022-present,hex_point_on_surface,assigned,https://gis.wilco.org/arcgis/rest/services/public/adopted_county_precincts/MapServer/0/query?where=1%3D1&outFields=PCT_NUMBER&returnGeometry=true&outSR=4326&f=geojson
2479,89489e24a43ffff,2022-01-01,,JP3,2022-present,hex_point_on_surface,assigned,https://gis.wilco.org/arcgis/rest/services/public/adopted_county_precincts/MapServer/0/query?where=1%3D1&outFields=PCT_NUMBER&returnGeometry=true&outSR=4326&f=geojson
2480,89489e24a47ffff,2022-01-01,,JP3,2022-present,hex_point_on_surface,assigned,https://gis.wilco.org/arcgis/rest/services/public/adopted_county_precincts/MapServer/0/query?where=1%3D1&outFields=PCT_NUMBER&returnGeometry=true&outSR=4326&f=geojson
2481,89489e24a63ffff,2022-01-01,,JP3,2022-present,hex_point_on_surface,assigned,https://gis.wilco.org/arcgis/rest/services/public/adopted_county_precincts/MapServer/0/query?where=1%3D1&outFields=PCT_NUMBER&returnGeometry=true&outSR=4326&f=geojson
2482,89489e24a67ffff,2022-01-01,,JP3,2022-present,hex_point_on_surface,assigned,https://gis.wilco.org/arcgis/rest/services/public/adopted_county_precincts/MapServer/0/query?where=1%3D1&outFields=PCT_NUMBER&returnGeometry=true&outSR=4326&f=geojson
2483,89489e24a6bffff,2022-01-01,,JP3,2022-present,hex_point_on_surface,assigned,https://gis.wilco.org/arcgis/rest/services/public/adopted_county_precincts/MapServer/0/query?where=1%3D1&outFields=PCT_NUMBER&returnGeometry=true&outSR=4326&f=geojson
2484,89489e24a6fffff,2022-01-01,,JP3,2022-present,hex_point_on_surface,assigned,https://gis.wilco.org/arcgis/rest/services/public/adopted_county_precincts/MapServer/0/query?where=1%3D1&outFields=PCT_NUMBER&returnGeometry=true&outSR=4326&f=geojson
2485,89489e24a73ffff,2022-01-01,,JP3,2022-present,hex_point_on_surface,assigned,https://gis.wilco.org/arcgis/rest/services/public/adopted_county_precincts/MapServer/0/query?where=1%3D1&outFields=PCT_NUMBER&returnGeometry=true&outSR=4326&f=geojson
2486,89489e24a77ffff,2022-01-01,,JP3,2022-present,hex_point_on_surface,assigned,https://gis.wilco.org/arcgis/rest/services/public/adopted_county_precincts/MapServer/0/query?where=1%3D1&outFields=PCT_NUMBER&returnGeometry=true&outSR=4326&f=geojson
2487,89489e24a7bffff,2022-01-01,,JP3,2022-present,hex_point_on_surface,assigned,https://gis.wilco.org/arcgis/rest/services/public/adopted_county_precincts/MapServer/0/query?where=1%3D1&outFields=PCT_NUMBER&returnGeometry=true&outSR=4326&f=geojson
2488,89489e24a83ffff,2022-01-01,,JP1,2022-present,hex_point_on_surface,assigned,https://gis.wilco.org/arcgis/rest/services/public/adopted_county_precincts/MapServer/0/query?where=1%3D1&outFields=PCT_NUMBER&returnGeometry=true&outSR=4326&f=geojson
2489,89489e24a87ffff,2022-01-01,,JP1,2022-present,hex_point_on_surface,assigned,https://gis.wilco.org/arcgis/rest/services/public/adopted_county_precincts/MapServer/0/query?where=1%3D1&outFields=PCT_NUMBER&returnGeometry=true&outSR=4326&f=geojson
2490,89489e24a8bffff,2022-01-01,,JP1,2022-present,hex_point_on_surface,assigned,https://gis.wilco.org/arcgis/rest/services/public/adopted_county_precincts/MapServer/0/query?where=1%3D1&outFields=PCT_NUMBER&returnGeometry=true&outSR=4326&f=geojson
2491,89489e24a8fffff,2022-01-01,,JP1,2022-present,hex_point_on_surface,assigned,https://gis.wilco.org/arcgis/rest/services/public/adopted_county_precincts/MapServer/0/query?where=1%3D1&outFields=PCT_NUMBER&returnGeometry=true&outSR=4326&f=geojson
2492,89489e24a93ffff,2022-01-01,,JP1,2022-present,hex_point_on_surface,assigned,https://gis.wilco.org/arcgis/rest/services/public/adopted_county_precincts/MapServer/0/query?where=1%3D1&outFields=PCT_NUMBER&returnGeometry=true&outSR=4326&f=geojson
2493,89489e24a97ffff,2022-01-01,,JP1,2022-present,hex_point_on_surface,assigned,https://gis.wilco.org/arcgis/rest/services/public/adopted_county_precincts/MapServer/0/query?where=1%3D1&outFields=PCT_NUMBER&returnGeometry=true&outSR=4326&f=geojson
2494,89489e24a9bffff,2022-01-01,,JP3,2022-present,hex_point_on_surface,assigned,https://gis.wilco.org/arcgis/rest/services/public/adopted_county_precincts/MapServer/0/query?where=1%3D1&outFields=PCT_NUMBER&returnGeometry=true&outSR=4326&f=geojson
2495,89489e24aa3ffff,2022-01-01,,JP3,2022-present,hex_point_on_surface,assigned,https://gis.wilco.org/arcgis/rest/services/public/adopted_county_precincts/MapServer/0/query?where=1%3D1&outFields=PCT_NUMBER&returnGeometry=true&outSR=4326&f=geojson
2496,89489e24aa7ffff,2022-01-01,,JP3,2022-present,hex_point_on_surface,assigned,https://gis.wilco.org/arcgis/rest/services/public/adopted_county_precincts/MapServer/0/query?where=1%3D1&outFields=PCT_NUMBER&returnGeometry=true&outSR=4326&f=geojson
2497,89489e24aabffff,2022-01-01,,JP3,2022-present,hex_point_on_surface,assigned,https://gis.wilco.org/arcgis/rest/services/public/adopted_county_precincts/MapServer/0/query?where=1%3D1&outFields=PCT_NUMBER&returnGeometry=true&outSR=4326&f=geojson
2498,89489e24aafffff,2022-01-01,,JP3,2022-present,hex_point_on_surface,assigned,https://gis.wilco.org/arcgis/rest/services/public/adopted_county_precincts/MapServer/0/query?where=1%3D1&outFields=PCT_NUMBER&returnGeometry=true&outSR=4326&f=geojson
2499,89489e24ab3ffff,2022-01-01,,JP1,2022-present,hex_point_on_surface,assigned,https://gis.wilco.org/arcgis/rest/services/public/adopted_county_precincts/MapServer/0/query?where=1%3D1&outFields=PCT_NUMBER&returnGeometry=true&outSR=4326&f=geojson
2500,89489e24ab7ffff,2022-01-01,,JP3,2022-present,hex_point_on_surface,assigned,https://gis.wilco.org/arcgis/rest/services/public/adopted_county_precincts/MapServer/0/query?where=1%3D1&outFields=PCT_NUMBER&returnGeometry=true&outSR=4326&f=geojson
2501,89489e24abbffff,2022-01-01,,JP1,2022-present,hex_point_on_surface,assigned,https://gis.wilco.org/arcgis/rest/services/public/adopted_county_precincts/MapServer/0/query?where=1%3D1&outFields=PCT_NUMBER&returnGeometry=true&outSR=4326&f=geojson
2502,89489e24ad7ffff,2022-01-01,,JP1,2022-present,hex_point_on_surface,assigned,https://gis.wilco.org/arcgis/rest/services/public/adopted_county_precincts/MapServer/0/query?where=1%3D1&outFields=PCT_NUMBER&returnGeometry=true&outSR=4326&f=geojson
2503,89489e24c03ffff,2022-01-01,,JP1,2022-present,hex_point_on_surface,assigned,https://gis.wilco.org/arcgis/rest/services/public/adopted_county_precincts/MapServer/0/query?where=1%3D1&outFields=PCT_NUMBER&returnGeometry=true&outSR=4326&f=geojson
2504,89489e24c07ffff,2022-01-01,,JP1,2022-present,hex_point_on_surface,assigned,https://gis.wilco.org/arcgis/rest/services/public/adopted_county_precincts/MapServer/0/query?where=1%3D1&outFields=PCT_NUMBER&returnGeometry=true&outSR=4326&f=geojson
2505,89489e24c0bffff,2022-01-01,,JP1,2022-present,hex_point_on_surface,assigned,https://gis.wilco.org/arcgis/rest/services/public/adopted_county_precincts/MapServer/0/query?where=1%3D1&outFields=PCT_NUMBER&returnGeometry=true&outSR=4326&f=geojson
2506,89489e24c0fffff,2022-01-01,,JP1,2022-present,hex_point_on_surface,assigned,https://gis.wilco.org/arcgis/rest/services/public/adopted_county_precincts/MapServer/0/query?where=1%3D1&outFields=PCT_NUMBER&returnGeometry=true&outSR=4326&f=geojson
2507,89489e24c13ffff,2022-01-01,,JP1,2022-present,hex_point_on_surface,assigned,https://gis.wilco.org/arcgis/rest/services/public/adopted_county_precincts/MapServer/0/query?where=1%3D1&outFields=PCT_NUMBER&returnGeometry=true&outSR=4326&f=geojson
2508,89489e24c17ffff,2022-01-01,,JP1,2022-present,hex_point_on_surface,assigned,https://gis.wilco.org/arcgis/rest/services/public/adopted_county_precincts/MapServer/0/query?where=1%3D1&outFields=PCT_NUMBER&returnGeometry=true&outSR=4326&f=geojson
2509,89489e24c23ffff,2022-01-01,,JP1,2022-present,hex_point_on_surface,assigned,https://gis.wilco.org/arcgis/rest/services/public/adopted_county_precincts/MapServer/0/query?where=1%3D1&outFields=PCT_NUMBER&returnGeometry=true&outSR=4326&f=geojson
2510,89489e24c27ffff,2022-01-01,,JP1,2022-present,hex_point_on_surface,assigned,https://gis.wilco.org/arcgis/rest/services/public/adopted_county_precincts/MapServer/0/query?where=1%3D1&outFields=PCT_NUMBER&returnGeometry=true&outSR=4326&f=geojson
2511,89489e24c2bffff,2022-01-01,,JP1,2022-present,hex_point_on_surface,assigned,https://gis.wilco.org/arcgis/rest/services/public/adopted_county_precincts/MapServer/0/query?where=1%3D1&outFields=PCT_NUMBER&returnGeometry=true&outSR=4326&f=geojson
2512,89489e24c2fffff,2022-01-01,,JP1,2022-present,hex_point_on_surface,assigned,https://gis.wilco.org/arcgis/rest/services/public/adopted_county_precincts/MapServer/0/query?where=1%3D1&outFields=PCT_NUMBER&returnGeometry=true&outSR=4326&f=geojson
2513,89489e24c33ffff,2022-01-01,,JP1,2022-present,hex_point_on_surface,assigned,https://gis.wilco.org/arcgis/rest/services/public/adopted_county_precincts/MapServer/0/query?where=1%3D1&outFields=PCT_NUMBER&returnGeometry=true&outSR=4326&f=geojson
2514,89489e24c37ffff,2022-01-01,,JP1,2022-present,hex_point_on_surface,assigned,https://gis.wilco.org/arcgis/rest/services/public/adopted_county_precincts/MapServer/0/query?where=1%3D1&outFields=PCT_NUMBER&returnGeometry=true&outSR=4326&f=geojson
2515,89489e24c3bffff,2022-01-01,,JP1,2022-present,hex_point_on_surface,assigned,https://gis.wilco.org/arcgis/rest/services/public/adopted_county_precincts/MapServer/0/query?where=1%3D1&outFields=PCT_NUMBER&returnGeometry=true&outSR=4326&f=geojson
2516,89489e24c63ffff,2022-01-01,,JP1,2022-present,hex_point_on_surface,assigned,https://gis.wilco.org/arcgis/rest/services/public/adopted_county_precincts/MapServer/0/query?where=1%3D1&outFields=PCT_NUMBER&returnGeometry=true&outSR=4326&f=geojson
2517,89489e24c67ffff,2022-01-01,,JP1,2022-present,hex_point_on_surface,assigned,https://gis.wilco.org/arcgis/rest/services/public/adopted_county_precincts/MapServer/0/query?where=1%3D1&outFields=PCT_NUMBER&returnGeometry=true&outSR=4326&f=geojson
2518,89489e24c6bffff,2022-01-01,,JP1,2022-present,hex_point_on_surface,assigned,https://gis.wilco.org/arcgis/rest/services/public/adopted_county_precincts/MapServer/0/query?where=1%3D1&outFields=PCT_NUMBER&returnGeometry=true&outSR=4326&f=geojson
2519,89489e24c6fffff,2022-01-01,,JP1,2022-present,hex_point_on_surface,assigned,https://gis.wilco.org/arcgis/rest/services/public/adopted_county_precincts/MapServer/0/query?where=1%3D1&outFields=PCT_NUMBER&returnGeometry=true&outSR=4326&f=geojson
2520,89489e24c73ffff,2022-01-01,,JP1,2022-present,hex_point_on_surface,assigned,https://gis.wilco.org/arcgis/rest/services/public/adopted_county_precincts/MapServer/0/query?where=1%3D1&outFields=PCT_NUMBER&returnGeometry=true&outSR=4326&f=geojson
2521,89489e24c77ffff,2022-01-01,,JP1,2022-present,hex_point_on_surface,assigned,https://gis.wilco.org/arcgis/rest/services/public/adopted_county_precincts/MapServer/0/query?where=1%3D1&outFields=PCT_NUMBER&returnGeometry=true&outSR=4326&f=geojson
2522,89489e24c7bffff,2022-01-01,,JP1,2022-present,hex_point_on_surface,assigned,https://gis.wilco.org/arcgis/rest/services/public/adopted_county_precincts/MapServer/0/query?where=1%3D1&outFields=PCT_NUMBER&returnGeometry=true&outSR=4326&f=geojson
2523,89489e24c83ffff,2022-01-01,,JP1,2022-present,hex_point_on_surface,assigned,https://gis.wilco.org/arcgis/rest/services/public/adopted_county_precincts/MapServer/0/query?where=1%3D1&outFields=PCT_NUMBER&returnGeometry=true&outSR=4326&f=geojson
2524,89489e24c87ffff,2022-01-01,,JP1,2022-present,hex_point_on_surface,assigned,https://gis.wilco.org/arcgis/rest/services/public/adopted_county_precincts/MapServer/0/query?where=1%3D1&outFields=PCT_NUMBER&returnGeometry=true&outSR=4326&f=geojson
2525,89489e24c8bffff,2022-01-01,,JP1,2022-present,hex_point_on_surface,assigned,https://gis.wilco.org/arcgis/rest/services/public/adopted_county_precincts/MapServer/0/query?where=1%3D1&outFields=PCT_NUMBER&returnGeometry=true&outSR=4326&f=geojson
2526,89489e24c8fffff,2022-01-01,,JP1,2022-present,hex_point_on_surface,assigned,https://gis.wilco.org/arcgis/rest/services/public/adopted_county_precincts/MapServer/0/query?where=1%3D1&outFields=PCT_NUMBER&returnGeometry=true&outSR=4326&f=geojson
2527,89489e24c93ffff,2022-01-01,,JP1,2022-present,hex_point_on_surface,assigned,https://gis.wilco.org/arcgis/rest/services/public/adopted_county_precincts/MapServer/0/query?where=1%3D1&outFields=PCT_NUMBER&returnGeometry=true&outSR=4326&f=geojson
2528,89489e24c97ffff,2022-01-01,,JP1,2022-present,hex_point_on_surface,assigned,https://gis.wilco.org/arcgis/rest/services/public/adopted_county_precincts/MapServer/0/query?where=1%3D1&outFields=PCT_NUMBER&returnGeometry=true&outSR=4326&f=geojson
2529,89489e24ca3ffff,2022-01-01,,JP1,2022-present,hex_point_on_surface,assigned,https://gis.wilco.org/arcgis/rest/services/public/adopted_county_precincts/MapServer/0/query?where=1%3D1&outFields=PCT_NUMBER&returnGeometry=true&outSR=4326&f=geojson
2530,89489e24ca7ffff,2022-01-01,,JP1,2022-present,hex_point_on_surface,assigned,https://gis.wilco.org/arcgis/rest/services/public/adopted_county_precincts/MapServer/0/query?where=1%3D1&outFields=PCT_NUMBER&returnGeometry=true&outSR=4326&f=geojson
2531,89489e24cabffff,2022-01-01,,JP1,2022-present,hex_point_on_surface,assigned,https://gis.wilco.org/arcgis/rest/services/public/adopted_county_precincts/MapServer/0/query?where=1%3D1&outFields=PCT_NUMBER&returnGeometry=true&outSR=4326&f=geojson
2532,89489e24cafffff,2022-01-01,,JP1,2022-present,hex_point_on_surface,assigned,https://gis.wilco.org/arcgis/rest/services/public/adopted_county_precincts/MapServer/0/query?where=1%3D1&outFields=PCT_NUMBER&returnGeometry=true&outSR=4326&f=geojson
2533,89489e24cb3ffff,2022-01-01,,JP1,2022-present,hex_point_on_surface,assigned,https://gis.wilco.org/arcgis/rest/services/public/adopted_county_precincts/MapServer/0/query?where=1%3D1&outFields=PCT_NUMBER&returnGeometry=true&outSR=4326&f=geojson
2534,89489e24cb7ffff,2022-01-01,,JP1,2022-present,hex_point_on_surface,assigned,https://gis.wilco.org/arcgis/rest/services/public/adopted_county_precincts/MapServer/0/query?where=1%3D1&outFields=PCT_NUMBER&returnGeometry=true&outSR=4326&f=geojson
2535,89489e24cbbffff,2022-01-01,,JP1,2022-present,hex_point_on_surface,assigned,https://gis.wilco.org/arcgis/rest/services/public/adopted_county_precincts/MapServer/0/query?where=1%3D1&outFields=PCT_NUMBER&returnGeometry=true&outSR=4326&f=geojson
2536,89489e24cdbffff,2022-01-01,,JP1,2022-present,hex_point_on_surface,assigned,https://gis.wilco.org/arcgis/rest/services/public/adopted_county_precincts/MapServer/0/query?where=1%3D1&outFields=PCT_NUMBER&returnGeometry=true&outSR=4326&f=geojson
2537,89489e24d03ffff,2022-01-01,,JP1,2022-present,hex_point_on_surface,assigned,https://gis.wilco.org/arcgis/rest/services/public/adopted_county_precincts/MapServer/0/query?where=1%3D1&outFields=PCT_NUMBER&returnGeometry=true&outSR=4326&f=geojson
2538,89489e24d0bffff,2022-01-01,,JP1,2022-present,hex_point_on_surface,assigned,https://gis.wilco.org/arcgis/rest/services/public/adopted_county_precincts/MapServer/0/query?where=1%3D1&outFields=PCT_NUMBER&returnGeometry=true&outSR=4326&f=geojson
2539,89489e24d0fffff,2022-01-01,,JP2,2022-present,hex_point_on_surface,assigned,https://gis.wilco.org/arcgis/rest/services/public/adopted_county_precincts/MapServer/0/query?where=1%3D1&outFields=PCT_NUMBER&returnGeometry=true&outSR=4326&f=geojson
2540,89489e24d1bffff,2022-01-01,,JP1,2022-present,hex_point_on_surface,assigned,https://gis.wilco.org/arcgis/rest/services/public/adopted_county_precincts/MapServer/0/query?where=1%3D1&outFields=PCT_NUMBER&returnGeometry=true&outSR=4326&f=geojson
2541,89489e24d43ffff,2022-01-01,,JP1,2022-present,hex_point_on_surface,assigned,https://gis.wilco.org/arcgis/rest/services/public/adopted_county_precincts/MapServer/0/query?where=1%3D1&outFields=PCT_NUMBER&returnGeometry=true&outSR=4326&f=geojson
2542,89489e24d47ffff,2022-01-01,,JP1,2022-present,hex_point_on_surface,assigned,https://gis.wilco.org/arcgis/rest/services/public/adopted_county_precincts/MapServer/0/query?where=1%3D1&outFields=PCT_NUMBER&returnGeometry=true&outSR=4326&f=geojson
2543,89489e24d4bffff,2022-01-01,,JP1,2022-present,hex_point_on_surface,assigned,https://gis.wilco.org/arcgis/rest/services/public/adopted_county_precincts/MapServer/0/query?where=1%3D1&outFields=PCT_NUMBER&returnGeometry=true&outSR=4326&f=geojson
2544,89489e24d4fffff,2022-01-01,,JP1,2022-present,hex_point_on_surface,assigned,https://gis.wilco.org/arcgis/rest/services/public/adopted_county_precincts/MapServer/0/query?where=1%3D1&outFields=PCT_NUMBER&returnGeometry=true&outSR=4326&f=geojson
2545,89489e24d53ffff,2022-01-01,,JP1,2022-present,hex_point_on_surface,assigned,https://gis.wilco.org/arcgis/rest/services/public/adopted_county_precincts/MapServer/0/query?where=1%3D1&outFields=PCT_NUMBER&returnGeometry=true&outSR=4326&f=geojson
2546,89489e24d57ffff,2022-01-01,,JP1,2022-present,hex_point_on_surface,assigned,https://gis.wilco.org/arcgis/rest/services/public/adopted_county_precincts/MapServer/0/query?where=1%3D1&outFields=PCT_NUMBER&returnGeometry=true&outSR=4326&f=geojson
2547,89489e24d5bffff,2022-01-01,,JP1,2022-present,hex_point_on_surface,assigned,https://gis.wilco.org/arcgis/rest/services/public/adopted_county_precincts/MapServer/0/query?where=1%3D1&outFields=PCT_NUMBER&returnGeometry=true&outSR=4326&f=geojson
2548,89489e24d63ffff,2022-01-01,,JP1,2022-present,hex_point_on_surface,assigned,https://gis.wilco.org/arcgis/rest/services/public/adopted_county_precincts/MapServer/0/query?where=1%3D1&outFields=PCT_NUMBER&returnGeometry=true&outSR=4326&f=geojson
2549,89489e24d67ffff,2022-01-01,,JP2,2022-present,hex_point_on_surface,assigned,https://gis.wilco.org/arcgis/rest/services/public/adopted_county_precincts/MapServer/0/query?where=1%3D1&outFields=PCT_NUMBER&returnGeometry=true&outSR=4326&f=geojson
2550,89489e24d6bffff,2022-01-01,,JP1,2022-present,hex_point_on_surface,assigned,https://gis.wilco.org/arcgis/rest/services/public/adopted_county_precincts/MapServer/0/query?where=1%3D1&outFields=PCT_NUMBER&returnGeometry=true&outSR=4326&f=geojson
2551,89489e24d6fffff,2022-01-01,,JP1,2022-present,hex_point_on_surface,assigned,https://gis.wilco.org/arcgis/rest/services/public/adopted_county_precincts/MapServer/0/query?where=1%3D1&outFields=PCT_NUMBER&returnGeometry=true&outSR=4326&f=geojson
2552,89489e24d73ffff,2022-01-01,,JP1,2022-present,hex_point_on_surface,assigned,https://gis.wilco.org/arcgis/rest/services/public/adopted_county_precincts/MapServer/0/query?where=1%3D1&outFields=PCT_NUMBER&returnGeometry=true&outSR=4326&f=geojson
2553,89489e24d77ffff,2022-01-01,,JP2,2022-present,hex_point_on_surface,assigned,https://gis.wilco.org/arcgis/rest/services/public/adopted_county_precincts/MapServer/0/query?where=1%3D1&outFields=PCT_NUMBER&returnGeometry=true&outSR=4326&f=geojson
2554,89489e24d7bffff,2022-01-01,,JP1,2022-present,hex_point_on_surface,assigned,https://gis.wilco.org/arcgis/rest/services/public/adopted_county_precincts/MapServer/0/query?where=1%3D1&outFields=PCT_NUMBER&returnGeometry=true&outSR=4326&f=geojson
2555,89489e24d83ffff,2022-01-01,,JP1,2022-present,hex_point_on_surface,assigned,https://gis.wilco.org/arcgis/rest/services/public/adopted_county_precincts/MapServer/0/query?where=1%3D1&outFields=PCT_NUMBER&returnGeometry=true&outSR=4326&f=geojson
2556,89489e24d8bffff,2022-01-01,,JP1,2022-present,hex_point_on_surface,assigned,https://gis.wilco.org/arcgis/rest/services/public/adopted_county_precincts/MapServer/0/query?where=1%3D1&outFields=PCT_NUMBER&returnGeometry=true&outSR=4326&f=geojson
2557,89489e24d93ffff,2022-01-01,,JP1,2022-present,hex_point_on_surface,assigned,https://gis.wilco.org/arcgis/rest/services/public/adopted_county_precincts/MapServer/0/query?where=1%3D1&outFields=PCT_NUMBER&returnGeometry=true&outSR=4326&f=geojson
2558,89489e24d97ffff,2022-01-01,,JP1,2022-present,hex_point_on_surface,assigned,https://gis.wilco.org/arcgis/rest/services/public/adopted_county_precincts/MapServer/0/query?where=1%3D1&outFields=PCT_NUMBER&returnGeometry=true&outSR=4326&f=geojson
2559,89489e24d9bffff,2022-01-01,,JP1,2022-present,hex_point_on_surface,assigned,https://gis.wilco.org/arcgis/rest/services/public/adopted_county_precincts/MapServer/0/query?where=1%3D1&outFields=PCT_NUMBER&returnGeometry=true&outSR=4326&f=geojson
2560,89489e24dc3ffff,2022-01-01,,JP1,2022-present,hex_point_on_surface,assigned,https://gis.wilco.org/arcgis/rest/services/public/adopted_county_precincts/MapServer/0/query?where=1%3D1&outFields=PCT_NUMBER&returnGeometry=true&outSR=4326&f=geojson
2561,89489e24dc7ffff,2022-01-01,,JP1,2022-present,hex_point_on_surface,assigned,https://gis.wilco.org/arcgis/rest/services/public/adopted_county_precincts/MapServer/0/query?where=1%3D1&outFields=PCT_NUMBER&returnGeometry=true&outSR=4326&f=geojson
2562,89489e24dcbffff,2022-01-01,,JP1,2022-present,hex_point_on_surface,assigned,https://gis.wilco.org/arcgis/rest/services/public/adopted_county_precincts/MapServer/0/query?where=1%3D1&outFields=PCT_NUMBER&returnGeometry=true&outSR=4326&f=geojson
2563,89489e24dcfffff,2022-01-01,,JP1,2022-present,hex_point_on_surface,assigned,https://gis.wilco.org/arcgis/rest/services/public/adopted_county_precincts/MapServer/0/query?where=1%3D1&outFields=PCT_NUMBER&returnGeometry=true&outSR=4326&f=geojson
2564,89489e24dd3ffff,2022-01-01,,JP1,2022-present,hex_point_on_surface,assigned,https://gis.wilco.org/arcgis/rest/services/public/adopted_county_precincts/MapServer/0/query?where=1%3D1&outFields=PCT_NUMBER&returnGeometry=true&outSR=4326&f=geojson
2565,89489e24dd7ffff,2022-01-01,,JP1,2022-present,hex_point_on_surface,assigned,https://gis.wilco.org/arcgis/rest/services/public/adopted_county_precincts/MapServer/0/query?where=1%3D1&outFields=PCT_NUMBER&returnGeometry=true&outSR=4326&f=geojson
2566,89489e24ddbffff,2022-01-01,,JP1,2022-present,hex_point_on_surface,assigned,https://gis.wilco.org/arcgis/rest/services/public/adopted_county_precincts/MapServer/0/query?where=1%3D1&outFields=PCT_NUMBER&returnGeometry=true&outSR=4326&f=geojson
2567,89489e24e03ffff,2022-01-01,,JP3,2022-present,hex_point_on_surface,assigned,https://gis.wilco.org/arcgis/rest/services/public/adopted_county_precincts/MapServer/0/query?where=1%3D1&outFields=PCT_NUMBER&returnGeometry=true&outSR=4326&f=geojson
2568,89489e24e0bffff,2022-01-01,,JP3,2022-present,hex_point_on_surface,assigned,https://gis.wilco.org/arcgis/rest/services/public/adopted_county_precincts/MapServer/0/query?where=1%3D1&outFields=PCT_NUMBER&returnGeometry=true&outSR=4326&f=geojson
2569,89489e24e13ffff,2022-01-01,,JP1,2022-present,hex_point_on_surface,assigned,https://gis.wilco.org/arcgis/rest/services/public/adopted_county_precincts/MapServer/0/query?where=1%3D1&outFields=PCT_NUMBER&returnGeometry=true&outSR=4326&f=geojson
2570,89489e24e17ffff,2022-01-01,,JP1,2022-present,hex_point_on_surface,assigned,https://gis.wilco.org/arcgis/rest/services/public/adopted_county_precincts/MapServer/0/query?where=1%3D1&outFields=PCT_NUMBER&returnGeometry=true&outSR=4326&f=geojson
2571,89489e24e1bffff,2022-01-01,,JP1,2022-present,hex_point_on_surface,assigned,https://gis.wilco.org/arcgis/rest/services/public/adopted_county_precincts/MapServer/0/query?where=1%3D1&outFields=PCT_NUMBER&returnGeometry=true&outSR=4326&f=geojson
2572,89489e24e23ffff,2022-01-01,,JP1,2022-present,hex_point_on_surface,assigned,https://gis.wilco.org/arcgis/rest/services/public/adopted_county_precincts/MapServer/0/query?where=1%3D1&outFields=PCT_NUMBER&returnGeometry=true&outSR=4326&f=geojson
2573,89489e24e27ffff,2022-01-01,,JP1,2022-present,hex_point_on_surface,assigned,https://gis.wilco.org/arcgis/rest/services/public/adopted_county_precincts/MapServer/0/query?where=1%3D1&outFields=PCT_NUMBER&returnGeometry=true&outSR=4326&f=geojson
2574,89489e24e2bffff,2022-01-01,,JP1,2022-present,hex_point_on_surface,assigned,https://gis.wilco.org/arcgis/rest/services/public/adopted_county_precincts/MapServer/0/query?where=1%3D1&outFields=PCT_NUMBER&returnGeometry=true&outSR=4326&f=geojson
2575,89489e24e2fffff,2022-01-01,,JP1,2022-present,hex_point_on_surface,assigned,https://gis.wilco.org/arcgis/rest/services/public/adopted_county_precincts/MapServer/0/query?where=1%3D1&outFields=PCT_NUMBER&returnGeometry=true&outSR=4326&f=geojson
2576,89489e24e33ffff,2022-01-01,,JP1,2022-present,hex_point_on_surface,assigned,https://gis.wilco.org/arcgis/rest/services/public/adopted_county_precincts/MapServer/0/query?where=1%3D1&outFields=PCT_NUMBER&returnGeometry=true&outSR=4326&f=geojson
2577,89489e24e37ffff,2022-01-01,,JP1,2022-present,hex_point_on_surface,assigned,https://gis.wilco.org/arcgis/rest/services/public/adopted_county_precincts/MapServer/0/query?where=1%3D1&outFields=PCT_NUMBER&returnGeometry=true&outSR=4326&f=geojson
2578,89489e24e3bffff,2022-01-01,,JP1,2022-present,hex_point_on_surface,assigned,https://gis.wilco.org/arcgis/rest/services/public/adopted_county_precincts/MapServer/0/query?where=1%3D1&outFields=PCT_NUMBER&returnGeometry=true&outSR=4326&f=geojson
2579,89489e24e43ffff,2022-01-01,,JP3,2022-present,hex_point_on_surface,assigned,https://gis.wilco.org/arcgis/rest/services/public/adopted_county_precincts/MapServer/0/query?where=1%3D1&outFields=PCT_NUMBER&returnGeometry=true&outSR=4326&f=geojson
2580,89489e24e47ffff,2022-01-01,,JP3,2022-present,hex_point_on_surface,assigned,https://gis.wilco.org/arcgis/rest/services/public/adopted_county_precincts/MapServer/0/query?where=1%3D1&outFields=PCT_NUMBER&returnGeometry=true&outSR=4326&f=geojson
2581,89489e24e4bffff,2022-01-01,,JP3,2022-present,hex_point_on_surface,assigned,https://gis.wilco.org/arcgis/rest/services/public/adopted_county_precincts/MapServer/0/query?where=1%3D1&outFields=PCT_NUMBER&returnGeometry=true&outSR=4326&f=geojson
2582,89489e24e4fffff,2022-01-01,,JP3,2022-present,hex_point_on_surface,assigned,https://gis.wilco.org/arcgis/rest/services/public/adopted_county_precincts/MapServer/0/query?where=1%3D1&outFields=PCT_NUMBER&returnGeometry=true&outSR=4326&f=geojson
2583,89489e24e53ffff,2022-01-01,,JP3,2022-present,hex_point_on_surface,assigned,https://gis.wilco.org/arcgis/rest/services/public/adopted_county_precincts/MapServer/0/query?where=1%3D1&outFields=PCT_NUMBER&returnGeometry=true&outSR=4326&f=geojson
2584,89489e24e57ffff,2022-01-01,,JP3,2022-present,hex_point_on_surface,assigned,https://gis.wilco.org/arcgis/rest/services/public/adopted_county_precincts/MapServer/0/query?where=1%3D1&outFields=PCT_NUMBER&returnGeometry=true&outSR=4326&f=geojson
2585,89489e24e5bffff,2022-01-01,,JP3,2022-present,hex_point_on_surface,assigned,https://gis.wilco.org/arcgis/rest/services/public/adopted_county_precincts/MapServer/0/query?where=1%3D1&outFields=PCT_NUMBER&returnGeometry=true&outSR=4326&f=geojson
2586,89489e24e63ffff,2022-01-01,,JP3,2022-present,hex_point_on_surface,assigned,https://gis.wilco.org/arcgis/rest/services/public/adopted_county_precincts/MapServer/0/query?where=1%3D1&outFields=PCT_NUMBER&returnGeometry=true&outSR=4326&f=geojson
2587,89489e24e67ffff,2022-01-01,,JP1,2022-present,hex_point_on_surface,assigned,https://gis.wilco.org/arcgis/rest/services/public/adopted_county_precincts/MapServer/0/query?where=1%3D1&outFields=PCT_NUMBER&returnGeometry=true&outSR=4326&f=geojson
2588,89489e24e6bffff,2022-01-01,,JP3,2022-present,hex_point_on_surface,assigned,https://gis.wilco.org/arcgis/rest/services/public/adopted_county_precincts/MapServer/0/query?where=1%3D1&outFields=PCT_NUMBER&returnGeometry=true&outSR=4326&f=geojson
2589,89489e24e6fffff,2022-01-01,,JP3,2022-present,hex_point_on_surface,assigned,https://gis.wilco.org/arcgis/rest/services/public/adopted_county_precincts/MapServer/0/query?where=1%3D1&outFields=PCT_NUMBER&returnGeometry=true&outSR=4326&f=geojson
2590,89489e24e77ffff,2022-01-01,,JP1,2022-present,hex_point_on_surface,assigned,https://gis.wilco.org/arcgis/rest/services/public/adopted_county_precincts/MapServer/0/query?where=1%3D1&outFields=PCT_NUMBER&returnGeometry=true&outSR=4326&f=geojson
2591,89489e24e8bffff,2022-01-01,,JP1,2022-present,hex_point_on_surface,assigned,https://gis.wilco.org/arcgis/rest/services/public/adopted_county_precincts/MapServer/0/query?where=1%3D1&outFields=PCT_NUMBER&returnGeometry=true&outSR=4326&f=geojson
2592,89489e24ea3ffff,2022-01-01,,JP1,2022-present,hex_point_on_surface,assigned,https://gis.wilco.org/arcgis/rest/services/public/adopted_county_precincts/MapServer/0/query?where=1%3D1&outFields=PCT_NUMBER&returnGeometry=true&outSR=4326&f=geojson
2593,89489e24ea7ffff,2022-01-01,,JP1,2022-present,hex_point_on_surface,assigned,https://gis.wilco.org/arcgis/rest/services/public/adopted_county_precincts/MapServer/0/query?where=1%3D1&outFields=PCT_NUMBER&returnGeometry=true&outSR=4326&f=geojson
2594,89489e24eabffff,2022-01-01,,JP1,2022-present,hex_point_on_surface,assigned,https://gis.wilco.org/arcgis/rest/services/public/adopted_county_precincts/MapServer/0/query?where=1%3D1&outFields=PCT_NUMBER&returnGeometry=true&outSR=4326&f=geojson
2595,89489e24eafffff,2022-01-01,,JP1,2022-present,hex_point_on_surface,assigned,https://gis.wilco.org/arcgis/rest/services/public/adopted_county_precincts/MapServer/0/query?where=1%3D1&outFields=PCT_NUMBER&returnGeometry=true&outSR=4326&f=geojson
2596,89489e24eb7ffff,2022-01-01,,JP1,2022-present,hex_point_on_surface,assigned,https://gis.wilco.org/arcgis/rest/services/public/adopted_county_precincts/MapServer/0/query?where=1%3D1&outFields=PCT_NUMBER&returnGeometry=true&outSR=4326&f=geojson
2597,89489e24ebbffff,2022-01-01,,JP1,2022-present,hex_point_on_surface,assigned,https://gis.wilco.org/arcgis/rest/services/public/adopted_county_precincts/MapServer/0/query?where=1%3D1&outFields=PCT_NUMBER&returnGeometry=true&outSR=4326&f=geojson
2598,89489e24ec3ffff,2022-01-01,,JP1,2022-present,hex_point_on_surface,assigned,https://gis.wilco.org/arcgis/rest/services/public/adopted_county_precincts/MapServer/0/query?where=1%3D1&outFields=PCT_NUMBER&returnGeometry=true&outSR=4326&f=geojson
2599,89489e24ec7ffff,2022-01-01,,JP1,2022-present,hex_point_on_surface,assigned,https://gis.wilco.org/arcgis/rest/services/public/adopted_county_precincts/MapServer/0/query?where=1%3D1&outFields=PCT_NUMBER&returnGeometry=true&outSR=4326&f=geojson
2600,89489e24ecbffff,2022-01-01,,JP1,2022-present,hex_point_on_surface,assigned,https://gis.wilco.org/arcgis/rest/services/public/adopted_county_precincts/MapServer/0/query?where=1%3D1&outFields=PCT_NUMBER&returnGeometry=true&outSR=4326&f=geojson
2601,89489e24ecfffff,2022-01-01,,JP1,2022-present,hex_point_on_surface,assigned,https://gis.wilco.org/arcgis/rest/services/public/adopted_county_precincts/MapServer/0/query?where=1%3D1&outFields=PCT_NUMBER&returnGeometry=true&outSR=4326&f=geojson
2602,89489e24ed3ffff,2022-01-01,,JP1,2022-present,hex_point_on_surface,assigned,https://gis.wilco.org/arcgis/rest/services/public/adopted_county_precincts/MapServer/0/query?where=1%3D1&outFields=PCT_NUMBER&returnGeometry=true&outSR=4326&f=geojson
2603,89489e24ed7ffff,2022-01-01,,JP1,2022-present,hex_point_on_surface,assigned,https://gis.wilco.org/arcgis/rest/services/public/adopted_county_precincts/MapServer/0/query?where=1%3D1&outFields=PCT_NUMBER&returnGeometry=true&outSR=4326&f=geojson
2604,89489e24edbffff,2022-01-01,,JP1,2022-present,hex_point_on_surface,assigned,https://gis.wilco.org/arcgis/rest/services/public/adopted_county_precincts/MapServer/0/query?where=1%3D1&outFields=PCT_NUMBER&returnGeometry=true&outSR=4326&f=geojson
2617,89489e25127ffff,2022-01-01,,JP1,2022-present,hex_point_on_surface,assigned,https://gis.wilco.org/arcgis/rest/services/public/adopted_county_precincts/MapServer/0/query?where=1%3D1&outFields=PCT_NUMBER&returnGeometry=true&outSR=4326&f=geojson
2618,89489e2512fffff,2022-01-01,,JP1,2022-present,hex_point_on_surface,assigned,https://gis.wilco.org/arcgis/rest/services/public/adopted_county_precincts/MapServer/0/query?where=1%3D1&outFields=PCT_NUMBER&returnGeometry=true&outSR=4326&f=geojson
2619,89489e25133ffff,2022-01-01,,JP1,2022-present,hex_point_on_surface,assigned,https://gis.wilco.org/arcgis/rest/services/public/adopted_county_precincts/MapServer/0/query?where=1%3D1&outFields=PCT_NUMBER&returnGeometry=true&outSR=4326&f=geojson
2620,89489e25137ffff,2022-01-01,,JP1,2022-present,hex_point_on_surface,assigned,https://gis.wilco.org/arcgis/rest/services/public/adopted_county_precincts/MapServer/0/query?where=1%3D1&outFields=PCT_NUMBER&returnGeometry=true&outSR=4326&f=geojson
2626,89489e251a7ffff,2022-01-01,,,2022-present,hex_point_on_surface,outside_official_precinct_geometry,https://gis.wilco.org/arcgis/rest/services/public/adopted_county_precincts/MapServer/0/query?where=1%3D1&outFields=PCT_NUMBER&returnGeometry=true&outSR=4326&f=geojson
2628,89489e251afffff,2022-01-01,,JP1,2022-present,hex_point_on_surface,assigned,https://gis.wilco.org/arcgis/rest/services/public/adopted_county_precincts/MapServer/0/query?where=1%3D1&outFields=PCT_NUMBER&returnGeometry=true&outSR=4326&f=geojson
2726,89489e25817ffff,2022-01-01,,JP3,2022-present,hex_point_on_surface,assigned,https://gis.wilco.org/arcgis/rest/services/public/adopted_county_precincts/MapServer/0/query?where=1%3D1&outFields=PCT_NUMBER&returnGeometry=true&outSR=4326&f=geojson
2727,89489e25827ffff,2022-01-01,,JP3,2022-present,hex_point_on_surface,assigned,https://gis.wilco.org/arcgis/rest/services/public/adopted_county_precincts/MapServer/0/query?where=1%3D1&outFields=PCT_NUMBER&returnGeometry=true&outSR=4326&f=geojson
2728,89489e25833ffff,2022-01-01,,JP3,2022-present,hex_point_on_surface,assigned,https://gis.wilco.org/arcgis/rest/services/public/adopted_county_precincts/MapServer/0/query?where=1%3D1&outFields=PCT_NUMBER&returnGeometry=true&outSR=4326&f=geojson
2729,89489e25837ffff,2022-01-01,,JP3,2022-present,hex_point_on_surface,assigned,https://gis.wilco.org/arcgis/rest/services/public/adopted_county_precincts/MapServer/0/query?where=1%3D1&outFields=PCT_NUMBER&returnGeometry=true&outSR=4326&f=geojson
2730,89489e25883ffff,2022-01-01,,JP3,2022-present,hex_point_on_surface,assigned,https://gis.wilco.org/arcgis/rest/services/public/adopted_county_precincts/MapServer/0/query?where=1%3D1&outFields=PCT_NUMBER&returnGeometry=true&outSR=4326&f=geojson
2731,89489e25887ffff,2022-01-01,,JP3,2022-present,hex_point_on_surface,assigned,https://gis.wilco.org/arcgis/rest/services/public/adopted_county_precincts/MapServer/0/query?where=1%3D1&outFields=PCT_NUMBER&returnGeometry=true&outSR=4326&f=geojson
2732,89489e2588bffff,2022-01-01,,JP3,2022-present,hex_point_on_surface,assigned,https://gis.wilco.org/arcgis/rest/services/public/adopted_county_precincts/MapServer/0/query?where=1%3D1&outFields=PCT_NUMBER&returnGeometry=true&outSR=4326&f=geojson
2733,89489e2588fffff,2022-01-01,,JP3,2022-present,hex_point_on_surface,assigned,https://gis.wilco.org/arcgis/rest/services/public/adopted_county_precincts/MapServer/0/query?where=1%3D1&outFields=PCT_NUMBER&returnGeometry=true&outSR=4326&f=geojson
2734,89489e25893ffff,2022-01-01,,JP3,2022-present,hex_point_on_surface,assigned,https://gis.wilco.org/arcgis/rest/services/public/adopted_county_precincts/MapServer/0/query?where=1%3D1&outFields=PCT_NUMBER&returnGeometry=true&outSR=4326&f=geojson
2735,89489e25897ffff,2022-01-01,,JP3,2022-present,hex_point_on_surface,assigned,https://gis.wilco.org/arcgis/rest/services/public/adopted_county_precincts/MapServer/0/query?where=1%3D1&outFields=PCT_NUMBER&returnGeometry=true&outSR=4326&f=geojson
2736,89489e2589bffff,2022-01-01,,JP3,2022-present,hex_point_on_surface,assigned,https://gis.wilco.org/arcgis/rest/services/public/adopted_county_precincts/MapServer/0/query?where=1%3D1&outFields=PCT_NUMBER&returnGeometry=true&outSR=4326&f=geojson
2737,89489e258a3ffff,2022-01-01,,JP3,2022-present,hex_point_on_surface,assigned,https://gis.wilco.org/arcgis/rest/services/public/adopted_county_precincts/MapServer/0/query?where=1%3D1&outFields=PCT_NUMBER&returnGeometry=true&outSR=4326&f=geojson
2738,89489e258a7ffff,2022-01-01,,JP3,2022-present,hex_point_on_surface,assigned,https://gis.wilco.org/arcgis/rest/services/public/adopted_county_precincts/MapServer/0/query?where=1%3D1&outFields=PCT_NUMBER&returnGeometry=true&outSR=4326&f=geojson
2739,89489e258abffff,2022-01-01,,JP3,2022-present,hex_point_on_surface,assigned,https://gis.wilco.org/arcgis/rest/services/public/adopted_county_precincts/MapServer/0/query?where=1%3D1&outFields=PCT_NUMBER&returnGeometry=true&outSR=4326&f=geojson
2740,89489e258afffff,2022-01-01,,JP3,2022-present,hex_point_on_surface,assigned,https://gis.wilco.org/arcgis/rest/services/public/adopted_county_precincts/MapServer/0/query?where=1%3D1&outFields=PCT_NUMBER&returnGeometry=true&outSR=4326&f=geojson
2741,89489e258b3ffff,2022-01-01,,JP3,2022-present,hex_point_on_surface,assigned,https://gis.wilco.org/arcgis/rest/services/public/adopted_county_precincts/MapServer/0/query?where=1%3D1&outFields=PCT_NUMBER&returnGeometry=true&outSR=4326&f=geojson
2742,89489e258bbffff,2022-01-01,,JP3,2022-present,hex_point_on_surface,assigned,https://gis.wilco.org/arcgis/rest/services/public/adopted_county_precincts/MapServer/0/query?where=1%3D1&outFields=PCT_NUMBER&returnGeometry=true&outSR=4326&f=geojson
2743,89489e25c03ffff,2022-01-01,,JP1,2022-present,hex_point_on_surface,assigned,https://gis.wilco.org/arcgis/rest/services/public/adopted_county_precincts/MapServer/0/query?where=1%3D1&outFields=PCT_NUMBER&returnGeometry=true&outSR=4326&f=geojson
2744,89489e25c07ffff,2022-01-01,,JP1,2022-present,hex_point_on_surface,assigned,https://gis.wilco.org/arcgis/rest/services/public/adopted_county_precincts/MapServer/0/query?where=1%3D1&outFields=PCT_NUMBER&returnGeometry=true&outSR=4326&f=geojson
2745,89489e25c0bffff,2022-01-01,,JP1,2022-present,hex_point_on_surface,assigned,https://gis.wilco.org/arcgis/rest/services/public/adopted_county_precincts/MapServer/0/query?where=1%3D1&outFields=PCT_NUMBER&returnGeometry=true&outSR=4326&f=geojson
2746,89489e25c0fffff,2022-01-01,,JP1,2022-present,hex_point_on_surface,assigned,https://gis.wilco.org/arcgis/rest/services/public/adopted_county_precincts/MapServer/0/query?where=1%3D1&outFields=PCT_NUMBER&returnGeometry=true&outSR=4326&f=geojson
2747,89489e25c13ffff,2022-01-01,,JP1,2022-present,hex_point_on_surface,assigned,https://gis.wilco.org/arcgis/rest/services/public/adopted_county_precincts/MapServer/0/query?where=1%3D1&outFields=PCT_NUMBER&returnGeometry=true&outSR=4326&f=geojson
2748,89489e25c17ffff,2022-01-01,,JP1,2022-present,hex_point_on_surface,assigned,https://gis.wilco.org/arcgis/rest/services/public/adopted_county_precincts/MapServer/0/query?where=1%3D1&outFields=PCT_NUMBER&returnGeometry=true&outSR=4326&f=geojson
2749,89489e25c1bffff,2022-01-01,,JP1,2022-present,hex_point_on_surface,assigned,https://gis.wilco.org/arcgis/rest/services/public/adopted_county_precincts/MapServer/0/query?where=1%3D1&outFields=PCT_NUMBER&returnGeometry=true&outSR=4326&f=geojson
2750,89489e25c23ffff,2022-01-01,,JP1,2022-present,hex_point_on_surface,assigned,https://gis.wilco.org/arcgis/rest/services/public/adopted_county_precincts/MapServer/0/query?where=1%3D1&outFields=PCT_NUMBER&returnGeometry=true&outSR=4326&f=geojson
2751,89489e25c2bffff,2022-01-01,,JP3,2022-present,hex_point_on_surface,assigned,https://gis.wilco.org/arcgis/rest/services/public/adopted_county_precincts/MapServer/0/query?where=1%3D1&outFields=PCT_NUMBER&returnGeometry=true&outSR=4326&f=geojson
2752,89489e25c2fffff,2022-01-01,,JP3,2022-present,hex_point_on_surface,assigned,https://gis.wilco.org/arcgis/rest/services/public/adopted_county_precincts/MapServer/0/query?where=1%3D1&outFields=PCT_NUMBER&returnGeometry=true&outSR=4326&f=geojson
2753,89489e25c33ffff,2022-01-01,,JP1,2022-present,hex_point_on_surface,assigned,https://gis.wilco.org/arcgis/rest/services/public/adopted_county_precincts/MapServer/0/query?where=1%3D1&outFields=PCT_NUMBER&returnGeometry=true&outSR=4326&f=geojson
2754,89489e25c3bffff,2022-01-01,,JP1,2022-present,hex_point_on_surface,assigned,https://gis.wilco.org/arcgis/rest/services/public/adopted_county_precincts/MapServer/0/query?where=1%3D1&outFields=PCT_NUMBER&returnGeometry=true&outSR=4326&f=geojson
2755,89489e25c43ffff,2022-01-01,,JP1,2022-present,hex_point_on_surface,assigned,https://gis.wilco.org/arcgis/rest/services/public/adopted_county_precincts/MapServer/0/query?where=1%3D1&outFields=PCT_NUMBER&returnGeometry=true&outSR=4326&f=geojson
2756,89489e25c47ffff,2022-01-01,,JP1,2022-present,hex_point_on_surface,assigned,https://gis.wilco.org/arcgis/rest/services/public/adopted_county_precincts/MapServer/0/query?where=1%3D1&outFields=PCT_NUMBER&returnGeometry=true&outSR=4326&f=geojson
2757,89489e25c4bffff,2022-01-01,,JP1,2022-present,hex_point_on_surface,assigned,https://gis.wilco.org/arcgis/rest/services/public/adopted_county_precincts/MapServer/0/query?where=1%3D1&outFields=PCT_NUMBER&returnGeometry=true&outSR=4326&f=geojson
2758,89489e25c4fffff,2022-01-01,,JP1,2022-present,hex_point_on_surface,assigned,https://gis.wilco.org/arcgis/rest/services/public/adopted_county_precincts/MapServer/0/query?where=1%3D1&outFields=PCT_NUMBER&returnGeometry=true&outSR=4326&f=geojson
2759,89489e25c53ffff,2022-01-01,,JP1,2022-present,hex_point_on_surface,assigned,https://gis.wilco.org/arcgis/rest/services/public/adopted_county_precincts/MapServer/0/query?where=1%3D1&outFields=PCT_NUMBER&returnGeometry=true&outSR=4326&f=geojson
2760,89489e25c57ffff,2022-01-01,,JP1,2022-present,hex_point_on_surface,assigned,https://gis.wilco.org/arcgis/rest/services/public/adopted_county_precincts/MapServer/0/query?where=1%3D1&outFields=PCT_NUMBER&returnGeometry=true&outSR=4326&f=geojson
2761,89489e25c5bffff,2022-01-01,,JP1,2022-present,hex_point_on_surface,assigned,https://gis.wilco.org/arcgis/rest/services/public/adopted_county_precincts/MapServer/0/query?where=1%3D1&outFields=PCT_NUMBER&returnGeometry=true&outSR=4326&f=geojson
2762,89489e25c63ffff,2022-01-01,,JP3,2022-present,hex_point_on_surface,assigned,https://gis.wilco.org/arcgis/rest/services/public/adopted_county_precincts/MapServer/0/query?where=1%3D1&outFields=PCT_NUMBER&returnGeometry=true&outSR=4326&f=geojson
2763,89489e25c67ffff,2022-01-01,,JP3,2022-present,hex_point_on_surface,assigned,https://gis.wilco.org/arcgis/rest/services/public/adopted_county_precincts/MapServer/0/query?where=1%3D1&outFields=PCT_NUMBER&returnGeometry=true&outSR=4326&f=geojson
2764,89489e25c6fffff,2022-01-01,,JP3,2022-present,hex_point_on_surface,assigned,https://gis.wilco.org/arcgis/rest/services/public/adopted_county_precincts/MapServer/0/query?where=1%3D1&outFields=PCT_NUMBER&returnGeometry=true&outSR=4326&f=geojson
2765,89489e25c73ffff,2022-01-01,,JP1,2022-present,hex_point_on_surface,assigned,https://gis.wilco.org/arcgis/rest/services/public/adopted_county_precincts/MapServer/0/query?where=1%3D1&outFields=PCT_NUMBER&returnGeometry=true&outSR=4326&f=geojson
2766,89489e25c77ffff,2022-01-01,,JP1,2022-present,hex_point_on_surface,assigned,https://gis.wilco.org/arcgis/rest/services/public/adopted_county_precincts/MapServer/0/query?where=1%3D1&outFields=PCT_NUMBER&returnGeometry=true&outSR=4326&f=geojson
2767,89489e25c7bffff,2022-01-01,,JP1,2022-present,hex_point_on_surface,assigned,https://gis.wilco.org/arcgis/rest/services/public/adopted_county_precincts/MapServer/0/query?where=1%3D1&outFields=PCT_NUMBER&returnGeometry=true&outSR=4326&f=geojson
2768,89489e25c83ffff,2022-01-01,,JP1,2022-present,hex_point_on_surface,assigned,https://gis.wilco.org/arcgis/rest/services/public/adopted_county_precincts/MapServer/0/query?where=1%3D1&outFields=PCT_NUMBER&returnGeometry=true&outSR=4326&f=geojson
2769,89489e25c87ffff,2022-01-01,,JP1,2022-present,hex_point_on_surface,assigned,https://gis.wilco.org/arcgis/rest/services/public/adopted_county_precincts/MapServer/0/query?where=1%3D1&outFields=PCT_NUMBER&returnGeometry=true&outSR=4326&f=geojson
2770,89489e25c8bffff,2022-01-01,,JP1,2022-present,hex_point_on_surface,assigned,https://gis.wilco.org/arcgis/rest/services/public/adopted_county_precincts/MapServer/0/query?where=1%3D1&outFields=PCT_NUMBER&returnGeometry=true&outSR=4326&f=geojson
2771,89489e25c8fffff,2022-01-01,,JP1,2022-present,hex_point_on_surface,assigned,https://gis.wilco.org/arcgis/rest/services/public/adopted_county_precincts/MapServer/0/query?where=1%3D1&outFields=PCT_NUMBER&returnGeometry=true&outSR=4326&f=geojson
2772,89489e25c93ffff,2022-01-01,,JP1,2022-present,hex_point_on_surface,assigned,https://gis.wilco.org/arcgis/rest/services/public/adopted_county_precincts/MapServer/0/query?where=1%3D1&outFields=PCT_NUMBER&returnGeometry=true&outSR=4326&f=geojson
2773,89489e25c97ffff,2022-01-01,,JP1,2022-present,hex_point_on_surface,assigned,https://gis.wilco.org/arcgis/rest/services/public/adopted_county_precincts/MapServer/0/query?where=1%3D1&outFields=PCT_NUMBER&returnGeometry=true&outSR=4326&f=geojson
2774,89489e25c9bffff,2022-01-01,,JP1,2022-present,hex_point_on_surface,assigned,https://gis.wilco.org/arcgis/rest/services/public/adopted_county_precincts/MapServer/0/query?where=1%3D1&outFields=PCT_NUMBER&returnGeometry=true&outSR=4326&f=geojson
2775,89489e25ca3ffff,2022-01-01,,JP1,2022-present,hex_point_on_surface,assigned,https://gis.wilco.org/arcgis/rest/services/public/adopted_county_precincts/MapServer/0/query?where=1%3D1&outFields=PCT_NUMBER&returnGeometry=true&outSR=4326&f=geojson
2776,89489e25ca7ffff,2022-01-01,,JP1,2022-present,hex_point_on_surface,assigned,https://gis.wilco.org/arcgis/rest/services/public/adopted_county_precincts/MapServer/0/query?where=1%3D1&outFields=PCT_NUMBER&returnGeometry=true&outSR=4326&f=geojson
2777,89489e25cabffff,2022-01-01,,JP1,2022-present,hex_point_on_surface,assigned,https://gis.wilco.org/arcgis/rest/services/public/adopted_county_precincts/MapServer/0/query?where=1%3D1&outFields=PCT_NUMBER&returnGeometry=true&outSR=4326&f=geojson
2778,89489e25cb3ffff,2022-01-01,,JP1,2022-present,hex_point_on_surface,assigned,https://gis.wilco.org/arcgis/rest/services/public/adopted_county_precincts/MapServer/0/query?where=1%3D1&outFields=PCT_NUMBER&returnGeometry=true&outSR=4326&f=geojson
2779,89489e25cb7ffff,2022-01-01,,JP1,2022-present,hex_point_on_surface,assigned,https://gis.wilco.org/arcgis/rest/services/public/adopted_county_precincts/MapServer/0/query?where=1%3D1&outFields=PCT_NUMBER&returnGeometry=true&outSR=4326&f=geojson
2780,89489e25cbbffff,2022-01-01,,JP1,2022-present,hex_point_on_surface,assigned,https://gis.wilco.org/arcgis/rest/services/public/adopted_county_precincts/MapServer/0/query?where=1%3D1&outFields=PCT_NUMBER&returnGeometry=true&outSR=4326&f=geojson
2781,89489e25cc3ffff,2022-01-01,,JP1,2022-present,hex_point_on_surface,assigned,https://gis.wilco.org/arcgis/rest/services/public/adopted_county_precincts/MapServer/0/query?where=1%3D1&outFields=PCT_NUMBER&returnGeometry=true&outSR=4326&f=geojson
2782,89489e25cc7ffff,2022-01-01,,JP1,2022-present,hex_point_on_surface,assigned,https://gis.wilco.org/arcgis/rest/services/public/adopted_county_precincts/MapServer/0/query?where=1%3D1&outFields=PCT_NUMBER&returnGeometry=true&outSR=4326&f=geojson
2783,89489e25ccbffff,2022-01-01,,JP1,2022-present,hex_point_on_surface,assigned,https://gis.wilco.org/arcgis/rest/services/public/adopted_county_precincts/MapServer/0/query?where=1%3D1&outFields=PCT_NUMBER&returnGeometry=true&outSR=4326&f=geojson
2784,89489e25ccfffff,2022-01-01,,JP1,2022-present,hex_point_on_surface,assigned,https://gis.wilco.org/arcgis/rest/services/public/adopted_county_precincts/MapServer/0/query?where=1%3D1&outFields=PCT_NUMBER&returnGeometry=true&outSR=4326&f=geojson
2785,89489e25cd3ffff,2022-01-01,,JP1,2022-present,hex_point_on_surface,assigned,https://gis.wilco.org/arcgis/rest/services/public/adopted_county_precincts/MapServer/0/query?where=1%3D1&outFields=PCT_NUMBER&returnGeometry=true&outSR=4326&f=geojson
2786,89489e25cd7ffff,2022-01-01,,JP1,2022-present,hex_point_on_surface,assigned,https://gis.wilco.org/arcgis/rest/services/public/adopted_county_precincts/MapServer/0/query?where=1%3D1&outFields=PCT_NUMBER&returnGeometry=true&outSR=4326&f=geojson
2787,89489e25cdbffff,2022-01-01,,JP1,2022-present,hex_point_on_surface,assigned,https://gis.wilco.org/arcgis/rest/services/public/adopted_county_precincts/MapServer/0/query?where=1%3D1&outFields=PCT_NUMBER&returnGeometry=true&outSR=4326&f=geojson
2788,89489e25d13ffff,2022-01-01,,JP3,2022-present,hex_point_on_surface,assigned,https://gis.wilco.org/arcgis/rest/services/public/adopted_county_precincts/MapServer/0/query?where=1%3D1&outFields=PCT_NUMBER&returnGeometry=true&outSR=4326&f=geojson
2789,89489e25d5bffff,2022-01-01,,JP3,2022-present,hex_point_on_surface,assigned,https://gis.wilco.org/arcgis/rest/services/public/adopted_county_precincts/MapServer/0/query?where=1%3D1&outFields=PCT_NUMBER&returnGeometry=true&outSR=4326&f=geojson
2790,89489e25d83ffff,2022-01-01,,JP3,2022-present,hex_point_on_surface,assigned,https://gis.wilco.org/arcgis/rest/services/public/adopted_county_precincts/MapServer/0/query?where=1%3D1&outFields=PCT_NUMBER&returnGeometry=true&outSR=4326&f=geojson
2791,89489e25d87ffff,2022-01-01,,JP3,2022-present,hex_point_on_surface,assigned,https://gis.wilco.org/arcgis/rest/services/public/adopted_county_precincts/MapServer/0/query?where=1%3D1&outFields=PCT_NUMBER&returnGeometry=true&outSR=4326&f=geojson
2792,89489e25d8bffff,2022-01-01,,JP3,2022-present,hex_point_on_surface,assigned,https://gis.wilco.org/arcgis/rest/services/public/adopted_county_precincts/MapServer/0/query?where=1%3D1&outFields=PCT_NUMBER&returnGeometry=true&outSR=4326&f=geojson
2793,89489e25d8fffff,2022-01-01,,JP3,2022-present,hex_point_on_surface,assigned,https://gis.wilco.org/arcgis/rest/services/public/adopted_county_precincts/MapServer/0/query?where=1%3D1&outFields=PCT_NUMBER&returnGeometry=true&outSR=4326&f=geojson
2794,89489e25d93ffff,2022-01-01,,JP1,2022-present,hex_point_on_surface,assigned,https://gis.wilco.org/arcgis/rest/services/public/adopted_county_precincts/MapServer/0/query?where=1%3D1&outFields=PCT_NUMBER&returnGeometry=true&outSR=4326&f=geojson
2795,89489e25d97ffff,2022-01-01,,JP3,2022-present,hex_point_on_surface,assigned,https://gis.wilco.org/arcgis/rest/services/public/adopted_county_precincts/MapServer/0/query?where=1%3D1&outFields=PCT_NUMBER&returnGeometry=true&outSR=4326&f=geojson
2796,89489e25d9bffff,2022-01-01,,JP1,2022-present,hex_point_on_surface,assigned,https://gis.wilco.org/arcgis/rest/services/public/adopted_county_precincts/MapServer/0/query?where=1%3D1&outFields=PCT_NUMBER&returnGeometry=true&outSR=4326&f=geojson
2797,89489e25db3ffff,2022-01-01,,JP3,2022-present,hex_point_on_surface,assigned,https://gis.wilco.org/arcgis/rest/services/public/adopted_county_precincts/MapServer/0/query?where=1%3D1&outFields=PCT_NUMBER&returnGeometry=true&outSR=4326&f=geojson
2798,89489e25dbbffff,2022-01-01,,JP3,2022-present,hex_point_on_surface,assigned,https://gis.wilco.org/arcgis/rest/services/public/adopted_county_precincts/MapServer/0/query?where=1%3D1&outFields=PCT_NUMBER&returnGeometry=true&outSR=4326&f=geojson
2799,89489e25dc3ffff,2022-01-01,,JP3,2022-present,hex_point_on_surface,assigned,https://gis.wilco.org/arcgis/rest/services/public/adopted_county_precincts/MapServer/0/query?where=1%3D1&outFields=PCT_NUMBER&returnGeometry=true&outSR=4326&f=geojson
2800,89489e25dd3ffff,2022-01-01,,JP1,2022-present,hex_point_on_surface,assigned,https://gis.wilco.org/arcgis/rest/services/public/adopted_county_precincts/MapServer/0/query?where=1%3D1&outFields=PCT_NUMBER&returnGeometry=true&outSR=4326&f=geojson
2801,89489e25dd7ffff,2022-01-01,,JP1,2022-present,hex_point_on_surface,assigned,https://gis.wilco.org/arcgis/rest/services/public/adopted_county_precincts/MapServer/0/query?where=1%3D1&outFields=PCT_NUMBER&returnGeometry=true&outSR=4326&f=geojson
2802,89489e25e83ffff,2022-01-01,,JP1,2022-present,hex_point_on_surface,assigned,https://gis.wilco.org/arcgis/rest/services/public/adopted_county_precincts/MapServer/0/query?where=1%3D1&outFields=PCT_NUMBER&returnGeometry=true&outSR=4326&f=geojson
2803,89489e25e87ffff,2022-01-01,,JP1,2022-present,hex_point_on_surface,assigned,https://gis.wilco.org/arcgis/rest/services/public/adopted_county_precincts/MapServer/0/query?where=1%3D1&outFields=PCT_NUMBER&returnGeometry=true&outSR=4326&f=geojson
2804,89489e25e97ffff,2022-01-01,,JP1,2022-present,hex_point_on_surface,assigned,https://gis.wilco.org/arcgis/rest/services/public/adopted_county_precincts/MapServer/0/query?where=1%3D1&outFields=PCT_NUMBER&returnGeometry=true&outSR=4326&f=geojson
2805,89489e25eb3ffff,2022-01-01,,JP1,2022-present,hex_point_on_surface,assigned,https://gis.wilco.org/arcgis/rest/services/public/adopted_county_precincts/MapServer/0/query?where=1%3D1&outFields=PCT_NUMBER&returnGeometry=true&outSR=4326&f=geojson
2806,89489e25eb7ffff,2022-01-01,,JP1,2022-present,hex_point_on_surface,assigned,https://gis.wilco.org/arcgis/rest/services/public/adopted_county_precincts/MapServer/0/query?where=1%3D1&outFields=PCT_NUMBER&returnGeometry=true&outSR=4326&f=geojson
2807,89489e25ebbffff,2022-01-01,,JP1,2022-present,hex_point_on_surface,assigned,https://gis.wilco.org/arcgis/rest/services/public/adopted_county_precincts/MapServer/0/query?where=1%3D1&outFields=PCT_NUMBER&returnGeometry=true&outSR=4326&f=geojson
3148,89489e26867ffff,2022-01-01,,JP1,2022-present,hex_point_on_surface,assigned,https://gis.wilco.org/arcgis/rest/services/public/adopted_county_precincts/MapServer/0/query?where=1%3D1&outFields=PCT_NUMBER&returnGeometry=true&outSR=4326&f=geojson
3150,89489e2686fffff,2022-01-01,,JP1,2022-present,hex_point_on_surface,assigned,https://gis.wilco.org/arcgis/rest/services/public/adopted_county_precincts/MapServer/0/query?where=1%3D1&outFields=PCT_NUMBER&returnGeometry=true&outSR=4326&f=geojson
3182,89489e2694bffff,2022-01-01,,JP1,2022-present,hex_point_on_surface,assigned,https://gis.wilco.org/arcgis/rest/services/public/adopted_county_precincts/MapServer/0/query?where=1%3D1&outFields=PCT_NUMBER&returnGeometry=true&outSR=4326&f=geojson
3183,89489e2694fffff,2022-01-01,,JP1,2022-present,hex_point_on_surface,assigned,https://gis.wilco.org/arcgis/rest/services/public/adopted_county_precincts/MapServer/0/query?where=1%3D1&outFields=PCT_NUMBER&returnGeometry=true&outSR=4326&f=geojson
3196,89489e26a03ffff,2022-01-01,,JP1,2022-present,hex_point_on_surface,assigned,https://gis.wilco.org/arcgis/rest/services/public/adopted_county_precincts/MapServer/0/query?where=1%3D1&outFields=PCT_NUMBER&returnGeometry=true&outSR=4326&f=geojson
3197,89489e26a07ffff,2022-01-01,,JP1,2022-present,hex_point_on_surface,assigned,https://gis.wilco.org/arcgis/rest/services/public/adopted_county_precincts/MapServer/0/query?where=1%3D1&outFields=PCT_NUMBER&returnGeometry=true&outSR=4326&f=geojson
3198,89489e26a0bffff,2022-01-01,,JP1,2022-present,hex_point_on_surface,assigned,https://gis.wilco.org/arcgis/rest/services/public/adopted_county_precincts/MapServer/0/query?where=1%3D1&outFields=PCT_NUMBER&returnGeometry=true&outSR=4326&f=geojson
3199,89489e26a0fffff,2022-01-01,,JP1,2022-present,hex_point_on_surface,assigned,https://gis.wilco.org/arcgis/rest/services/public/adopted_county_precincts/MapServer/0/query?where=1%3D1&outFields=PCT_NUMBER&returnGeometry=true&outSR=4326&f=geojson
3201,89489e26a17ffff,2022-01-01,,JP1,2022-present,hex_point_on_surface,assigned,https://gis.wilco.org/arcgis/rest/services/public/adopted_county_precincts/MapServer/0/query?where=1%3D1&outFields=PCT_NUMBER&returnGeometry=true&outSR=4326&f=geojson
3202,89489e26a1bffff,2022-01-01,,JP1,2022-present,hex_point_on_surface,assigned,https://gis.wilco.org/arcgis/rest/services/public/adopted_county_precincts/MapServer/0/query?where=1%3D1&outFields=PCT_NUMBER&returnGeometry=true&outSR=4326&f=geojson
3203,89489e26a23ffff,2022-01-01,,JP1,2022-present,hex_point_on_surface,assigned,https://gis.wilco.org/arcgis/rest/services/public/adopted_county_precincts/MapServer/0/query?where=1%3D1&outFields=PCT_NUMBER&returnGeometry=true&outSR=4326&f=geojson
3204,89489e26a27ffff,2022-01-01,,JP1,2022-present,hex_point_on_surface,assigned,https://gis.wilco.org/arcgis/rest/services/public/adopted_county_precincts/MapServer/0/query?where=1%3D1&outFields=PCT_NUMBER&returnGeometry=true&outSR=4326&f=geojson
3205,89489e26a2bffff,2022-01-01,,JP1,2022-present,hex_point_on_surface,assigned,https://gis.wilco.org/arcgis/rest/services/public/adopted_county_precincts/MapServer/0/query?where=1%3D1&outFields=PCT_NUMBER&returnGeometry=true&outSR=4326&f=geojson
3206,89489e26a2fffff,2022-01-01,,JP1,2022-present,hex_point_on_surface,assigned,https://gis.wilco.org/arcgis/rest/services/public/adopted_county_precincts/MapServer/0/query?where=1%3D1&outFields=PCT_NUMBER&returnGeometry=true&outSR=4326&f=geojson
3207,89489e26a33ffff,2022-01-01,,JP1,2022-present,hex_point_on_surface,assigned,https://gis.wilco.org/arcgis/rest/services/public/adopted_county_precincts/MapServer/0/query?where=1%3D1&outFields=PCT_NUMBER&returnGeometry=true&outSR=4326&f=geojson
3208,89489e26a37ffff,2022-01-01,,JP1,2022-present,hex_point_on_surface,assigned,https://gis.wilco.org/arcgis/rest/services/public/adopted_county_precincts/MapServer/0/query?where=1%3D1&outFields=PCT_NUMBER&returnGeometry=true&outSR=4326&f=geojson
3209,89489e26a3bffff,2022-01-01,,JP1,2022-present,hex_point_on_surface,assigned,https://gis.wilco.org/arcgis/rest/services/public/adopted_county_precincts/MapServer/0/query?where=1%3D1&outFields=PCT_NUMBER&returnGeometry=true&outSR=4326&f=geojson
3210,89489e26a43ffff,2022-01-01,,JP1,2022-present,hex_point_on_surface,assigned,https://gis.wilco.org/arcgis/rest/services/public/adopted_county_precincts/MapServer/0/query?where=1%3D1&outFields=PCT_NUMBER&returnGeometry=true&outSR=4326&f=geojson
3211,89489e26a47ffff,2022-01-01,,JP1,2022-present,hex_point_on_surface,assigned,https://gis.wilco.org/arcgis/rest/services/public/adopted_county_precincts/MapServer/0/query?where=1%3D1&outFields=PCT_NUMBER&returnGeometry=true&outSR=4326&f=geojson
3212,89489e26a4bffff,2022-01-01,,JP1,2022-present,hex_point_on_surface,assigned,https://gis.wilco.org/arcgis/rest/services/public/adopted_county_precincts/MapServer/0/query?where=1%3D1&outFields=PCT_NUMBER&returnGeometry=true&outSR=4326&f=geojson
3213,89489e26a4fffff,2022-01-01,,JP1,2022-present,hex_point_on_surface,assigned,https://gis.wilco.org/arcgis/rest/services/public/adopted_county_precincts/MapServer/0/query?where=1%3D1&outFields=PCT_NUMBER&returnGeometry=true&outSR=4326&f=geojson
3214,89489e26a53ffff,2022-01-01,,JP1,2022-present,hex_point_on_surface,assigned,https://gis.wilco.org/arcgis/rest/services/public/adopted_county_precincts/MapServer/0/query?where=1%3D1&outFields=PCT_NUMBER&returnGeometry=true&outSR=4326&f=geojson
3215,89489e26a57ffff,2022-01-01,,JP1,2022-present,hex_point_on_surface,assigned,https://gis.wilco.org/arcgis/rest/services/public/adopted_county_precincts/MapServer/0/query?where=1%3D1&outFields=PCT_NUMBER&returnGeometry=true&outSR=4326&f=geojson
3216,89489e26a5bffff,2022-01-01,,JP1,2022-present,hex_point_on_surface,assigned,https://gis.wilco.org/arcgis/rest/services/public/adopted_county_precincts/MapServer/0/query?where=1%3D1&outFields=PCT_NUMBER&returnGeometry=true&outSR=4326&f=geojson
3217,89489e26a73ffff,2022-01-01,,JP1,2022-present,hex_point_on_surface,assigned,https://gis.wilco.org/arcgis/rest/services/public/adopted_county_precincts/MapServer/0/query?where=1%3D1&outFields=PCT_NUMBER&returnGeometry=true&outSR=4326&f=geojson
3218,89489e26a77ffff,2022-01-01,,JP1,2022-present,hex_point_on_surface,assigned,https://gis.wilco.org/arcgis/rest/services/public/adopted_county_precincts/MapServer/0/query?where=1%3D1&outFields=PCT_NUMBER&returnGeometry=true&outSR=4326&f=geojson
3219,89489e26a7bffff,2022-01-01,,JP1,2022-present,hex_point_on_surface,assigned,https://gis.wilco.org/arcgis/rest/services/public/adopted_county_precincts/MapServer/0/query?where=1%3D1&outFields=PCT_NUMBER&returnGeometry=true&outSR=4326&f=geojson
3228,89489e26aa7ffff,2022-01-01,,JP1,2022-present,hex_point_on_surface,assigned,https://gis.wilco.org/arcgis/rest/services/public/adopted_county_precincts/MapServer/0/query?where=1%3D1&outFields=PCT_NUMBER&returnGeometry=true&outSR=4326&f=geojson
3229,89489e26aabffff,2022-01-01,,JP1,2022-present,hex_point_on_surface,assigned,https://gis.wilco.org/arcgis/rest/services/public/adopted_county_precincts/MapServer/0/query?where=1%3D1&outFields=PCT_NUMBER&returnGeometry=true&outSR=4326&f=geojson
3230,89489e26aafffff,2022-01-01,,JP1,2022-present,hex_point_on_surface,assigned,https://gis.wilco.org/arcgis/rest/services/public/adopted_county_precincts/MapServer/0/query?where=1%3D1&outFields=PCT_NUMBER&returnGeometry=true&outSR=4326&f=geojson
3236,89489e26acbffff,2022-01-01,,JP1,2022-present,hex_point_on_surface,assigned,https://gis.wilco.org/arcgis/rest/services/public/adopted_county_precincts/MapServer/0/query?where=1%3D1&outFields=PCT_NUMBER&returnGeometry=true&outSR=4326&f=geojson
3237,89489e26acfffff,2022-01-01,,JP1,2022-present,hex_point_on_surface,assigned,https://gis.wilco.org/arcgis/rest/services/public/adopted_county_precincts/MapServer/0/query?where=1%3D1&outFields=PCT_NUMBER&returnGeometry=true&outSR=4326&f=geojson
3241,89489e26b03ffff,2022-01-01,,JP1,2022-present,hex_point_on_surface,assigned,https://gis.wilco.org/arcgis/rest/services/public/adopted_county_precincts/MapServer/0/query?where=1%3D1&outFields=PCT_NUMBER&returnGeometry=true&outSR=4326&f=geojson
3242,89489e26b07ffff,2022-01-01,,JP1,2022-present,hex_point_on_surface,assigned,https://gis.wilco.org/arcgis/rest/services/public/adopted_county_precincts/MapServer/0/query?where=1%3D1&outFields=PCT_NUMBER&returnGeometry=true&outSR=4326&f=geojson
3243,89489e26b0bffff,2022-01-01,,JP1,2022-present,hex_point_on_surface,assigned,https://gis.wilco.org/arcgis/rest/services/public/adopted_county_precincts/MapServer/0/query?where=1%3D1&outFields=PCT_NUMBER&returnGeometry=true&outSR=4326&f=geojson
3244,89489e26b0fffff,2022-01-01,,JP1,2022-present,hex_point_on_surface,assigned,https://gis.wilco.org/arcgis/rest/services/public/adopted_county_precincts/MapServer/0/query?where=1%3D1&outFields=PCT_NUMBER&returnGeometry=true&outSR=4326&f=geojson
3245,89489e26b13ffff,2022-01-01,,JP1,2022-present,hex_point_on_surface,assigned,https://gis.wilco.org/arcgis/rest/services/public/adopted_county_precincts/MapServer/0/query?where=1%3D1&outFields=PCT_NUMBER&returnGeometry=true&outSR=4326&f=geojson
3246,89489e26b17ffff,2022-01-01,,JP1,2022-present,hex_point_on_surface,assigned,https://gis.wilco.org/arcgis/rest/services/public/adopted_county_precincts/MapServer/0/query?where=1%3D1&outFields=PCT_NUMBER&returnGeometry=true&outSR=4326&f=geojson
3247,89489e26b1bffff,2022-01-01,,JP1,2022-present,hex_point_on_surface,assigned,https://gis.wilco.org/arcgis/rest/services/public/adopted_county_precincts/MapServer/0/query?where=1%3D1&outFields=PCT_NUMBER&returnGeometry=true&outSR=4326&f=geojson
3248,89489e26b2bffff,2022-01-01,,JP1,2022-present,hex_point_on_surface,assigned,https://gis.wilco.org/arcgis/rest/services/public/adopted_county_precincts/MapServer/0/query?where=1%3D1&outFields=PCT_NUMBER&returnGeometry=true&outSR=4326&f=geojson
3249,89489e26b43ffff,2022-01-01,,JP1,2022-present,hex_point_on_surface,assigned,https://gis.wilco.org/arcgis/rest/services/public/adopted_county_precincts/MapServer/0/query?where=1%3D1&outFields=PCT_NUMBER&returnGeometry=true&outSR=4326&f=geojson
3250,89489e26b47ffff,2022-01-01,,JP1,2022-present,hex_point_on_surface,assigned,https://gis.wilco.org/arcgis/rest/services/public/adopted_county_precincts/MapServer/0/query?where=1%3D1&outFields=PCT_NUMBER&returnGeometry=true&outSR=4326&f=geojson
3251,89489e26b4bffff,2022-01-01,,JP1,2022-present,hex_point_on_surface,assigned,https://gis.wilco.org/arcgis/rest/services/public/adopted_county_precincts/MapServer/0/query?where=1%3D1&outFields=PCT_NUMBER&returnGeometry=true&outSR=4326&f=geojson
3252,89489e26b4fffff,2022-01-01,,JP1,2022-present,hex_point_on_surface,assigned,https://gis.wilco.org/arcgis/rest/services/public/adopted_county_precincts/MapServer/0/query?where=1%3D1&outFields=PCT_NUMBER&returnGeometry=true&outSR=4326&f=geojson
3253,89489e26b53ffff,2022-01-01,,JP1,2022-present,hex_point_on_surface,assigned,https://gis.wilco.org/arcgis/rest/services/public/adopted_county_precincts/MapServer/0/query?where=1%3D1&outFields=PCT_NUMBER&returnGeometry=true&outSR=4326&f=geojson
3254,89489e26b57ffff,2022-01-01,,JP1,2022-present,hex_point_on_surface,assigned,https://gis.wilco.org/arcgis/rest/services/public/adopted_county_precincts/MapServer/0/query?where=1%3D1&outFields=PCT_NUMBER&returnGeometry=true&outSR=4326&f=geojson
3255,89489e26b5bffff,2022-01-01,,JP1,2022-present,hex_point_on_surface,assigned,https://gis.wilco.org/arcgis/rest/services/public/adopted_county_precincts/MapServer/0/query?where=1%3D1&outFields=PCT_NUMBER&returnGeometry=true&outSR=4326&f=geojson
3256,89489e26b63ffff,2022-01-01,,JP1,2022-present,hex_point_on_surface,assigned,https://gis.wilco.org/arcgis/rest/services/public/adopted_county_precincts/MapServer/0/query?where=1%3D1&outFields=PCT_NUMBER&returnGeometry=true&outSR=4326&f=geojson
3257,89489e26b67ffff,2022-01-01,,JP1,2022-present,hex_point_on_surface,assigned,https://gis.wilco.org/arcgis/rest/services/public/adopted_county_precincts/MapServer/0/query?where=1%3D1&outFields=PCT_NUMBER&returnGeometry=true&outSR=4326&f=geojson
3258,89489e26b6bffff,2022-01-01,,JP1,2022-present,hex_point_on_surface,assigned,https://gis.wilco.org/arcgis/rest/services/public/adopted_county_precincts/MapServer/0/query?where=1%3D1&outFields=PCT_NUMBER&returnGeometry=true&outSR=4326&f=geojson
3259,89489e26b6fffff,2022-01-01,,JP1,2022-present,hex_point_on_surface,assigned,https://gis.wilco.org/arcgis/rest/services/public/adopted_county_precincts/MapServer/0/query?where=1%3D1&outFields=PCT_NUMBER&returnGeometry=true&outSR=4326&f=geojson
3260,89489e26b73ffff,2022-01-01,,JP1,2022-present,hex_point_on_surface,assigned,https://gis.wilco.org/arcgis/rest/services/public/adopted_county_precincts/MapServer/0/query?where=1%3D1&outFields=PCT_NUMBER&returnGeometry=true&outSR=4326&f=geojson
3261,89489e26b77ffff,2022-01-01,,JP1,2022-present,hex_point_on_surface,assigned,https://gis.wilco.org/arcgis/rest/services/public/adopted_county_precincts/MapServer/0/query?where=1%3D1&outFields=PCT_NUMBER&returnGeometry=true&outSR=4326&f=geojson
3262,89489e26b7bffff,2022-01-01,,JP1,2022-present,hex_point_on_surface,assigned,https://gis.wilco.org/arcgis/rest/services/public/adopted_county_precincts/MapServer/0/query?where=1%3D1&outFields=PCT_NUMBER&returnGeometry=true&outSR=4326&f=geojson
3263,89489e26b83ffff,2022-01-01,,JP1,2022-present,hex_point_on_surface,assigned,https://gis.wilco.org/arcgis/rest/services/public/adopted_county_precincts/MapServer/0/query?where=1%3D1&outFields=PCT_NUMBER&returnGeometry=true&outSR=4326&f=geojson
3264,89489e26b87ffff,2022-01-01,,JP1,2022-present,hex_point_on_surface,assigned,https://gis.wilco.org/arcgis/rest/services/public/adopted_county_precincts/MapServer/0/query?where=1%3D1&outFields=PCT_NUMBER&returnGeometry=true&outSR=4326&f=geojson
3265,89489e26b8bffff,2022-01-01,,JP1,2022-present,hex_point_on_surface,assigned,https://gis.wilco.org/arcgis/rest/services/public/adopted_county_precincts/MapServer/0/query?where=1%3D1&outFields=PCT_NUMBER&returnGeometry=true&outSR=4326&f=geojson
3266,89489e26b8fffff,2022-01-01,,JP1,2022-present,hex_point_on_surface,assigned,https://gis.wilco.org/arcgis/rest/services/public/adopted_county_precincts/MapServer/0/query?where=1%3D1&outFields=PCT_NUMBER&returnGeometry=true&outSR=4326&f=geojson
3267,89489e26b93ffff,2022-01-01,,JP1,2022-present,hex_point_on_surface,assigned,https://gis.wilco.org/arcgis/rest/services/public/adopted_county_precincts/MapServer/0/query?where=1%3D1&outFields=PCT_NUMBER&returnGeometry=true&outSR=4326&f=geojson
3268,89489e26b97ffff,2022-01-01,,JP1,2022-present,hex_point_on_surface,assigned,https://gis.wilco.org/arcgis/rest/services/public/adopted_county_precincts/MapServer/0/query?where=1%3D1&outFields=PCT_NUMBER&returnGeometry=true&outSR=4326&f=geojson
3269,89489e26b9bffff,2022-01-01,,JP1,2022-present,hex_point_on_surface,assigned,https://gis.wilco.org/arcgis/rest/services/public/adopted_county_precincts/MapServer/0/query?where=1%3D1&outFields=PCT_NUMBER&returnGeometry=true&outSR=4326&f=geojson
3270,89489e26ba3ffff,2022-01-01,,JP1,2022-present,hex_point_on_surface,assigned,https://gis.wilco.org/arcgis/rest/services/public/adopted_county_precincts/MapServer/0/query?where=1%3D1&outFields=PCT_NUMBER&returnGeometry=true&outSR=4326&f=geojson
3271,89489e26babffff,2022-01-01,,JP1,2022-present,hex_point_on_surface,assigned,https://gis.wilco.org/arcgis/rest/services/public/adopted_county_precincts/MapServer/0/query?where=1%3D1&outFields=PCT_NUMBER&returnGeometry=true&outSR=4326&f=geojson
3272,89489e26bb3ffff,2022-01-01,,JP1,2022-present,hex_point_on_surface,assigned,https://gis.wilco.org/arcgis/rest/services/public/adopted_county_precincts/MapServer/0/query?where=1%3D1&outFields=PCT_NUMBER&returnGeometry=true&outSR=4326&f=geojson
3273,89489e26bbbffff,2022-01-01,,JP1,2022-present,hex_point_on_surface,assigned,https://gis.wilco.org/arcgis/rest/services/public/adopted_county_precincts/MapServer/0/query?where=1%3D1&outFields=PCT_NUMBER&returnGeometry=true&outSR=4326&f=geojson
3274,89489e26bc3ffff,2022-01-01,,JP1,2022-present,hex_point_on_surface,assigned,https://gis.wilco.org/arcgis/rest/services/public/adopted_county_precincts/MapServer/0/query?where=1%3D1&outFields=PCT_NUMBER&returnGeometry=true&outSR=4326&f=geojson
3275,89489e26bc7ffff,2022-01-01,,JP1,2022-present,hex_point_on_surface,assigned,https://gis.wilco.org/arcgis/rest/services/public/adopted_county_precincts/MapServer/0/query?where=1%3D1&outFields=PCT_NUMBER&returnGeometry=true&outSR=4326&f=geojson
3276,89489e26bcbffff,2022-01-01,,JP1,2022-present,hex_point_on_surface,assigned,https://gis.wilco.org/arcgis/rest/services/public/adopted_county_precincts/MapServer/0/query?where=1%3D1&outFields=PCT_NUMBER&returnGeometry=true&outSR=4326&f=geojson
3277,89489e26bcfffff,2022-01-01,,JP1,2022-present,hex_point_on_surface,assigned,https://gis.wilco.org/arcgis/rest/services/public/adopted_county_precincts/MapServer/0/query?where=1%3D1&outFields=PCT_NUMBER&returnGeometry=true&outSR=4326&f=geojson
3278,89489e26bd3ffff,2022-01-01,,JP1,2022-present,hex_point_on_surface,assigned,https://gis.wilco.org/arcgis/rest/services/public/adopted_county_precincts/MapServer/0/query?where=1%3D1&outFields=PCT_NUMBER&returnGeometry=true&outSR=4326&f=geojson
3279,89489e26bd7ffff,2022-01-01,,JP1,2022-present,hex_point_on_surface,assigned,https://gis.wilco.org/arcgis/rest/services/public/adopted_county_precincts/MapServer/0/query?where=1%3D1&outFields=PCT_NUMBER&returnGeometry=true&outSR=4326&f=geojson
3280,89489e26bdbffff,2022-01-01,,JP1,2022-present,hex_point_on_surface,assigned,https://gis.wilco.org/arcgis/rest/services/public/adopted_county_precincts/MapServer/0/query?where=1%3D1&outFields=PCT_NUMBER&returnGeometry=true&outSR=4326&f=geojson
